:020000040800F2
:1000000048C5002039030008598D0008D561000853
:10001000A98B00088D0F000865DC000800000000B7
:10002000000000000000000000000000790200084D
:100030008923000800000000D502000811B4000860
:100040005303000853030008530300085303000838
:100050005303000853030008F32300085303000868
:1000600053030008F9230008FF2300085303000886
:100070002D20000853030008530300085303000811
:1000800053030008530300085303000853030008F8
:10009000B10F0008530300085303000805240008AB
:1000A00053030008530300085303000853030008D8
:1000B000E1B40008EDB4000853030008530300083E
:1000C00053030008530300085303000853030008B8
:1000D00053030008530300085303000839BF000806
:1000E0005303000853030008530300085303000898
:1000F0005303000853030008530300085303000888
:100100005303000853030008530300085303000877
:100110005303000853030008530300085303000867
:10012000530300083920000845200008512000082A
:100130005303000853030008530300085303000847
:1001400053030008BD0F000853030008958F0008F3
:100150005D200008692000087520000845BF0008E0
:100160005303000853030008530300085303000817
:100170005303000853030008530300080000000065
:10018000530300085303000800F002F800F064F87D
:100190000AA090E8000C82448344AAF10107DA45E2
:1001A00001D100F059F8AFF2090EBAE80F0013F0D0
:1001B000010F18BFFB1A43F001031847B82A0100CA
:1001C000D82A010010F8013B0A4413F0030408BFC9
:1001D00010F8014B1D1108BF10F8015B641E05D01B
:1001E00010F8016B641E01F8016BF9D1002D15D0D8
:1001F00010F8014B03F00C030C2BA1EB04040ABF15
:1002000010F8013BA4EB8314A4EB032405F10103D4
:1002100014F8016B5B1E01F8016BF9D5914238BFF0
:1002200010F8013BD1D3704700230024002500269D
:10023000103A28BF78C1FBD8520728BF30C148BF49
:100240000B6070471FB511F06AFE9DE8030000F0D7
:1002500047FA1FBD10B510BD00F0AEFA1146FFF70A
:10026000F1FF0FF033FC00F0CCFA03B4FFF7F2FF1C
:1002700003BC00F0FDFA00002C4B19680868B0E8D8
:10028000F04F80F30988BFF36F8F4FF0000080F3C9
:10029000118870470000000008480068006880F37B
:1002A00008884FF0000080F3148862B661B6BFF38F
:1002B0004F8FBFF36F8F00DF00BF00BF08ED00E07E
:1002C000DFF80C00016841F470010160704700BF65
:1002D00088ED00E0EFF30980BFF36F8F134B1A68CE
:1002E0001EF0100F08BF20ED108A20E9F04F1060BB
:1002F00009B44FF0500080F31188BFF34F8FBFF364
:100300006F8F10F0FBFA4FF0000080F3118809BCEA
:1003100019680868B0E8F04F1EF0100F08BFB0EC85
:10032000108A80F30988BFF36F8F70479800002010
:10033000EFF30580704700000948804709480047EF
:10034000FEE7FEE7FEE7FEE7FEE7FEE7FEE7FEE785
:10035000FEE7FEE704480549054A064B70470000E2
:10036000D1B400088901000848B1002048C5002028
:1003700048C1002048C1002070B5064600F094F93D
:10038000056806F10B0020F00704B4429CBF002072
:1003900070BD2B466A68BAB11068A04210D304F150
:1003A000080188423CBF5068586007D35168101953
:1003B00041601168091B016058601460101D70BD18
:1003C00013465268002AE7D12146284600F074F906
:1003D0000028DED170BD70B50446051F00F064F939
:1003E0000068002C14BF446870BD002C18BFAC42DC
:1003F0003CBF20466468F8D301680A18AA4218BFB7
:10040000456003D12A6805461144016028684119F6
:10041000A1421CBF6C6070BD6168696021680844BE
:10042000286070BD53EA020C00F069802DE9F04BA2
:100430004FF00006002B1FBFB3FA83F503FA05F453
:1004400024FA05F65E4012BF1643B2FA82F502FAAC
:1004500005F4C5F120051EBF22FA05FC44EA0C0490
:10046000203556EA044C4FEA144418BF641C4FF080
:1004700000084FF00009904271EB030C39D30029BA
:1004800019BFB1FA81F701FA07F6B0FA80F700FA5E
:1004900007F6C7F120071EBF20FA07FC46EA0C0644
:1004A0002037B6FBF4FCA7EB0507103F07F01F0B46
:1004B000CBF120060CFA0BFB2CFA06F644BFB34630
:1004C0000026202FA4BF5E464FF0000B5BEA060C0F
:1004D00008BF4FF0010B19EB0B09ABFB027C48EB9B
:1004E0000608C01B06FB02CC0BFB03CC71EB0C0116
:1004F000C1E70B46024641464846BDE8F08B13B5BE
:100500004FF000004FF00001AFF30080BDE81C4049
:100510007047032A40F2308010F0030C00F0158081
:1005200011F8013BBCF1020F624498BF11F801CBF6
:1005300000F8013B38BF11F8013BA2F1040298BF5B
:1005400000F801CB38BF00F8013B11F0030300F0C5
:100550002580083AC0F0088051F8043B083A51F869
:1005600004CBA0E80810F5E7121D5CBF51F8043B6E
:1005700040F8043BAFF30080D20724BF11F8013BE1
:1005800011F801CB48BF11F8012B24BF00F8013B43
:1005900000F801CB48BF00F8012B704710B5203A96
:1005A000C0F00B80B1E81850203AA0E81850B1E82C
:1005B0001850A0E81850BFF4F5AF5FEA027C24BFE2
:1005C000B1E81850A0E8185044BF18C918C0BDE8D9
:1005D00010405FEA827C24BF51F8043B40F8043BA2
:1005E00008BF7047D20728BF31F8023B48BF11F857
:1005F000012B28BF20F8023B48BF00F8012B7047B1
:1006000002F0FF0343EA032242EA024200F002B88A
:100610004FF000020429C0F0128010F0030C00F02B
:100620001B80CCF1040CBCF1020F18BF00F8012BA9
:10063000A8BF20F8022BA1EB0C0100F00DB85FEA77
:10064000C17C24BF00F8012B00F8012B48BF00F843
:10065000012B70474FF0000200B5134694469646B2
:10066000203922BFA0E80C50A0E80C50B1F12001C5
:10067000BFF4F7AF090728BFA0E80C5048BF0CC073
:100680005DF804EB890028BF40F8042B08BF7047D1
:1006900048BF20F8022B11F0804F18BF00F8012B43
:1006A000704770477047704700487047ECB00020B3
:1006B000704770477047704738B504460A460020B7
:1006C0006946AFF30080002808BF38BD0246009994
:1006D000204600F04FF8012038BD012000F064B83A
:1006E000F8B5AFF30080054600200C46102000BF8F
:1006F0000646A819A0420DD9324669460020AFF33C
:100700000080070008BF00F04FF80098A04218BF13
:100710000546C419FFF7C8FF05600746F01D20F025
:1007200007004619284600F00AF8B44208BFF8BD91
:10073000A21B31463868BDE8F84000F01BB8002124
:100740000160C0E9011070471020704710B500F03B
:100750000DF8006810BD10B5044600F007F80460FD
:1007600010BD000000487047E4B00020004870470A
:10077000E4B00020034640688C46002818BF884239
:100780003CBF03464068F8D318681844884207D035
:100790000CF1030020F00700001D411A521A014617
:1007A000081D0A60FFF717BE10B500F039F8BDE864
:1007B000104000F02FB870477546FFF7D3FFAE46E4
:1007C00005006946534620F00700854618B020B55D
:1007D000FFF7C0FDBDE820404FF000064FF00007D6
:1007E0004FF000084FF0000B21F00701AC46ACE8D9
:1007F000C009ACE8C009ACE8C009ACE8C0098D4646
:10080000704710B50446AFF300802046BDE81040A5
:10081000FFF72BBD002801D000F02AB87047000078
:1008200010B5012805D0002103A000F027F8012011
:1008300010BD09A1F8E7000053494752544D454DFA
:100840003A204F7574206F662068656170206D6571
:100850006D6F7279000000003A2048656170206D6C
:10086000656D6F727920636F727275707465640064
:1008700001491820ABBEFEE72600020070B5054610
:100880000C460A2000E06D1C00F011F835B1287804
:100890000028F8D102E0641C00F009F814B12078B7
:1008A0000028F8D1BDE870400A20AFF3008008B5F9
:1008B00069468DF800000320ABBE08BDF0B5146892
:1008C00091F800E0DFF8C8C0324FA4680125324E2D
:1008D000BEF1000F43D0BC4211D2DFF8C0E0744536
:1008E0000DDA52689268BA4209D2724507DA90ED81
:1008F0001D0AB0EEC00A10EE100A604500DB0D7153
:100900001868284F284A90ED020A2548B0EEC00A20
:1009100010EE104A844208DB97ED000AB0EEC00AE0
:1009200010EE104A944200DB35705B6893ED020ACA
:10093000B0EEC00A10EE103A834208DB97ED120ABF
:10094000B0EEC00A10EE100A904200DB75703078ED
:10095000002803D07078002800D04D72F0BDBC4252
:1009600010D2124B9C420DDA52689268BA4209D2F8
:100970009A4207DA90ED1D0AB0EEC00A10EE100A96
:10098000604500DB0D710020307070704872F0BD62
:100990000000B442CDCC8CBFD70800209A991940F2
:1009A0006666A640E8A100209A99993ECDCC8C3F7E
:1009B00001221021014803F087B900000000024025
:1009C00000221021014803F07FB90000000002401E
:1009D00001221146014803F077B9000000040240EB
:1009E00000220121014803F06FB900000004024019
:1009F00070B50446FFF7E4FF922000F031F90622BB
:100A00006549122000F00EF9FFF7D2FF624DA5F103
:100A10001C0668782978000200B2084300EE100A2C
:100A2000D6ED030AB8EEC00A60EE200A94ED080A7B
:100A300060EE800AC4ED000AE878A978000200B2EE
:100A4000084300EE900AB8EEE01AD6ED030A21EE54
:100A5000201A21EE001A84ED011A68792979000222
:100A600000B2084301EE100A3081B8EEC11A61EEFF
:100A7000200A20EE800A84ED020AFFF7B1FF082267
:100A80002946002000F0CEF8FFF7A2FF28780F28B3
:100A90005AD1F078A9780028E8784FEA002000B20F
:100AA00040EA01002BD000EE100AD4ED090AB8EE9E
:100AB000C01A96ED040A51EE000AC4ED030A6879E3
:100AC0002979000200B2084300EE900A94ED0A1A58
:100AD000F8EEE00A10EE801A84ED041AE879A9799C
:100AE000000200B2084300EE900A308194ED0B1A28
:100AF000F8EEE00A10EE801A84ED051A24E000EE0C
:100B0000100AF8EEC00A96ED040A60EE800AC4ED01
:100B1000030A68792979000200B2084300EE900ABE
:100B2000F8EEE00A60EE800AC4ED040AE879A979DB
:100B3000000200B2084300EE900A3081F8EEE00AAD
:100B400020EE800A84ED050AFFF73AFFA22000F0AC
:100B500087F802221049222000F064F8FFF728FFEE
:100B600028786978C00040EA51103081B0F5806F74
:100B700002DBA0F500603081B6F90800B4EE001A7F
:100B800000EE100AF8EEC00AB3EE070A00EE810A82
:100B900084ED070A70BD0000C001002070B50D464D
:100BA0001749184C08600020A0700EF0CFFCA17807
:100BB0000843A0700EF05EFDA1780843A0701DB13F
:100BC000114800F09FFA18E00F489FED100A80EDE1
:100BD000090A9FED0F0A80ED0A0A9FED0E0A80EDCB
:100BE0000B0A9FED0D0A80ED0C0A9FED0C0A80EDBB
:100BF000080A9FED0B0A80ED060AA07870BD000080
:100C0000EC010020A40100200896002058A3653ABA
:100C10005BE555BBC3BD3F3BE9FF1A416F9E813F7A
:100C20000000204270B514460D4640F0800000F0F0
:100C300017F806E0552000F013F8641E05F8010BC4
:100C4000E4B2002CF6D170BD10B50C4640F0800027
:100C500000F006F8552000F003F8207010BD0000E9
:100C600001B582B04FF47A7000900548012301AAC3
:100C700002A9006804F0BAFA9DF804000EBD000055
:100C8000EC01002010B50C46FFF7EAFF2046BDE856
:100C90001040FFF7E5BF000010B506490120064CE3
:100CA000487002E001200EF053FF20780028F9D0B0
:100CB00010BD000024090020CE08002009F0F8BC77
:100CC000B6EE002A92ED020AB0EE421AD2ED030A05
:100CD00000EE401AD0ED001AD0ED013A00EEE01A15
:100CE00021EE213A92ED011AD2ED001A61EE002AAE
:100CF00041EEE02A61EE200A41EE800A02EEA33ABC
:100D000090ED020AF0EE002A00EE803A23EE220A6D
:100D100081ED000AD2ED010AD2ED021A92ED001A1D
:100D200092ED030A20EEA13AD0ED003A90ED014A8F
:100D300001EE003A23EE233AF0EE423A40EEE03A7A
:100D400040EE403A21EE800A01EE600A03EE843A5A
:100D5000D0ED020A00EE203A23EE220A81ED010ACC
:100D6000D2ED010AD2ED031A92ED020A92ED001AB9
:100D700020EEA13A60EE211AD0ED003A00EEE02A12
:100D800001EE403A41EE201A90ED011A00EE402AA1
:100D900023EE233A90ED020A01EE813A02EE003A88
:100DA00023EE220A81ED020A704700002DE9F05F70
:100DB0000F462DED048B80461C460178674815468A
:100DC0004FF0000A002971D098F8091000296ED060
:100DD0009FED630A814687ED030A0068DFF884B15E
:100DE0009FED619A614EB1EE088AFAEE0E8ADFED50
:100DF000609A20B1012823D002284DD141E0286813
:100E000090ED020AB0EEC01A11EE100A584508DB48
:100E1000F0EE490A554808F0C9F92168706B48603E
:100E200002E0206880ED018A2868524990ED000AAE
:100E3000B0EEC00A10EE100A88422DDB01201DE042
:100E400028684D4A90ED000AB0EEC00A10EE101A64
:100E500091420ADB90ED020ADFED480A434808F0B0
:100E6000A5F92168706B486002E02068C0ED018A36
:100E700028684349006888420EDC0220C9F8000057
:100E80000AE02868F0EE690A90ED020A374808F097
:100E90008DF92168706B48603448D9F80410AE3081
:100EA00031B1012927D002293CD130E050E04BE09C
:100EB000696891ED020AB0EEC01A11EE101A594598
:100EC00008DBF0EE490A08F071F96168D6F8E20033
:100ED000486002E0606880ED018A686890ED000A71
:100EE0002448B0EEC00A10EE101A81421ADB01212C
:100EF000C9F8041016E06068C0ED018A68680168EE
:100F00001F4881420EDC0220C9F804000AE069682B
:100F1000F0EE690A91ED020A08F048F96168D6F826
:100F2000E2004860D9F80010022909D1D9F804007C
:100F3000022805D188F800A09FED120A87ED030A68
:100F4000BDEC048BBDE8F09F9FED0F0A87ED030A0F
:100F5000C0F800A0C0F804A0F2E7000000090020DB
:100F6000CDCC4C3EC3F5A83FF6289C3F8EA4002074
:100F7000EC51383E9A99993F0000A03F295C8F3F81
:100F8000CDCC0C3FAE47613E0AD7A33EFEE7000042
:100F9000024900200968C86370470000541400200B
:100FA000024A136898621068C163704754140020A5
:100FB000014802F092B8000050120020014802F0EF
:100FC0008CB800007812002010B58AB000200124EF
:100FD000CDE90604089400900190029003900590DA
:100FE000049069460D4801F061FF0C4802F03FFB98
:100FF00002210A4801F0E0FE0E200990CDE90440EC
:101000006946074801F052FF054802F030FB102105
:10101000034801F0D1FE0AB010BD000050120020BC
:1010200078120020002070470020704710B5002281
:10103000044905480BF0BEF9044903480BF0ADF92B
:10104000002010BD7C2B00209C1700207C2300205A
:1010500010B5014603480BF0A0F902480BF076F9F1
:10106000002010BD9C1700200020704710B50246DC
:10107000FF20044C03E012F8013B4340E05C491EB2
:10108000F9D210BDCC20010830B50C4605000BD0BC
:10109000022C09D9611EFFF7E9FF291911F8011C7B
:1010A000884201D1012030BD002030BD10B50200C2
:1010B0004FF6FF700BD0064C491E08D312F8013BC7
:1010C0004340DBB234F8133083EA1020F4E710BD5C
:1010D000CC21010830B50C46050011D0022C0FD9E7
:1010E000A11EFFF7E3FF2919C2B211F8023C9A4290
:1010F00006D111F8011CB1EB102F01D1012030BD38
:10110000002030BD2DE9F04F04462DED048B89B051
:1011100000200090019001F0A5F8EC4E02AF0DF117
:10112000140886ED050A4FF07C5BDFF8A493DFF826
:10113000A4A301F097F8D6ED050AE74930EE600A5E
:1011400010EE100A884214DD9FEDE40A84ED090ACE
:101150009FEDE30A84ED0A0A9FEDE20A84ED0B0A93
:101160009FEDE10A84ED0C0A9FEDE00A84ED060A8A
:1011700087E19FEDDF0A01F039F89FEDDE0A0025D7
:1011800084ED0C0A84ED090A84ED0A0A84ED0B0A49
:10119000F8E0FFF715FC9220FFF762FD0622694692
:1011A0001220FFF73FFDFFF703FC9DF801009DF8BB
:1011B0000010000200B2084300EE100AD6ED030A48
:1011C000B8EEC00A20EE200A84ED000A9DF8030064
:1011D0009DF80210000200B2084300EE900A20EED3
:1011E000000AB8EEE01AD6ED030A21EE201A84EDCB
:1011F000011A9DF805009DF80410000200B2084392
:1012000001EE900A01EE010AF8EEE11A61EEA00A81
:10121000C4ED020A00EEA00A0DF01AFEB0EE408AFC
:1012200094ED0C0A30EE080A84ED0C0AFFF7D8FBA7
:10123000082269460020FFF7F5FCFFF7C9FB9DF87F
:1012400000000F2840D19DF803009DF80210000215
:1012500000B2084300EE100AF8EEC00A96ED040A48
:1012600060EE800AC4ED030A94ED091A71EE200ABB
:10127000C4ED090A9DF805009DF80410000200B2B3
:10128000084300EE900AF8EEE00A60EE800AC4ED32
:10129000040A94ED0A1A71EE200AC4ED0A0A9DF8B8
:1012A00007009DF80610000200B2084300EE900A05
:1012B000F8EEE00A20EE800A84ED050AD4ED0B0A70
:1012C00030EE800A84ED0B0A002D7CD0B4EEC98A82
:1012D000F1EE10FA01DDB0EE489AB4EEE88AF1EED4
:1012E00010FA01D2F0EE488A0020424604EB800159
:1012F00091ED030A07EB8001D1ED000AB4EEE00A9C
:10130000F1EE10FA01DD81ED000A02EB8001D1ED72
:10131000000AB4EEE00AF1EE10FA01D281ED000A03
:10132000401CC0B20328E1D339EE680A00204246CF
:1013300086ED060A494607EB8003D3ED000A02EB6F
:10134000800393ED001A01EB8003401C70EEC10A8C
:10135000C0B20328C3ED000AEDD310EE100A5845C1
:1013600014DC08685246904210DC486890420DDC5C
:10137000D9F80800504509DC9FED5F0A00F036FF00
:101380006D1CADB2F0888542FFF403AFF288D4ED56
:101390000C0A00EE102A0020B8EE400A80EE801AF7
:1013A00084ED0C1A00EE102A04EB8001401CB8EE0C
:1013B000400AD1ED090AC0B2032880EE801A81EDFF
:1013C000091AEFD300E069E0FFF7FAFAA220FFF76D
:1013D00047FC022269462220FFF724FCFFF7E8FAC7
:1013E0009DF800009DF80110C00040EA5110B0F5D2
:1013F000806F01DBA0F5006000EE100AB4EE001A69
:10140000F8EEC00AB3EE070A00EE810A84ED060A80
:10141000B088401CB080B06958453FF78AAE94ED63
:101420000C0ADFED360A30EE600AB0EEC00A10EEAC
:10143000100A5845F1DCD9F80020514648468A4246
:10144000EBDC42688A42E8DCD9F808005045E4DC6D
:1014500094ED090A2A48B0EEC00A10EE101A814233
:10146000DBDC94ED0A0AB0EEC00A10EE101A8142DD
:10147000D3DC94ED0B0AB0EEC00A10EE101A8142D4
:10148000CBDC94ED0C0ADFED1F0A80EE801A84EDB0
:10149000081A09B0BDEC048BBDE8F08FB0EE489A95
:1014A000F0EE488A0020414604EB800292ED030AE8
:1014B00007EB800282ED000A01EB8002401CC0B203
:1014C00082ED000A0328EFD32EE70000A4010020DC
:1014D000FC9500209A99193E0000204158A3653AD6
:1014E0005BE555BBC3BD3F3BE9FF1A41000020420D
:1014F0000AD7A33B000000006F12033ACDCC1C4179
:101500000AD7233CC3F51C4100B589B040F21261F3
:10151000009100210222CDE90212049108AB06AA33
:10152000694601F05BFC09B000BD70B586B00024CF
:1015300002940091CDE903421D4606468DF8144001
:1015400006E0641CE4B2022C1CD801200EF000FB63
:10155000304601F0ACFD0028F3D001232A4669464D
:10156000304601F03BFC80B102232A4669463046F2
:1015700001F034FC48B104232A466946304601F0A4
:101580002DFC10B1012006B070BD0020FBE700006B
:1015900070B514462DED028B82B0097800254FF40A
:1015A000007601B34268012A2ED0002A7ED0816CD9
:1015B0000029FBD0D0F88C10002977D0D0F8D000CB
:1015C000002873D003218D4800F018FD04218B48BA
:1015D00000F014FD05218A4800F010FD062188481E
:1015E00000F00CFDB5E00321844800F0CEFE04219C
:1015F000824800F0CAFE0521814800F0C6FE06219F
:101600007F4800F0C2FEA4E0826C012ACFD1D0F85E
:101610008C20012ACED1D0F8D020012ACED19FED46
:10162000798A01297DD0206890ED050ADFED768A60
:10163000F0EE680A07F08EFAB0EE402A1E22F0EEB5
:10164000481AB0EE481AF0EE480AB0EE480A0321F4
:101650006A4807F0B3FA2068F0EE680A90ED040AD1
:1016600007F078FAB0EE402A1E22F0EE481AB0EEEB
:10167000481AF0EE480AB0EE480A04215F4807F025
:101680009DFA6068F0EE680A90ED040A07F062FACD
:10169000B0EE402A1E22F0EE481AB0EE481AF0EEE4
:1016A000480AB0EE480A0521554800E041E007F03D
:1016B00085FA6068F0EE680A90ED050A07F04AFACC
:1016C000B0EE402A1E22F0EE481AB0EE481AF0EEB4
:1016D000480AB0EE480A0621494807F06FFA01208F
:1016E0000EF036FA206890ED030A9FED488AF0EE7E
:1016F000480A07F02FFABDEEC00A0095002210EE4E
:10170000100A3146019503B23C4800F056FE60686D
:10171000F0EE480A90ED030A07F01CFABDEEC00A8D
:1017200000E02DE010EE100A0095002302B20195B2
:101730001EE00321314800F0DDFE04212F4800F0B7
:10174000D9FE05212E4800F0D5FE06212C4800F0D8
:10175000D1FE01200EF0FCF9002300951A46314617
:101760002648019500F029FE002300951A460195B0
:101770003146234800F021FE02B0BDEC028B70BD63
:101780001E22B0EE482AF0EE481AB0EE481AF0EEEB
:10179000480AB0EE480A0321184807F00FFA1E2243
:1017A000B0EE482AF0EE481AB0EE481AF0EE480AB9
:1017B000B0EE480A0421114807F000FA1E22B0EEEC
:1017C000482AF0EE481AB0EE481AF0EE480AB0EE99
:1017D000480A05210A4807F0F1F91E22B0EE482A0E
:1017E000F0EE481AB0EE481AF0EE480AB0EE480A99
:1017F0000621034807F0E2F9ABE700005012002091
:1018000078120020000000000000204200007A460C
:101810002DE9FF5F0D462DED048B12A9924691E84C
:10182000D00899465B4622465146284601F04EF8BC
:101830003878002700287DD001287BD054480078D4
:10184000002877D0DFED538A9FED538A04F1080812
:101850009FED529A524901281AD0022869D128795D
:1018600000286DD0484607F0A8FF2146284600F022
:101870009DF85A46314604980CF04AFA169A3146B9
:10188000BDEC048B04B02846BDE8F05F08F0FCBC5A
:10189000287968B1484607F090FF2146284600F0B5
:1018A00085F85B4632465146049800F03BFCE5E77C
:1018B0000878022802D0032821D039E0484607F0F2
:1018C0007CFF9FED380A2F7084ED030A94ED070A20
:1018D000DFED350AB5EEC00AF1EE10FA0BD00120AB
:1018E000A870201DB0EE680A08F056F884ED010AD1
:1018F00094ED070A0AE0AF7094ED060A0AE0234669
:101900004A465146284607F063FF21E0F0EE480AB8
:10191000404609E0201D08F03FF884ED010AF0EE92
:10192000480A4046B0EE680A08F036F884ED020A2C
:10193000377601E01FE003E0BDEC048BBDE8FF9FBC
:1019400008780328F4D12246494628460CF0FAFCD0
:10195000A87858B1F0EE490A201DB0EE680A08F0E8
:101960001BF884ED010A94ED090ACFE794ED080A0B
:10197000F0EE490ACEE73776484607F01EFFBDEC89
:10198000048B04B021462846BDE8F05F00F00EB895
:10199000CC080020000000000AD7A33BBC74933C95
:1019A000CD080020AE47613E0AD7A33C9FED070A51
:1019B00081ED010A81ED020A9FED050A81ED030A1E
:1019C000002101704170817070470000000000002C
:1019D000AE47613E10B560482DED048B0CF0E8F980
:1019E00000231A4619469FED5D8AF0EE484AB0EE94
:1019F000484AF0EE483AB0EE483ADFED598AB0EE88
:101A0000482AF0EE682A9FED579AB0EE481AF3EE96
:101A10000E0AF0EE491ADFED549A5448B0EE690A06
:101A200007F08FFE002351481A461946F0EE484A47
:101A3000B0EE484AF0EE483AB0EE483AF0EE682A86
:101A4000B0EE482AF0EE491AB0EE481AF3EE0E0A4C
:101A5000B0EE690AAE3007F074FE00230222194688
:101A6000F0EE484AB0EE484AF0EE483AB0EE483A56
:101A7000F1EE0C2AB0EE482ADFED3D8A9FED3D9A4B
:101A8000DFED3D9AF0EE681AB0EE481AF0EE490A22
:101A9000B0EE690A394807F054FE384800230222A4
:101AA0001946F0EE484AB0EE484AF0EE483AB0EE39
:101AB000483AF1EE0C2AB0EE482AF0EE681AB0EE81
:101AC000481AF0EE490AB0EE690AAE3007F039FE66
:101AD0009FED2D0A254800231A460221F0EE484AC0
:101AE000B0EE484AF0EE483AB0EE483ADFED242A2C
:101AF000B0EE482ADFED231AB0EE481AF0EE400AA5
:101B0000AE3807F01EFE9FED218ADFED228A012309
:101B10001A46F0EE480A1E49B0EE680A1E4800F068
:101B200007FE1B491C4801231A46F0EE480A0C31F7
:101B3000B0EE680A903000F0FBFD15490120343901
:101B4000164C887002E001200EF002F82078002880
:101B5000F9D0BDEC048B10BDB8A700200000000038
:101B6000000002430080BB440000344332A3002045
:101B700000000C43000070420000A0428EA4002030
:101B80006F12033BCDCC4C3ECDCCCC3DCDCC4C3DAF
:101B90000809002000002043EAA50020CE0800200C
:101BA0002DE9F04385B03F4C3F4AA4F110033F4973
:101BB0003F4800940CF038F93B4AA4F11003A2F11D
:101BC0006401A1F1240009F05BFA3749A4F108038C
:101BD000A3F1080288393648FEF770FEDFF8C89096
:101BE000DFF8D480A9F12800CDE90008314FA4F135
:101BF00010050297CDE90395A0F160012F4B304A03
:101C00002B48FFF705FE2F484B46A3F12801009013
:101C10003A46A1F1600000F087FCA4F10806A9F1A2
:101C20007C012B463A46A1F10C00009600F016F913
:101C30004B46A3F128013A46A1F160000CF056FC96
:101C4000A9F1280133462A46A1F16000FFF7AEF85A
:101C5000CDF80080CDE90364A9F12803CDE9017531
:101C6000A3F15402A2F10C01114806F0F7FA09F1B0
:101C7000C003CDE90264CDE90095A3F1E8013A463D
:101C8000A1F1600005F098FE22463146A9F18800D6
:101C90000CF09EFA05B032463946BDE8F0430348E1
:101CA000FFF776BCF8080020B8A1002018AD00208E
:101CB000C4970020CD080020B0AC0020D8AE002092
:101CC0006CAE0020ECA80020F0B5807B164B10F025
:101CD000FC0F4FF000040BD114484FF002064FF0F8
:101CE000030240894FF00105C70704D080070DD5D6
:101CF0000C701C70F0BD0E481D70807A022811D047
:101D000003280DD00128F5D10E70F0BD09481E70D2
:101D1000C079C0F3011028B1012801D00228F4D104
:101D20000A70F0BD0D70F0BDCC08002058AE002048
:101D30006CAE002084AB002010B5D0E9003482687E
:101D4000A34201D1521C04E0521E8260002A01DC31
:101D50000022826043608A4203DB491E81600120C9
:101D600010BD002010BD00002DE9F0410CF0BAFAC2
:101D7000114C124D124E134F02E001200DF0E8FEFF
:101D80002078297808403178084039780842F4D022
:101D90004FF4FA600DF0DCFE0B4C04E007F01CFE83
:101DA00001200DF0D5FE20780028F7D0074901204A
:101DB0008870BDE8F0810000B8080020D608002037
:101DC0002009002025090020110B0020CC0800204C
:101DD0002DE9F0411F4D00270E4604466F606868EC
:101DE000282100EB001006EB80003830FFF7A4FF3D
:101DF000014668682218401C117168600328EEDDF6
:101E00006F606868282100EB400006EBC00000F519
:101E10008E70FFF791FF014668682218401C917090
:101E200068600128EDDDA078E178800000EBC1005A
:101E3000217900EB0110617900EB4110A17900EBF1
:101E40008110E17900EBC110034949890843E08121
:101E5000BDE8F081CC08002058AE00202DE9F0410B
:101E600005462DED048B0C4601271078B1EE089A3B
:101E7000DFED478A00269FED478A0A9938B101288D
:101E800005D0E87818B9287908B9687A10B12660C1
:101E9000666056E00868404BDFF804C190ED020A26
:101EA0003E484FF07C5EB0EEC00A10EE102A90ED76
:101EB000000A9A42B0EEC00A07DB10EE102A724503
:101EC00003DB2268521C226004E010EE102A6245F7
:101ED00000DC2660496891ED020AB0EEC00A10EEFF
:101EE000101A99420BDB90ED120AB0EEC00A10EE08
:101EF000101A714503DB6068401C606008E090EDDB
:101F0000120AB0EEC00A10EE100A604500DC6660EE
:101F10002068022815DBEF7194ED000AF3EE0C0A3D
:101F2000B8EEC00A20EE090A06F014FE84ED020A9B
:101F300094ED000AB8EEC00A20EE280A84ED040AE7
:101F400004E0EE7184ED028A84ED048A6068022860
:101F500018DB2F7294ED010AF3EE0C0AB8EEC00AFA
:101F600020EE090A06F0F6FD84ED030A94ED010A5D
:101F7000B8EEC00A20EE280A84ED050ABDEC048BF9
:101F8000BDE8F0812E7284ED038A84ED058AF5E7C1
:101F90006F12033C000000006666A640E8A1002026
:101FA0009A99193E0EB50E480B4A0C498DE8070068
:101FB0000C4B0D4A0D490E4800F056FD09480D49DD
:101FC0001038FFF705FF07480B491038FFF77CFE74
:101FD000BDE80E400CF092B9F8080020F00800208F
:101FE000E808002014A100203CA1002030A100201E
:101FF000C497002018AD0020CD0800201CB5FF229A
:102000008DF800208DF801208DF804208DF8022035
:102010008DF805208DF803208DF80620FB228DF821
:1020200007206B460822FFF780FA1CBD014801F02B
:10203000D1BB00007C160020014801F0CBBB0000A2
:10204000DC160020014801F0C5BB00004C13002045
:10205000014801F0BFBB0000AC130020014801F0B3
:10206000B9BB00001C160020014801F0B3BB000002
:102070003C170020014801F0ADBB0000BC1500205A
:1020800001681823CAB2103AB2FBF3F2054B6FF3A2
:102090000901032A9B5CC36500D9091D81650846B7
:1020A00070470000DC1F010810B5014600208B6955
:1020B0008A6A4FF0C07453B1B3F5005F15D072B1A6
:1020C000012A0CD0022A0AD0032A09D104E01AB14D
:1020D000012A06D0022A03D1C96AC90100D501200C
:1020E00010BDC96AA142FAD010BD002AF7D0012A5A
:1020F000F2D0022AF3D0032AF3D010BD30B5046821
:10210000256825F480252560046863608368402B7A
:10211000036803D099600068C26030BD9A600068AF
:10212000C16030BD70B58C8AE40504D4B1F90210E9
:1021300011F5257F3DD1117E00293AD190ED1D0A80
:102140001C4E0124B0EEC00A10EE105AB5420BDB53
:1021500090ED1C0AB5EEC00AF1EE10FA01D8D48554
:1021600003E00220D08500E0D1851868124B984228
:1021700004D8124B984201DC918500E09485104808
:1021800090ED020A82ED070A90ED140A82ED080A2A
:1021900090ED020A82ED090A90ED140A82ED0A0A16
:1021A000116051609160D1601161516151769176F9
:1021B000147670BD0000B442513A0BC0C023763F84
:1021C000E8A10020074808B540680090014606488D
:1021D0000269914202D2C168491CC1600099016143
:1021E00008BD0000001000E0600A00200A484168B5
:1021F0000A4AD2ED000A4268521AF8EE601A01EE5D
:10220000102AB8EE411A60EE211AB4EEE11AF1EE8E
:1022100010FAF0D370470000001000E0600A0020C0
:1022200000B50E492DED028B81B04968009101681F
:10223000009A511A00EE101A0949F8EE400A91ED81
:10224000000A0260B8EE400A80EE808AFFF7BAFF0B
:1022500001B0B0EE480ABDEC028B00BD001000E0FA
:10226000600A002010B500F043F80C489FED0C1AEE
:10227000818890ED000A00EE901AC088B8EE400AFE
:10228000F8EE600A00EE810A00EE900A9FED051A52
:10229000F8EE600A00EE810A10BD0000900A0020EE
:1022A0006F12833ABD3786350D490A6842F0807255
:1022B0000A600C4900224A600B6843F001030B607E
:1022C00009494FF47A734843B0FBF3F30749C1E976
:1022D0000003054BB0FBF3F0C1E9020270470000B8
:1022E000FCED00E0001000E040420F00600A00201A
:1022F0002DE9F843224840680090FFF763FF214C26
:1023000000270098E1684FF0FF323D46E1FB0205EF
:10231000C4E90E05D4F80080064642463B462946ED
:10232000FEF780F80246A2FB083CC4E9060101FB67
:1023300008C002FB0701F01A65EB0105C4E90805B6
:1023400004F130080646C8F80020D4F804900023B1
:102350004A462946FEF766F881B2A8F8041001FB48
:1023600009F1701A65EB0705C4E90A05294600233F
:10237000A268FEF757F8A8F80600BDE8F883000049
:10238000001000E0600A002070471CB5FF228DF8A5
:1023900000208DF801208DF804208DF802208DF8A2
:1023A00005208DF803208DF80620FD228DF80720EA
:1023B0006B460822FFF7B9F81CBD7CB5160A8DF8EC
:1023C00000608DF801201A0ADDE906548DF802201C
:1023D0002A0A8DF804208DF80550220A8DF806206F
:1023E0008DF803308DF807406B460822FFF79DF803
:1023F0007CBD012001F074BB082001F071BB1020EE
:1024000001F06EBB202001F06BBBB6EE002A92ED0E
:10241000020AB0EE421AD2ED030A00EE401AD0EDE5
:10242000001AD0ED013A00EEE01A21EE213A92EDC9
:10243000011AD2ED001A61EE002A41EEA02A61EEE7
:10244000200A41EEC00A02EEA33A90ED020AF0EE35
:10245000002A00EE803A23EE220A81ED000AD2ED36
:10246000010AD2ED021A92ED001A92ED030A20EE53
:10247000A13AD0ED003A90ED014A01EE403A23EE48
:10248000233AF0EE423A40EEE03A40EE403A21EE96
:10249000800A01EE200A03EE843AD0ED020A00EE33
:1024A000203A23EE220A81ED010AD2ED010AD2ED93
:1024B000031A92ED020A92ED001A20EEA13A60EEA4
:1024C000211AD0ED003A00EEE02A01EE003A41EE8A
:1024D000601A90ED011A00EE402A23EE233A90EDA7
:1024E000020A01EE813A02EE003A23EE220A81ED61
:1024F000020A70471CB5FF228DF800208DF80120DC
:102500008DF804208DF802208DF805208DF8032029
:102510008DF80620FC228DF807206B460822FFF775
:1025200004F81CBD72B6FEE72DE9F04193ED080AF0
:10253000069E04461D4686ED010A93ED0A0A1746DB
:10254000884686ED000A06F11400FFF769FE314661
:1025500023480BF051FC96ED020A9FED221A85EDFF
:10256000020A387820490023A0B3012833D0E0784C
:1025700080BB207970BB607960BBA07950BBE079EB
:1025800040BB207A30BB607A20BBA07810BBD8ED6E
:10259000010A1648F0EEE00A10EE902A82421ADA9A
:1025A00010EE902A824206DCF0EEC00A10EE900A8D
:1025B0000F4A904202DD0878002809D001200870F7
:1025C000D5ED010A9FED0B1A40EE010AC5ED010A97
:1025D000BDE8F081FFE70B7085ED011AF8E7000018
:1025E000B8A7002000000000D4080020CDCC4C3D4E
:1025F000CDCC4C3E0AD7233C10B504462DED028BC2
:10260000B0EE408A1830FFF70BFE10EE100AE061C2
:10261000216A00EE100A00EE901AE26870EE800A5D
:1026200000EE100A20EE080A80EE201A00EE902A32
:1026300000EE101A60EE801A00EE901A00EE100AFA
:1026400030EE800AC1EE800A31EE200A10EE101A38
:10265000E160228E022A0AD900EE100A00EE901ADA
:1026600004F1320006F07AFB10EE100A0CE000EEE6
:10267000101A216900EE901A30EE601A00EE100A6E
:10268000C1EE000A10EE900A6062B4F85C00022805
:10269000606A0BD900EE900AE06900EE100A04F1BE
:1026A0005E0006F05BFB10EE100A0DE000EE100A73
:1026B000E06A00EE900AE06930EE601A00EE100A5F
:1026C000C1EE000A10EE900AA062206800EE100A27
:1026D000E06800EE900A606820EE200A00EE900AA2
:1026E000606A01EE100AA06800EE810A00EE900A0E
:1026F000A06A01EE100A00EE810A10EE100AC4F87A
:102700008800D4F88C1000EE100A01EE101AF1EED9
:10271000410A0DF090F910EE100AC4F88800E16843
:102720002161616AE16200EE100ABDEC028B10BD0E
:1027300070B5044610EE100A1E46C4F88C00002541
:1027400039B134B108682060486860608868A0606A
:1027500004E025606560A560C4F88C5010EE900A16
:10276000022A20622286A4F85C6004D9114604F192
:10277000320006F0EDFB022E04D9314604F15E0072
:1027800006F0E6FBA561C4F8885070BD30EEC01AB3
:10279000B5EEC00A1E48F1EE10FA16DDF5EEC00ADD
:1027A000F1EE10FA11D2DFED1B1A31EEC00A30EE55
:1027B000200AF1EE410A80ED010AB4EEE00A80ED54
:1027C000021AF1EE10FA1BD31DE0B5EEC00AF1EECD
:1027D00010FA18D2F5EEC00AF1EE10FA13DDDFEDB3
:1027E0000E1A31EEC00A30EE200A80ED010AF1EE39
:1027F000400A80ED021AF4EEC10AF1EE10FA02D29C
:1028000080ED030A01E080ED031A90ED030A7047A2
:102810003C0B0020DB0FC940DB0FC9C0F0B51F4CDB
:1028200020EE002A20EEA01A4FF0000CA4F800C001
:10283000A4F802C0278807EB870600EBC60563886B
:1028400003EB460202EB420201EBC202D2ED001A98
:10285000D2ED012A42EE801AD2ED022A42EEA01AEF
:10286000D2ED032A42EE821AD2ED042A62EE802AC9
:1028700042EEA01AD2ED052A05EB83025B1C42EE64
:10288000811AC2ED001A9AB26280092AD7D97F1C38
:10289000BAB22280032ACBD9F0BD00007008002014
:1028A000028802810A8852BA02804A8852BA42805B
:1028B0008A8852BA828089798171C168B1F57A7F3C
:1028C00001DB002100E0491CC16070472DE9F041A7
:1028D0000E462DED028B07465649586A144688422B
:1028E00006DC9FED550A84ED040AB2EE060A15E0F7
:1028F0005049524AC9430144914206D89FED500ABB
:1029000084ED040AB2EE020A08E04E49884207DD6F
:10291000B7EE000A84ED040AB1EE080A84ED050A58
:10292000B878DFED490A494DF0B3307D10F00C0F57
:1029300046D093ED000ADFED460AFFF727FF85ED4D
:10294000020AB6F90200052105F0D2FD00EE100AD8
:10295000B8EEC00ADFED3F0A80EE208A95ED020A4C
:102960000CF096FB28EE000AD4ED040A06F0F2F80B
:1029700084ED060AB6F90800052105F0B9FD00EE60
:10298000100A9FED351AF8EEC00A80EE810AD4EDE8
:10299000050A06F0DFF8314884ED070A9FED300A9A
:1029A000007880B1012800E00AE00FD0022832D17F
:1029B0002C48B978B0F8110061B141070CD42EE071
:1029C00093ED000AB9E784ED080A22E0B878002800
:1029D000B08AF2D1C10729D095ED020A0CF058FB5C
:1029E000D4ED040A20EE200A09E095ED020A0CF06D
:1029F0004FFBD4ED040AB1EE601A20EE010A06F096
:102A0000A9F884ED080A94ED050AF0EE400A06F0F4
:102A1000A1F884ED090ABDEC028BBDE8F081010745
:102A2000E3D4C107E1D18007EBD5D5E78007E8D52E
:102A3000DBE70000AE47613E33331340C2F52800A8
:102A40009A99D93F0AD7A33EC023763FD4080020E5
:102A5000DE10224000007A4300007042CC080020C3
:102A60000000000084AB00202DE9F05F82462DEDD0
:102A7000048B1D461746C948DDE90E49406B109E80
:102A800000EE100A8846DFEDC60A181D20EE200A67
:102A900083ED040AFFF7C4FB85ED000A2068D0ED42
:102AA000010A90ED0F1A70EEC10A80EE801A80EDD7
:102AB0000E1A606890ED010AD0ED0F0A30EE600A40
:102AC000D5ED000A80EE201A80ED0E1A206890EDF8
:102AD000010A80ED0F0A606890ED010A80ED0F0A8F
:102AE000306890ED090A2068D0ED110A30EE600AD6
:102AF000D5ED000A80EE201A80ED101A706890ED76
:102B0000090A6068D0ED110A30EE600AD5ED000ABE
:102B100080EE201A80ED101A306890ED090A2068C6
:102B200080ED110A706890ED090A606880ED110A65
:102B3000206890ED000A0CF0C9FCD9F80000D0ED37
:102B4000010A306820EE200AD0ED080A2068C0EEA5
:102B5000208A90ED000A0CF09BFAD9F80000DFF80B
:102B600044B290ED001ADBF8880000EE900A20686D
:102B700071EE600A40EE808A90ED000A0CF088FA4F
:102B800020689AED0C8AD0ED100A00EEC08A90ED14
:102B9000000A0CF09BFC3068F0EE009AD0ED090AB8
:102BA000206860EEA90A90ED011A60EE810A00EE3D
:102BB000808A90ED000A0CF089FC3068D0ED080A9C
:102BC000206890ED0E1A60EE810A00EE808A90ED8A
:102BD000000A0CF05DFA306890ED081A2068D0ED1C
:102BE000010A21EE201A61EE200A00EE808A9FED94
:102BF0006E9AB0EE680A283008EE090A05F0B9FFAF
:102C000085ED020A606890ED000A0CF05FFCD9F8CF
:102C10000400D0ED010A706820EE200AD0ED080A09
:102C2000606880EE208A90ED000A0CF031FAD9F845
:102C3000040090ED001ADBF8180100EE900A6068BD
:102C400071EE600A00EE808A90ED000A0CF020FA26
:102C50006068DAED0C8AD0ED100A40EEC08A90ED83
:102C6000000A0CF033FC7068D0ED090A606860EE71
:102C7000A90A90ED011A60EE810A40EE808A90ED7B
:102C8000000A0CF023FC7068D0ED080A606890ED33
:102C90000E1A60EE810A40EE808A90ED000A0CF078
:102CA000F7F9706890ED081A6068D0ED010A2830D5
:102CB00021EE201A61EE200A40EE808AB0EE480A2A
:102CC00008EE890A05F055FF85ED030A95ED040A23
:102CD000B5EEC00AF1EE10FAD5ED020A13DB30EEC4
:102CE000C00AD5ED050A206830EE200AD7ED020AA9
:102CF00030EE600A80ED090A95ED030AD5ED040A6D
:102D000030EE600A12E030EE800AD5ED050A206848
:102D100030EE200AD7ED020A30EE600A80ED090A93
:102D200095ED030AD5ED040A30EE200AD5ED050A2B
:102D300060681E4A30EE200AD7ED030A002130EE0B
:102D4000600A80ED090A2068436A0120934201DB92
:102D5000287600E0297663685B6A934201DB687637
:102D600000E069762A7E012A08D16A7E012A05D10F
:102D700098F8042012B998F800204AB19FED0C0A87
:102D800088F8031085ED050ABDEC048BBDE8F09FC3
:102D900088F803009FED070AF4E7000084A20020F2
:102DA00000001644EAA500209A99193F0000DC4271
:102DB000000000000000204290F82020012A07D0E7
:102DC000022A05D0416A41F4802141620120704706
:102DD000006842690A43426100207047F0B590F8EC
:102DE00020500468A468012D05D0022D03D0416A4B
:102DF00041F4802157E014F0406F01D1E5004FD538
:102E0000C4F301640125A5401D608B684FF4C075B3
:102E10009BB1CE6833434E6843EAC603066805EBB0
:102E20000417F3514FF4C273076803EB04130E69E0
:102E3000FE50097D012905D009E00E88CB6843EAE0
:102E40004653EBE70168CE5846F48076CE501179B0
:102E5000D379567941EA036193791B0443EA062347
:102E600019434FF4C676036806EB0416995111789E
:102E7000D37841EA0361937852781B0443EA022233
:102E800011434FF4C473026803EB0413D15000687C
:102E900005EB0411425842F0010242500020F0BDFF
:102EA000416A41F4001141620120F0BD10B590F873
:102EB0002020012A07D0022A05D0416A41F480214E
:102EC0004162012010BD3B48D0F8002242F00102CF
:102ED000C0F80022D0F8002222F47C52C0F8002270
:102EE000D0F800224B6A42EA0322C0F800220A7D91
:102EF00002F01F0301229A40D0F81C329343C0F81D
:102F00001C32CB69B3B9D0F80C329343C0F80C3201
:102F10008C894B6864F31F434C6900EBC404C4F80C
:102F200040320C890B6864F31F434C6900EBC40406
:102F3000C4F84432CB69012B16D1D0F80C321343BC
:102F4000C0F80C320C884B6864F31F434C6900EBEB
:102F5000C404C4F840320C89CB6864F31F434C6945
:102F600000EBC404C4F844328B69002BD0F804325F
:102F70000ED01343C0F804320B69002BD0F8143282
:102F800008D01343C0F81432096A012904D008E0BC
:102F90009343EFE79343F5E7D0F81C121143C0F8D1
:102FA0001C12D0F8001221F00101C0F8001200201C
:102FB00010BD000000640040704770B590F82040DC
:102FC000012C05D0022C03D0416A41F4802128E075
:102FD000046809B32469A40720D04FF4D8740568A5
:102FE00004EB01142D5915F00405956005682D5961
:102FF0001AD0ED08556005682C5904F00204D4601D
:103000004FF4DA74056804EB01142E5906F00F062C
:10301000082E0CD308250DE0E468DCE7416A41F492
:1030200000114162012070BD6D0D1560E3E72D595F
:1030300005F00F05156105682D59C5F30725956144
:1030400005682C59240C54614FF4DC72046802EBBF
:103050000112A4581C700468A458240A5C70046807
:10306000A458240C9C700468A258120EDA704FF415
:10307000DE72046802EB0112A4581C710468A458A3
:10308000240A5C710468A458240C9C710468A2583A
:10309000120EDA71006829B1016941F02001016165
:1030A000002070BDC16841F02001C160F8E7024610
:1030B000002092F82010012901D002290CD11168BA
:1030C0008A68520100D501208A68120100D5401C8F
:1030D0008968C90000D5401C70472DE9F05F05469E
:1030E000006800244669D0F804908768D0F80CB0D6
:1030F000D0F810A0D0F81880F10748D0F90714D004
:1031000001218160B80703D5284600F0DCFA0CE005
:10311000780702D54FF4006407E0380702D54FF472
:10312000805402E0284600F0CDFAF80516D529684B
:103130004FF480708860B80503D5284600F0C5FAC2
:103140000CE0780502D544F4005407E0380502D5B8
:1031500044F4804402E0284600F0B6FAF80316D59D
:1031600029684FF480308860B80303D5284600F002
:10317000AEFA0CE0780302D544F4004407E03803CB
:1031800002D544F4803402E0284600F09FFA30076C
:1031900007D55FEACB6004D52968102044F4007499
:1031A000C86070074FF0080707D55FEA0B7004D5B9
:1031B0002868C760284600F097F9B00706D5286848
:1031C000C068800702D0284600F090F9700607D545
:1031D0005FEACA6004D52968102044F4806408615D
:1031E000B00607D55FEA0A7004D52868076128464B
:1031F00000F00EFAF00606D528680069800702D0B4
:10320000284600F007FAB00308D55FEAC96005D583
:10321000296810204860284600F028FAF00307D5F6
:103220005FEA097004D528684760284600F050FA24
:10323000300446D55FEA497040D5F00504D55FEA11
:10324000C87001D044F00104B00504D55FEA88706D
:1032500001D544F00204700504D55FEA487001D539
:1032600044F00404300529D518F0700F26D008F07A
:103270007000402815D006DC102809D020280AD07C
:10328000302816D10AE050280ED0602811D10EE067
:1032900044F008040DE044F010040AE044F0200477
:1032A00007E044F0400404E044F0800401E044F40A
:1032B00080742868816921F0700181612968042087
:1032C0004860002C05D0686A204368622846FFF7F2
:1032D00073FEBDE8F09F70B5040003D094F82000A1
:1032E00010B104E0012070BD204600F081F8206894
:1032F000016841F00101016000F0ECFC0546052683
:1033000004E000F0E7FC401B0A2811D82068406860
:10331000C007F6D02068016821F00201016000F0CA
:10332000D9FC05460BE000F0D5FC401B0A2806D965
:10333000606A40F40030606284F82060D2E7206860
:1033400040688007EFD4207E0128206801683DD0C6
:1033500021F080010160607E01282068016838D07A
:1033600021F040010160A07E01282068016833D06F
:1033700021F020010160E07E0128206801682ED044
:1033800041F010010160207F01282068016829D0E8
:1033900021F008010160607F01282068016824D0C5
:1033A00021F004010160D4E902010843D4E90412C8
:1033B000114308436168491E08432168C861002021
:1033C0006062012084F82000002070BD41F080017F
:1033D000C0E741F04001C5E741F02001CAE721F014
:1033E0001001CFE741F00801D4E741F00401D9E72B
:1033F000F0B587B0044614216846FDF72BF935492E
:10340000354ADFF8CCE00868D4F800C0324B03241A
:103410000225092610320027401CF44521D10860FE
:10342000012807D1106840F000701060106800F0AB
:1034300000700590186840F00800186018688DE862
:10344000B00000F00800CDE9046069460394234809
:1034500000F052FB00220521142000F0E7FD1420AB
:1034600031E0DFF87CE0F4452FD1D2F800C04CF019
:10347000806CC2F800C0D2F800C001280CF0806C4B
:10348000CDF814C0086007D1106840F000701060DB
:10349000106800F000700590186840F00200186095
:1034A0001868694600F00200059060208DE8A100D0
:1034B000CDE903460B4800F01FFB00220521412007
:1034C00000F0B4FD412000F0A3FD07B0F0BD000006
:1034D000006400401800002030380240000C024018
:1034E00000680040000402407047000010B5424BE5
:1034F000424A0021FFF761FD0028FDD13F48404BC3
:103500003D4900683F4AB0F5907F44D018DC102850
:103510005DD0112860D080282ED0B0F5807F0ED1EC
:10352000087800B101201072487800B10120507273
:10353000488840BA1060888840BAA3F8110010BDCE
:10354000A0F5007002384FD02F4AA0F580600E38E9
:103550000BD00228F3D1088840BAD082488840BAFC
:103560005082888840BA908210BD088840BA108185
:10357000488840BA508110BD088842BA234842802A
:103580004A8852BA02818A8852BA82828A798272C1
:10359000C979C17210BD088840BA5081488840BAC4
:1035A00000EE100AB8EE400A82ED030A888840BA9D
:1035B00000B200EE100AB8EEC00A82ED010A887966
:1035C0001061C979D87961F30510D87110BD0B4825
:1035D0001E220949383003E008481E2206497C3083
:1035E000BDE8104006F014BA0648BDE81040024994
:1035F0003038FFF755B900002C0B0020E0AC00205C
:1036000084AB002058AE002090AC00206CAE0020AF
:103610007047000010B5124B124A0121FFF7CDFC94
:103620000028FDD10F48006812280BD013280ED0B7
:10363000A0F50070013812D1BDE8104008490A48D1
:10364000FFF72EB908481E220549A03803E00648B6
:103650001E2203495C38BDE8104006F0D9B910BD00
:10366000340B0020FCAC002040AE0020704770B549
:10367000044690F82000012804D0606A40F400203D
:10368000606217E0022084F820002068016821F0C1
:103690000101016000F01EFB05460DE000F01AFB81
:1036A000401B0A2808D9606A40F400306062052097
:1036B00084F82000012070BD20684068C007EDD16B
:1036C000606270BD704770477047704770477047C1
:1036D000704710B5040002D0607910B106E00120F7
:1036E00010BD00202071204600F004F80120607118
:1036F000002010BD08B500680649884208D1064878
:10370000016841F480510160006800F4805000902D
:1037100008BD000000300240303802402DE9F04181
:103720000446876D00F0D6FA054694F83500002669
:10373000022806D08020606584F834600120BDE84E
:10374000F0812068016821F016010160206841695C
:1037500021F080014161206C08B9A06C20B1206883
:10376000016821F0080101602068016821F0010171
:1037700001600CE000F0AEFA401B052807D92020BC
:103780006065032084F8350084F83460D7E720684A
:103790000068C007EED194F85C103F208840B86004
:1037A000012084F8350084F834600020C7E790F8E1
:1037B0003510022903D08021416501207047052181
:1037C00080F835100068016821F0010101600020D7
:1037D000704700002DE9F84304464FF00009CDF88A
:1037E000009063484FF41651A56D0068B0FBF1F7E7
:1037F0002E6894F85C20082101FA02F030420FD0C4
:103800002068026852070BD5026822F004020260A9
:1038100094F85C008140A960606D40F00100606533
:1038200094F85C104FF0010808FA01F0304208D01B
:1038300021684969090604D5A860606D40F002005E
:10384000606594F85C1004208840304208D02168FC
:103850000968890704D5A860606D40F004006065C0
:1038600094F85C1010208840304218D02168096814
:10387000090714D5A86020680168490304D50068C9
:10388000000308D5A16C07E00168C90503D40168ED
:1038900021F008010160216C09B12046884794F8A5
:1038A0005C1020208840304231D021680968C90668
:1038B0002DD5A86094F8350005282068016806D049
:1038C000490347D5006800031DD4616C1CE021F05A
:1038D000160101602068416921F080014161206C7E
:1038E00008B9A06C20B12068016821F008010160CE
:1038F00094F85C103F208840A86084F8358084F8F4
:103900003490216D1FE0E16B09B120468847606D5E
:1039100000282BD0606DC00714D0052084F8350036
:103920002068016821F0010101600098401C0090AE
:10393000B84203D820680068C007F6D184F8358003
:1039400084F83490E16C002910D001B02046BDE825
:10395000F04308470168C905D5D4016821F010017A
:10396000016084F8358084F83490CCE7BDE8F883B2
:10397000940000202DE9F041044600F0ABF9054623
:103980005CB1022084F83500002684F83460206899
:10399000016821F0010101600DE00120BDE8F08126
:1039A00000F098F9401B052805D920206065032008
:1039B00084F83500F2E720680068C007F0D121687C
:1039C0000A6820480240D4E901031843D4E90335CA
:1039D0002B43184363691843A3691843E3691843E9
:1039E000236A18431043626A042A03D1D4E90B23E3
:1039F0001A431043086020684069656A20F0070197
:103A000028460D43012704280CD1A06A0543E06A2B
:103A100040B12046FEF748FB20B14020606584F8A5
:103A20003570BAE7206845612046FEF729FB94F817
:103A30005C203F2191408160666584F835700020EC
:103A4000ACE700003F8010F02DE9F0410446866DA0
:103A500090F83400002501280DD0012084F83400AE
:103A600094F835700020012F07D084F83400022527
:103A70002846BDE8F0810220FBE7022784F8357074
:103A800060652046FEF73AFB94F85C103F208840C2
:103A9000B0602068016841F016010160206C20B11F
:103AA0002068016841F0080101602068016841F068
:103AB00001010160DCE7000070B5044600F00AF97E
:103AC0000546601C02D004480078044400F002F966
:103AD000401BA042FAD370BD880000207047000050
:103AE000044910B50A68024202D00860FFF7F6FFE9
:103AF00010BD0000143C01402DE9F84FDFF89C9107
:103B00000022A9F1040B03274FF00F0C09F1040A5E
:103B1000ABF1040E01250B6895402B40AB426ED1F2
:103B20000C7904F00304012C01D0022C15D1866815
:103B3000540007FA04F826EA0806D1F80C8008FABF
:103B400004F848EA0608C0F808804468AC430D79D8
:103B5000C5F300159540254345600C79E443A4075F
:103B600008D0C568540007FA04F6B5438E68A6402D
:103B70002E43C6600C7904F00304022C11D1D40842
:103B800000EB8406356A5407E40E0CFA04F825EAC3
:103B90000805D1F8108008FA04F848EA0508C6F8C4
:103BA00020800568540007FA04F6B5430E7906F044
:103BB0000306A6402E4306604C6814F4403F66D0CE
:103BC000374C256845F480452560246822F00305BC
:103BD00004F480440094334C05EB0408D8F80858EA
:103BE0009407260F0CFA06F4A5432F4CA04201D1EE
:103BF000002424E02D4CA04202D101241FE046E025
:103C00002B4CA04201D1022419E02A4CA04201D140
:103C1000032414E0284CA04201D104240FE0274CD7
:103C2000A04201D105240AE0254CA04201D106247E
:103C300005E0244CA04201D1072400E00824B44050
:103C40002C43C8F80848D9F800404D464E689C43BC
:103C5000F60200D51C432C60DAF8004055464E6849
:103C60009C43B60200D51C432C60DBF800405D4647
:103C70004E689C43B60300D51C432C60DEF8004020
:103C800075464E689C43F60300D51C432C60521CBD
:103C9000102AFFF43FAFBDE8F88F0000083C014058
:103CA000443802400030014000000240000402405D
:103CB00000080240000C02400010024000140240C4
:103CC00000180240001C02400AB1816170470904DB
:103CD000FBE7000001488068704700008800002072
:103CE00070B5040025D094F83D00002520B984F873
:103CF0003C50204600F0B8F8242084F83D002068AD
:103D0000016821F0010101602068016841F400416F
:103D100001602068016821F40041016000F08CFF1F
:103D20004D4B6168994201D84C4900E04C498842AA
:103D300001D2012070BD4B492268B0FBF1F15668F9
:103D400026F03F060E43566062689A4206D94FF449
:103D5000967251434FF47A72B1FBF2F12268491C1A
:103D6000166A26F03F06314311626168994210D805
:103D70004900401EB0FBF1F2521CC2F30B02042AB0
:103D800001D2042022E0B0FBF1F0401CC0F30B0094
:103D90001CE0A268F2B301EBC10303EB0116431E62
:103DA000B3FBF6F35B1C43F480431B0549D092B38D
:103DB00001EBC10202EB0111401EB0FBF1F0401C0F
:103DC000C0F30B0040F4804040F400402168CA6911
:103DD0004CF6FF739A431043C861D4E907100143BE
:103DE0002068026822F0C00211430160D4E9030197
:103DF00001432068826848F2FF339A43114381608F
:103E0000D4E9051001432068C26822F0FF02114383
:103E1000C16001E00EE016E02068016841F0010198
:103E200001602564202084F83D00256384F83E501D
:103E3000002070BD01EB4106431EB3FBF6F35B1C93
:103E4000B3E70120C2E701EB4101401EB0FBF1F0F6
:103E5000401CC0F30B00B7E7A086010080841E0061
:103E600000093D0040420F00F0B587B00446142120
:103E70006846FCF7EFFB1D492068884233D11C4897
:103E80000025016841F004010160016801F00401AE
:103E90000591016841F0010101600068122600F0FF
:103EA000010005904FF40070CDE9000603270424BB
:103EB0000295CDE9037469460E48FFF71DFEA00187
:103EC000CDE900060295CDE9037469460A48FFF77B
:103ED00013FE07481030016841F4000101600068DA
:103EE00000F40000059007B0F0BD0000005C004049
:103EF0003038024000080240000002400248816859
:103F00000278114481607047880000200B4810B58A
:103F1000016841F400710160016841F48061016051
:103F2000016841F480710160032000F09FF80F20C8
:103F300000F006F800F050F8002010BD003C0240F0
:103F400030B50546204887B00024016841F00101E2
:103F50000160006806A900F001000590684600F0C5
:103F600045FE0398B0B100F067FE400017494FF0DE
:103F70008042B0FBF1F11648491E026040F2E73280
:103F8000C0E90324C0E90114846101F06DFA040062
:103F900003D015E000F050FEE8E70D4801F008FB03
:103FA00004000DD11C2000F033F8102D07D20022A0
:103FB00029461C2000F03AF80648056000E001247C
:103FC00007B0204630BD00004038024040420F009C
:103FD0007C3300208C0000200C4882B0016841F442
:103FE00080410160006800F4804000900748001F95
:103FF000016841F0805101600068002200F08050AB
:1040000000900F21901E02B000F010B8443802401A
:10401000002809DB00F01F020121914040098000C7
:1040200000F1E020C0F8001170470000F0B40E4B22
:104030001B68C3F30223C3F10704042C00D9042432
:104040001D1D072D01D2002300E0DB1E012606FA0C
:1040500004F56D1E0D409D409E40761E164045EABB
:104060000601F0BC0AF0BDBA0CED00E0064A00F013
:10407000070110684FF6FF03184040EA012003498A
:1040800008431060704700000CED00E00000FA05E6
:1040900070470068416200207047F0B50368586AB5
:1040A00039B19C6A4FF4827500EB144400204E1E17
:1040B0000AE040EA024098620FE005EB8007DF5912
:1040C000401C04EB1744C0B2B042F6D344EA0240AD
:1040D0004FF4807202EB810158500020F0BDD0F8FF
:1040E000E00408F052BC01EBC10200EB8202D0F800
:1040F000E004126A08F0A3BB01EBC10200EB8202EC
:10410000D0F8E004D2F8602208F0F5BBD0F8E00463
:1041100008F03DBC0A0601F00F0101EBC10100EB04
:10412000810101D5143101E001F51571006809F034
:1041300021BB70B504460B0601F00F0000EBC00177
:1041400004EB81014FF001024FF0000502D54A75E2
:10415000143103E081F8555201F51571087094F897
:104160009404012808D084F89424206809F020F8E9
:1041700084F89454002070BD022070BD70B50446D0
:1041800001F00F002279904201D9012070BD0B0689
:1041900001F00F0101EBC10104EB81014FF00102BD
:1041A0004FF0000502D54A75143103E081F85552ED
:1041B00001F515718D70087094F89404012808D0E9
:1041C00084F89424206809F061F984F8945400205C
:1041D00070BD022070BD01F00F0101EBC10100EBC9
:1041E0008100D0F8680270472DE9F04104460F06BF
:1041F00001F00F0000EBC00104EB81014FF001065C
:104200004FF0000502D54E75143103E081F8555288
:1042100001F51571C2F30A0208708A600B714A78C1
:1042200002B14883022B00D14D7194F89404012807
:1042300009D084F89464206808F008FF284684F8C0
:104240009454BDE8F0810220FBE710B501F00F04A3
:1042500004EBC40100EB8101C1E998230023C1F8FC
:10426000683281F8553281F85442837901F515712D
:10427000012B00D1CA618279006809F05FF9002042
:1042800010BD70B504460D4601F00F00217988423B
:1042900001D9012070BD29064FF000064FF0010240
:1042A00006D500EBC00104EB81014A75143107E02B
:1042B00005EBC50104EB810181F8556201F515712B
:1042C0008A70087094F89404012807D084F8942424
:1042D000206809F007F9280702D007E0022070BD26
:1042E000A17904F29C42206809F0A4F884F894644F
:1042F000002070BD10B501F00F0404EBC40100EB09
:104300008101C1E9082300238B6201234B7501F869
:10431000144F8379012B00D1CA618279006809F0BA
:104320000DF9002010BD00002DE9F84F0568044686
:10433000284609F0BAFA00287DD1206809F0E1FA90
:10434000002878D0D5F80808C0F30D20C4F8D404AC
:10435000206809F0D6FA800704D52068416901F089
:1043600002014161206809F0CCFAC10604F29C40C8
:10437000009034D52068816921F0100181612F6A95
:1043800007F00F0000EBC00004EB8006C7F34340CA
:1043900006F51576022802D0062811D01AE047F655
:1043A000F070074216D0C7F30A1217462846F16884
:1043B00009F0ABFAF0683844F0607069384408E0FE
:1043C00008222846009909F0A0FA7069C7F30A117B
:1043D000084470612068816941F0100181612068A2
:1043E00009F08FFA00034FF0010B7AD50026206800
:1043F00009F066FA8046DFF878A46FE05FEAC870DB
:1044000069D0F1B2206809F074FA0746C00707D0F6
:1044100005EB4611C1F808BB3146204604F014FEF6
:10442000380722D505EB46110820C1F8080B206893
:10443000D0F8409000E018E200EB4610D0F8082BCE
:10444000D14505D9110403D54FF40041C0F8081B2C
:10445000204600F0F0FAD14507D9A079012804D10F
:1044600020680121009A08F0E5FFF80604D505EB65
:1044700046111020C1F8080BB8071DD56869000661
:1044800005D5D5F8040840F48061C5F8041806EB9A
:10449000C60004EB800090F8571200F51570012952
:1044A00005D10021C170F1B2204600F0E7F905EB1B
:1044B00046110220C1F8080BB80604D505EB4610DA
:1044C0002021C0F8081BB80405D505EB46104FF4B1
:1044D0000051C0F8081B4FEA5808761CB8F1000FCD
:1044E0008CD1206809F00DFA40036DD5206809F0E1
:1044F000E0F98046002664E05FEAC8705ED0F1B261
:10450000206809F0E4F90746C00723D006F00F0140
:104510000BFA01F0D5F834188143C5F8341805EBCF
:104520004610C0F808B9A07901280FD106EBC600E3
:1045300004EB8000D0E907211144016236B9606ABA
:1045400020B920680121009A08F074FFF1B22046DA
:10455000FFF7C9FD380704D505EB46110820C1F85F
:104560000809F80604D505EB46111020C1F8080922
:10457000780604D505EB46104021C0F80819B807A5
:1045800016D53146284609F065F906EBC60004EB5E
:104590008000C17D1430012905D10021C170F1B224
:1045A000204600F067F905EB46110220C1F8080922
:1045B000380603D53146204604F0ACFD4FEA5808D2
:1045C000761CB8F1000F97D1206809F09AF90028FD
:1045D00011DAD5F8040820F00101C5F8041894F8A0
:1045E000CC0401282BD0204600F00AFA206841694B
:1045F00001F000414161206809F083F900050BD505
:10460000D5F80808C00702D0204600F03DFA20681F
:10461000416901F400614161206809F072F9C00448
:1046200067D5D5F8040820F00101C5F80418102159
:10463000206809F00FF900214FF67F3220E00020BA
:1046400084F8CC0401462046FFF722FDCEE705EBB7
:104650004110C0F80829D0F8003923F40013C0F83D
:104660000039C0F8082BD0F8003B23F40013C0F841
:10467000003BD0F8003B43F00063C0F8003B491C0E
:1046800020798842E3D8D5F81C0840F00111C5F81C
:104690001C18E07B002828460DD0D0F8840840F094
:1046A0000B01C5F88418D5F8440840F00B012846E2
:1046B000C5F844180DE0D0F8140842F22B01084365
:1046C000C5F81408D5F8100840F00B012846C5F8C5
:1046D0001018D0F8000820F4FE61C5F80018A17980
:1046E0002068009A08F0A6FE2068416901F4805114
:1046F0004161206809F005F9800415D5206808F0AB
:10470000E5FC206809F0C4F8E07100F08FFA01467A
:10471000E279206809F058F9204600F05BF920683A
:10472000416901F400514161206809F0EAF800078D
:1047300007D5204600F068F92068416901F00801BA
:104740004161206809F0DDF8000615D5A86920F060
:104750008001A96101260CE006EBC60004EB800095
:1047600090F85702012803D1F1B22046FFF7D2FC9E
:10477000761C2079B042EFD8206809F0C2F8C00258
:104780001FD501265F4614E005EB4610D0F800194E
:1047900006EBC60004EB8000027E012A08D1002946
:1047A00006DAC775F0B240F080012046FFF7B2FC90
:1047B000761C2079B042E7D82068416901F4801165
:1047C0004161206809F09DF8800231D501205B46E7
:1047D00026E005EB4011D1F8001B00EBC00204EB12
:1047E000820292F85862012E19D1002917DA94F842
:1047F000D464C1F3004106F001068E420FD182F865
:104800005732A96941F08002AA616969090606D494
:10481000D5F8040840F40070C5F8040803E0401C13
:1048200021798142D5D82068416901F400114161A4
:10483000206809F066F8400007D52046FFF74FFCD6
:104840002068416901F080414161206809F059F810
:1048500040070AD520684568680702D52046FFF75B
:1048600055FC2068416829434160BDE8F88F00008D
:104870000A30544FD0F8E00408F0DBB8D0F8E00478
:1048800008F0EBB8F8B5040005D094F89504266854
:10489000002510B106E00120F8BD84F894542046AC
:1048A00000F056F8032084F89504B6F1A04F00D12B
:1048B000A571206808F0B8FD207C8DF8000094E810
:1048C0000F0008F011FC0226B0BB0021206809F09F
:1048D0003BF888BB002101270CE001EBC10004EB91
:1048E000800047750175C1850576C5610562491C63
:1048F000C9B2456220798842EFD8002111E001EB6E
:10490000C10004EB800080F8555280F8541280F802
:104910005852C0F85C52C0F86052491CC9B2C0F885
:10492000645220798842EAD8207C8DF8000094E80F
:104930000F0008F0C1FC10B184F89564ABE7657412
:1049400084F89574206808F0A9FC0020F8BD0000E8
:1049500010B586B0044614216846FBF77BFE20683C
:10496000B0F1A04F2FD119480021026842F0010296
:104970000260006800F0010005904FF4C050009004
:104980000220CDE90101032003900A20049069462A
:104990000F48FFF7B1F80D48001D016841F0800194
:1049A00001600A481430016841F4804101600068E8
:1049B000002200F48040059005214320FFF736FBDC
:1049C0004320FFF725FB06B010BD00003038024041
:1049D0000000024070B50446C079012570B102287C
:1049E00001D0FDF79FFD2946D4F8E00408F0A4F8B3
:1049F000D4F8E004BDE8704008F058B80025F2E7AC
:104A0000D0F8E00408F081B8D0F8E00408F087B8E6
:104A100010B5044690F8940401280AD0012084F8C7
:104A200094046174206808F0BDFF002084F89404A9
:104A300010BD022010BDD0F8E02400F29C411046C9
:104A400008F086B810B50446006894F8941401295B
:104A500009D0012184F89414C168490609D5617B05
:104A6000012902D005E0022010BD816B41F48031A4
:104A70008163206808F0CCFE206808F001FC00206B
:104A800084F8940410BD000010B50446D0F8E0048A
:104A900008F0A0F82068D0F8001E41F00101C0F82D
:104AA000001EE07A002804D00248016841F00601A7
:104AB000016010BD10ED00E02DE9F0470D46040047
:104AC00065D0DFF81491D9F80000EFB200F00700CC
:104AD000A84207D289F80070D9F8000000F007005A
:104AE000A84254D120683D4E810712D5400703D516
:104AF000306840F4E05030602078000703D530681B
:104B000040F4604030603068A16820F0F000084355
:104B100030602078C0072DD03049606808390128FE
:104B200012D0022813D0032811D009688907002960
:104B30002DDA316821F0030101433160FFF7CAF833
:104B4000804641F2883A0EE009688903EFE7096878
:104B50008901ECE7FFF7BEF8A0EB0801514502D947
:104B60000320BDE8F0873068616800F00C00B0EB0E
:104B7000810FEFD1D9F80010484601F00701A94292
:104B800007D90770006800F00700A84201D0012093
:104B9000E7E72078400705D53068E16820F4E05069
:104BA000084330602078000706D53068216920F47A
:104BB000604040EAC100306000F05EF83168084AA9
:104BC000C1F30311515CC8400649086006480068FB
:104BD000FFF7B6F90020C4E7003C02400838024065
:104BE000E41F0108940000208C0000200F220260C6
:104BF0000C4A136803F003034360136803F0F003E7
:104C00008360136803F4E053C36012684FF4E05309
:104C100003EAD20202610448006800F0070008605D
:104C20007047000008380240003C0240014800681C
:104C30007047000094000020044805490068096896
:104C4000044AC1F38221515CC8407047940000209F
:104C500008380240F41F0108044805490068096843
:104C6000044AC1F34231515CC840704794000020AF
:104C700008380240F41F0108154810B5006810F00C
:104C80000C01144813D0144B04290FD008290ED15D
:104C90000F4C241F216801F03F022168490207D50B
:104CA0002068C0F38810A0FB030106E0184610BD81
:104CB0002168C1F38811A1FB00010023FBF7B2FBBF
:104CC0002168C1F30141491C4900B0FBF1F010BD5E
:104CD000083802400024F400001BB7002DE9F84F0B
:104CE000040075D02078DFF838A3C007AAF10405C6
:104CF00048D00AF104000168C1F38101012908D0FC
:104D00000068C0F3810002280AD1DAF800004002EE
:104D100006D52868800335D560680028E1D031E0E9
:104D20006068B0F5803F10D0B0F5A02F286810D093
:104D300020F480302860286820F480202860606893
:104D4000A0B1FEF7C7FF06460CE0286840F48030AB
:104D5000F4E740F480202860F7E7FEF7BBFF801BF4
:104D6000642871D828688003F7D50BE0FEF7B2FFFE
:104D7000064604E0FEF7AEFF801B6428F1D82868E1
:104D80008003F7D42078DFF89C9280074FF0000B67
:104D90003DD5A348001D016811F00C0F08D0006834
:104DA000C0F3810002280AD1DAF80000400206D4DC
:104DB0002868800715D5E068012809D111E0E0686E
:104DC000B8B10120C9F80000FEF784FF064605E0EF
:104DD00022E1FEF77FFF801B0228C2D828688007E7
:104DE000F7D52868216920F0F80040EAC100286062
:104DF0000DE0C9F800B0FEF76DFF064604E0FEF7CF
:104E000069FF801B02281FD828688007F7D4207804
:104E1000000722D5824F84486169703771B1012142
:104E20000160FEF757FF064604E0FEF753FF801BC4
:104E3000022809D838688007F7D50EE0C0F800B01E
:104E4000FEF748FF064605E082E0FEF743FF801BC1
:104E500002287DD838688007F7D42078400765D5C8
:104E60006F484FF000083C300068C0000BD46C481D
:104E70003C30016841F08051016000684FF001084A
:104E800000F080500090694F3868C0050FD4386832
:104E900040F480703860FEF71DFF064604E0FEF720
:104EA00019FF801B022853D83868C005F7D55C4F1E
:104EB000A0686C3701280FD00528386810D020F082
:104EC00001003860386820F004003860A068B0B194
:104ED000FEF700FF06460EE0386840F00100F4E7F8
:104EE00040F004003860F7E7FEF7F4FE811B41F262
:104EF0008830814263D838688007F5D50DE0FEF729
:104F0000E9FE064606E0FEF7E5FE811B41F2883029
:104F1000814254D838688007F5D4B8F1000F05D025
:104F20003F483C30016821F080510160A069B8B36E
:104F30003B49091D0968C1F38101022946D00228B5
:104F4000584606D0C9F86000FEF7C4FE044639E0B2
:104F500035E04F46C9F86000FEF7BCFE064604E0A7
:104F6000FEF7B8FE801B022829D828688001F7D4F4
:104F7000D4E907010843A16A2D4A490802EB01411F
:104F8000626A41EA8211084394F82C1040EA0161F8
:104F9000CAF8001001203866FEF79CFE044605E0C2
:104FA0003CE0FEF797FE001B022808D82868800125
:104FB000F7D533E0FEF78EFE001B022802D903204E
:104FC000BDE8F88F28688001F4D427E00128F7D0E5
:104FD000DAF80000E26900F4800191421CD1226AF3
:104FE00000F03F01914217D147F6C071626A01405B
:104FF000B1EB821F10D1A26A4FF0FF3300F44031B1
:1050000003EB5202B1EB024F06D194F82C1000F0E2
:105010007060B0EB016F01D00120D1E70020CFE735
:105020000438024000004742800E474200700040B2
:105030000000FFFF70B5040009D0606A002540B190
:1050400025616561A56294F8510040B10CE0012032
:1050500070BD6068B0F5827FF4D0E561F2E784F856
:105060005050204600F044F8022084F85100206897
:10507000016821F040010160A088218900F482705C
:1050800001F404410843A18901F400610843217C33
:1050900001F002010843217D01F001010843218B49
:1050A00001F400710843217F01F03801084394F8AE
:1050B000201001F080010843218D01F400510843C4
:1050C00021680860A069042101EA104094F82410C6
:1050D00001F010010843216848602068C16921F48B
:1050E0000061C1616565012084F85100002070BD38
:1050F0002DE9F04387B0044614216846FBF7AAFA6D
:1051000034492068884261D133480025016841F460
:1051100080510160006800F4805005902E481438DA
:10512000016841F002010160016801F0020105918E
:10513000016841F0010101600068022600F00100F1
:105140000590182001274FF003084FF005098DE85E
:10515000C10369462148FEF7CFFC80208DE8C103DA
:1051600069461F48FEF7C8FC1F4E1E484FF0C06737
:105170003060C6E901754FF48068C6E9035875616F
:105180007812B561C6E9075030467562FEF7F2FB4A
:1051900008B1FDF7C7F9E664B463134E11486036F1
:1051A0001830E6E802074020A6E82101C00246F8D0
:1051B0001459B561C6E907500B4875626030FEF7B7
:1051C000D9FB08B1FDF7AEF9A664B46307B0BDE83A
:1051D000F0830000003001404438024000040240E7
:1051E00000000240406402404C1300202DE9FF4FB4
:1051F00081B01F469346044601250E9EFEF76AFDC8
:10520000804694F851006168012806D0B1F5827F8C
:105210003CD1A168C9BB042838D10298002870D0BD
:10522000BBF1000FFBD0002FF9D094F850000128FB
:105230002CD04FF0010A84F850A094F851000428B3
:1052400002D0052084F851004FF00009C4F85490B2
:10525000C4F838B0E787A78702992163E786A78655
:10526000C4F84090C4F8449020680168490603D40B
:10527000016841F040010160E068B0F5006F6068CE
:1052800008D0E8B3012F47D07DE0FFE7022005B04A
:10529000BDE8F08F08B1012F37D1206B216800885D
:1052A000C860206B801C2063E08E401EE0862CE0EE
:1052B0002068816889070DD5E18E59B1012D09D18A
:1052C000216B0988C160206B801C2063E08E401E2A
:1052D000E086002520688168C9070BD0E18F49B1BD
:1052E000C068A16B0880A06B801CA063E08F401E8B
:1052F000E0870125FEF7EEFCA0EB0800B04201E0DC
:105300000AE064E001D3701C4ED1E08E0028CFD1BA
:10531000E08F0028CCD13CE0206B21680078087336
:10532000206B401C2063E08E401EE0862BE020684E
:10533000816889070DD5E18E59B1012D09D1216B05
:1053400009780173206B401C2063E08E401EE086CC
:10535000002520688168C9070BD0E18F49B1C0687A
:10536000A16B0870A06B401CA063E08F401EE0871B
:105370000125FEF7AFFCA0EB0800B04202D3701C81
:1053800001D011E086B1E08E0028D0D1E08F002856
:10539000CDD142463146204604F0DCFE50B12020FB
:1053A000606584F8509012E084F851A084F8509021
:1053B00003206CE7A06818B92068C1688068009075
:1053C00084F851A084F85090606D0028F1D001203D
:1053D0005DE770477047000070B590F83C20012AE7
:1053E00032D0012580F83C50022280F83D2002682E
:1053F0005368946823F070060B6833435360134B73
:1054000002689A4214D0B2F1804F11D0104B9A42E8
:105410000ED0104B9A420BD00F4B9A4208D00F4B34
:105420009A4205D00E4B9A4202D00E4B9A4204D1BA
:10543000496824F080031943916080F83D500021B1
:1054400080F83C10084670BD022070BD000001408D
:105450000004004000080040000C0040000401402F
:10546000004001400018004010B5040003D094F83B
:105470003D0010B107E0012010BD002084F83C0081
:10548000204600F01FF8022084F83D00211D20680E
:1054900006F032F8012084F8460084F83E0084F8D3
:1054A0003F0084F8400084F8410084F8420084F80A
:1054B000430084F8440084F8450084F83D0000204F
:1054C00010BD000008B50068174A1849904211D174
:1054D000086840F0020008600868002200F002003E
:1054E000009005211D20FEF7A1FDBDE808401D200C
:1054F000FEF78EBD0E4A904207D1086840F00400C6
:105500000860086800F004000BE00A49884209D1ED
:105510000648001D016841F400310160006800F494
:105520000030009008BD00000004004040380240F8
:10553000000800400044014090F83D10012901D0CE
:1055400001207047022180F83D100068114988420F
:1055500014D0B0F1804F11D00F4988420ED00F49BE
:1055600088420BD00E49884208D00E49884205D0A7
:105570000D49884202D00D49884204D1816801F06A
:105580000701062903D0016841F0010101600020F4
:105590007047000000000140000400400008004087
:1055A000000C004000040140004001400018004091
:1055B00090F83D10012901D001207047022180F8A8
:1055C0003D100168CA6842F00102CA6000681149D2
:1055D000884214D0B0F1804F11D00F4988420ED0CC
:1055E0000E4988420BD00E49884208D00D498842A6
:1055F00005D00D49884202D00C49884204D1816807
:1056000001F00701062903D0016841F001010160A2
:1056100000207047000001400004004000080040E6
:10562000000C004000040140004001400018004010
:1056300070B5044690F83C000025012817D00126DB
:1056400084F83C60022084F83D002068826822F0E3
:10565000770222F47F4282600868502838D00DDC3F
:1056600020284FD005DC90B3102811D14AE0022049
:1056700070BD302846D040280AD13BE060282FD0AA
:1056800070280DD0B0F5805F03D0B0F5005F12D068
:10569000012584F83D60002084F83C00284670BD58
:1056A000CB68D1E90121206805F09BFF2068816863
:1056B00041F0770109E0CB68D1E90121206805F0CC
:1056C00090FF2068816841F480418160E1E719E042
:1056D000CA684968206806F06EF85021206806E024
:1056E000CA684968206806F077F86021206805F0EC
:1056F00082FFCEE7CA684968206806F05CF840215E
:105700002068F4E7226801461046F0E770472DE96B
:10571000F04104460068C66805694FF00007A90714
:1057200013D5B10711D5F91E01610120207720683A
:1057300080698007204602D0FFF7E8FF04E000F010
:10574000C1F8204600F053F92777680716D570078F
:1057500014D521686FF004000861022020772068CA
:10576000806910F4407F204602D0FFF7CFFF04E0AD
:1057700000F0A8F8204600F03AF92777280715D559
:10578000300713D521686FF00800086104202077E6
:105790002068C0698007204602D0FFF7B7FF04E009
:1057A00000F090F8204600F022F92777E80616D599
:1057B000F00614D521686FF01000086108202077EA
:1057C0002068C06910F4407F204602D0FFF79EFF9A
:1057D00004E000F077F8204600F009F92777E807A1
:1057E00008D0F00706D021686FF00100086120465C
:1057F00000F066F9280608D5300606D521686FF056
:10580000800008612046FFF7E4FD680608D57006B1
:1058100006D521686FF040000861204600F057F976
:10582000A8060AD5B00608D521686FF020000861E7
:105830002046BDE8F041FFF7CDBDBDE8F081000096
:1058400010B586B0044614216846FAF703FF2068B5
:10585000174C002317490222A0420FD1086840F0DC
:10586000080008600868694600F0080005905003C9
:105870008DE80D00CDE903320F4814E00F4B98423C
:1058800013D1086840F0200008600868694600F0FD
:10589000200005904020CDE900020120CDE9020260
:1058A000032004900648FEF727F906B010BD00005B
:1058B0000008004030380240000C02400044014023
:1058C00000140240704770B5044690F83C00002672
:1058D0000D4601280FD0012084F83C006AB1042A4B
:1058E0001DD0082A2FD00C2A3FD00126002084F892
:1058F0003C00304670BD022070BD206805F084FE7B
:105900002068816941F0080181612068816921F086
:1059100004018161206881692A69114311E02068CE
:1059200005F0A2FE2068816941F400618161206870
:10593000816921F480618161206881692A6941EA75
:1059400002218161D2E7206805F0C4FE2068C169A8
:1059500041F00801C1612068C16921F00401C16101
:105960002068C1692A69114311E0206805F0E6FE4C
:105970002068C16941F40061C1612068C16921F4F6
:105980008061C1612068C1692A6941EA0221C1615F
:10599000ACE710B5040003D094F83D0010B107E067
:1059A000012010BD002084F83C00204600F01EF8C5
:1059B000022084F83D00211D206805F09DFD012096
:1059C00084F8460084F83E0084F83F0084F84000E4
:1059D00084F8410084F8420084F8430084F84400CD
:1059E00084F8450084F83D00002010BD70477047E2
:1059F00010B5044649B104290AD008290BD094F8FF
:105A0000410001280AD0012010BD94F83E00F8E7BB
:105A100094F83F00F5E794F84000F2E70220B1B3B4
:105A2000042938D0082939D084F84100012220689F
:105A300005F0CAFD1B4920681B4A884201D09042EC
:105A400003D1436C43F4004343642068884213D07D
:105A5000B0F1804F10D0154988420DD014498842CA
:105A60000AD01449884207D0904205D01249884292
:105A700002D01249884204D1816801F00701062949
:105A800003D0016841F001010160002010BDFFE773
:105A900084F83E00CAE784F83F00C7E784F8400076
:105AA000C4E7000000000140000401400004004081
:105AB00000080040000C0040004001400018004079
:105AC0000068B0F1804F01D1FEF718BA70477047F7
:105AD00070477047F8B5016804460868CA684B69A2
:105AE00010F00F0F4FF0000559D003F0010602F43B
:105AF0009077374365D0C10705D0D10503D5616CD8
:105B000041F001016164410705D5D90703D0616CFB
:105B100041F002016164810705D5D90703D0616CAA
:105B200041F004016164010707D502F0200131430F
:105B300003D0616C41F008016164616C00293AD0C6
:105B4000800604D5900602D5204605F0DEFE2068CA
:105B50004069616CC0F38010090700D460B320462F
:105B600005F09EFE20684069400621D5206814306B
:105B700050E8001F21F0400140E80012002AF5D152
:105B8000E06BA8B172490165E06BFDF710FE0028DB
:105B900011D0E06B016D01B0BDE8F040084783060D
:105BA0000FD593060DD52046BDE8F84005F0ADBEF3
:105BB0002046FFF78EFFF8BD2046FFF78AFF656499
:105BC000F8BD266B2023012E7ED1C6067CD5D606D5
:105BD0007AD508684868009048694FF00206400688
:105BE0004DD5E26B106840684FF480770004000CDC
:105BF0003AD0A18D814237D9E085D069B8422DD005
:105C000020680C3050E8001F21F4807140E8001239
:105C1000002AF5D12068143050E8001F21F001015E
:105C200040E80012002AF5D12068143050E8001F27
:105C300021F0400140E80012002AF5D184F84230FA
:105C4000256320680C3050E8001F21F0100140E867
:105C50000012002AF5D1E06BFDF760FD6663A08DB0
:105C6000E18D401A81B206E0A18D8142A8D1D069B0
:105C7000B842A5D166632046FFF72AFFF8BDA08D84
:105C8000E18D401A81B2E08D0028F7D00029F5D0CF
:105C900020680C3050E8002F22F4907240E8002772
:105CA000002FF5D12068143050E8002F22F00102B7
:105CB00040E80027002FF5D184F8423025632068A2
:105CC0000C3050E8002F00E006E022F0100240E81F
:105CD0000023002BF3D1CDE705062BD5150629D5DA
:105CE00094F841002128C9D1A068B0F5805F01D1A6
:105CF0002069B0B1206A411C2162216800784860A7
:105D0000E08C401E0004000CE084B7D12068C1681C
:105D100021F08001C1602068C16841F04001C1608C
:105D2000F8BD206A0088C0F308004860206A801C23
:105D30002062E5E74006F3D55006F1D5CA68204653
:105D400022F04002CA6084F8413000F0ABF9F8BD9F
:105D5000FDB7000870B5040004D094F84100002598
:105D600010B106E0012070BD84F84050204600F0DC
:105D700023F8242084F841002068C16821F40051F0
:105D8000C160204605F022FE2068016921F490419F
:105D900001612068416921F02A0141612068C168E0
:105DA00041F40051C1606564202084F8410084F80A
:105DB00042006563002070BD2DE9F04F87B00446B6
:105DC00014216846FAF746FC8848DFF81C8214382C
:105DD000D4F800C0854A02270321072300250615B1
:105DE0004FF0400B4FF0006AC44564D1D2F800C0B8
:105DF0004CF0100CC2F800C0126802F010020592BC
:105E0000026842F002020260026802F00202059299
:105E1000026842F0010202600068884600F001005A
:105E200005908020CDE900070DF1080C99468CE81B
:105E3000200369466E48FDF75FFE7010CDE900074C
:105E40000DF1080C69468CE820036A48FDF754FE02
:105E50006A4F6948D046C7E90356B14607F1180CA6
:105E600086154FF4803A7D618CE860047D6287E896
:105E700001093846FDF77EFD08B1FCF753FBA76327
:105E8000BC635E4F5C48603730383860C7E90185D5
:105E9000C7E9035907F118017D6181E860043846BC
:105EA0007D62FDF767FD08B1FCF73CFBE763BC636F
:105EB00007B0BDE8F08FDFF848814FF44039C445A2
:105EC0003BD14A4A121FD2F800C04CF4802CC2F8D1
:105ED00000C0126802F480220592026842F00402B7
:105EE00002600068029500F004000590CDE90313FC
:105EF0004FF44060CDE9000769464248FDF7FCFDDC
:105F00003E4F4148C0373860C7E901A5C7E903568D
:105F100080157D61C7E90650C7E908953846FDF749
:105F200029FD08B1FCF7FEFAE763002205212720CE
:105F3000BC63FEF77BF8272052E0344B9C45B7D179
:105F4000136843F020031360126802F020020592E8
:105F5000026842F0400202600068029500F04000D2
:105F600005904FF48440CDE900070820CDE90310E7
:105F700069462748FDF7C0FD1F48264F90384FF06F
:105F800020683860C7E90185C7E903567D614FF491
:105F90000030BD61C7E9075038467D62FDF7EAFC75
:105FA00008B1FCF7BFFAE763BC631A4F12486037C9
:105FB0001838C7E903567D61BD61C7E907597D629D
:105FC00087E801093846FDF7D5FC08B1FCF7AAFAC5
:105FD000A763002205214720BC63FEF727F847206E
:105FE000FEF716F864E70000001001404438024054
:105FF0000004024000000240B8640240BC150020CA
:10600000004800400008024028600240001401409F
:1060100000180240DC1600207047000037B5044627
:1060200090F84100202801D002203EBD019901B323
:10603000FAB12162A284E28400206064212384F802
:106040004130A56B144BEB63A56B144B2B64A56B14
:10605000134BEB64A36B186520681346A56B021DF8
:106060002846FDF7F1FC30B110206064202084F850
:10607000410001203EBD21686FF0400008602068AB
:10608000143050E8001F41F0800140E80012002A5F
:10609000F5D100203EBD000055B8000897B80008B3
:1060A0000BB800087047704770B5044600203C4D9F
:1060B0002074A27B288861684243D4F8F400FAF780
:1060C0006DFAA17B288841436068FAF7C3FAA07B88
:1060D00010FB00F128884143D4F81801FAF7BAFA06
:1060E000207BA17B10FB01F128884143D4F80C01EF
:1060F000FAF7B0FA00202BE0D4F8F41001EB80029C
:1061000092ED000AB5EEC00AF1EE10FA1ED0227C24
:1061100001EB820181ED000A227C616A8854A16949
:10612000227B01EB8001237C91ED000A6169095C0F
:1061300012FB03116FF0030202EB8101D4F80C2172
:10614000114481ED000A217C491C2174401CC0B21D
:10615000A17B8142D0D8002010E0636AE2691B5C19
:1061600002EB830292ED000A10FB0101D4F8182122
:10617000401C02EB8101C0B281ED000A217C81420A
:10618000EBD8C8B224F8780F14F86C0C608020812A
:106190006181218361832084618424F8301C70BD77
:1061A0004409002010EE100A0749DFED080A884272
:1061B00002DB30EE600A704710EE100A0449884294
:1061C000F9D330EE200A7047DB0F4940DB0FC9409E
:1061D000DB0F49C0FEE70000F0B5894F0E462DEDFC
:1061E000068B044687B01546D0ED040A97ED050AE4
:1061F000844830EEC00AB0EEC00A10EE101A814298
:1062000019DC94ED050A97ED061A30EE410AB0EE5E
:10621000C00A10EE101A81420DDC94ED060A97EDCB
:10622000071A30EE410AB0EEC00A10EE101A814291
:1062300001DC2078F0B3DFED74AA80EEAA0A08F042
:1062400027FFD4ED050AF0EE409A80EEAA0A08F086
:106250001FFFD4ED060AB0EE40AA80EEAA0A08F0AD
:1062600017FFD4ED040AB0EE409A80EEAA0A09F0B6
:106270002DF9D4ED050AB0EE408A80EEAA0A09F0A5
:1062800025F9D4ED060AF0EE408A80EEAA0A09F05C
:106290001DF969EE890A68EE281AB0EE601A01EE5F
:1062A000801A87ED081A2AEE081A87ED091A29EED6
:1062B000801A00E023E069EE081A002001EEE81AD7
:1062C00087ED0A1A29EEA81A21EE001A09EE481ADB
:1062D00087ED0B1A29EE8A1A87ED0C1A28EE401A60
:1062E0002AEE400A00EEE81A87ED0D1A87ED0E0A35
:1062F0002AEE090AC7ED0F8A87ED100A20700020E8
:10630000694606EB800292ED000A04EB8002D2EDB2
:10631000010A01EB8002401C20EE200AC0B20328D3
:1063200082ED000AEDD39DED001AD7ED085ADDEDA0
:10633000010AD7ED094A61EE251A9DED020A97ED93
:106340000A2A002044EEA01A03A942EE001AC6ED64
:10635000001A97ED0B3AD7ED0C3A97ED0D4A61EE26
:10636000031A43EEA01A44EE001AC6ED011AD7ED47
:106370000E1A97ED0F5AD7ED102A21EE211A05EECD
:10638000201A02EE801A86ED021A05EB800292EDC9
:10639000000A01EB8002401CC0B282ED000A032813
:1063A000F3D39DED030A9DED041ADDED050A60EEC1
:1063B000255A44EE815A42EE205A20EE032A20EE5E
:1063C000210A03EE812A05EE010AC5ED005A04EE0A
:1063D000202A02EEA00A85ED012A85ED020A94ED3D
:1063E000040A87ED050A94ED050A87ED060A94ED87
:1063F000060A87ED070A07B0BDEC068BF0BD00006A
:10640000740800206F12833AE12E654210B50446ED
:106410002DED048BD0F8EC00D0ED009AD0ED018A80
:1064200090ED029A29EEA90A90ED038A08EEA80AD7
:1064300009EE090A08EE080A09F032FB0020D4F838
:10644000EC1001EB8001401CD1ED000AC0B2042821
:1064500060EE800AC1ED000AF1D33F48D4F8001184
:1064600090ED6F0A60EE280AB6EE000A60EE800A30
:10647000C1ED040AD0ED6F0AD4F8001160EE890A6C
:1064800060EE800AC1ED050AD0ED6F0AD4F8001164
:1064900020EEA91AFEEE000A21EE201A81ED0A1A5A
:1064A00090ED6F1AD4F8001121EE081A21EE001AAF
:1064B00081ED0B1A90ED6F1AD4F8001121EE081A35
:1064C00021EE201A81ED101A90ED6F1AD4F8001108
:1064D00021EE291A21EE201A81ED111A90ED6F1A82
:1064E000D4F8001121EE091A21EE000A81ED160AF6
:1064F00090ED6F0AD4F8001120EE280A20EE200A51
:1065000081ED170AD4F8F810D0ED740A91ED1C0A49
:1065100080EE201A81ED1C1AD4F8F810D0ED740A20
:1065200091ED230A80EE201A9FED0D0A81ED231ACA
:10653000D4F8F8000949026F8A4201DD80ED1C0A97
:10654000D4F8F800D0F88C208A4201DD80ED230ACF
:10655000BDEC048B10BD000008A9002000401C46C3
:1065600000401C4670B52C4C01252DED028B04F526
:10657000D8702570B7EE008A80EC030A00209FEDEA
:10658000270A84ED730A84F83801C4E95000C4E98D
:10659000520011EE900AB0F17E5F01DDF0EE481A74
:1065A000C4ED741A84ED642A032300220621201D01
:1065B00000F028FE1A4B01221146A3F1080008F052
:1065C000BEFD54F8EC0F9FED170A902280ED008A73
:1065D00054F86409184980ED010A606E80ED020AE2
:1065E000606E80ED030A1048A0641048E064104813
:1065F00020651048606504F85A5C04F8595CE06F47
:10660000F9F7CCFF606F9022BDEC028B0B49BDE81F
:106610007040F9F7C3BF000008A9002077CC2B32E7
:10662000D0AA002000000000416600080D640008A8
:10663000756600084D6B00083C200108CC0900205D
:1066400010B50446902254F8F81F0848F9F7A6FF41
:1066500048220748616AF9F7A1FF054861694822A5
:10666000BDE810404830F9F799BF0000CC09002080
:10667000E8AA002070B50446B0EE000A54F8EC0F0A
:106680002B4DD0ED000A60EE800AC5ED090AD0ED71
:10669000010A60EE800AC5ED0A0AD0ED020A60EE3A
:1066A000800AC5ED0B0AD0ED030A20EE800A85EDC5
:1066B0000C0A14F8DE0C14F8E01C10FB01F11D4864
:1066C00000884143206AF9F7C5FFD5ED0B1A206A0F
:1066D000B1EE612A80ED002A206A95ED0C1A80ED5A
:1066E000011A95ED090A206AF1EE400AC0ED020A8E
:1066F000206AD5ED0A0AC0ED030A206AC0ED060A39
:10670000206A80ED070A206A80ED081A206AC0ED31
:10671000091A206A80ED0C0A206AB1EE600A80ED49
:106720000D0A206A80ED0E2A206A80ED0F1A70BDD6
:10673000880900204409002070B5F74C2DED088B26
:10674000B0EE438AB0EE629AF0EE429AB0EE61AAE1
:106750002078F0EE41AAF0EE60BAB0EE40BADFED7C
:10676000EF8A58B9B0EE682AF7EE001A9FEDEC1ADE
:10677000DFEDEC0AB2EE040AFFF7F4FE84ED6F8A57
:10678000D4ED581AE84D90223BEE610AE74984EDBA
:106790005B0AD4ED591A7BEEE10AC4ED5C0AD4ED34
:1067A0005A1A3AEEE11AF6EE001A20EE210A84EDAA
:1067B0005D1A20EE080A85ED000A20EEA10A20EEFF
:1067C000080A85ED010A21EE210A20EE080A85ED6E
:1067D000020AD4F8040104F58274F9F7DFFE95ED9E
:1067E000001A2068B1EE412A80ED012AD5ED010A98
:1067F0002068F1EE602AC0ED022A95ED020A2068B9
:10680000F1EE401AC0ED031A206880ED061A2068E8
:1068100080ED080A2068C0ED092A2068C0ED0C0A46
:106820002068C0ED0D1A206880ED0F1A206880EDF9
:10683000120A2068C0ED130A54F8440B80ED142AA4
:1068400074E85201084305D184ED5EAAC4ED5F9A55
:1068500084ED609A94ED5E0A94ED641AD4ED6F0AAB
:1068600020EE012A30EE810AC2EE001A20EE8A2ABA
:10687000C2EE002A31EEA22A84ED5E2AD4ED5F1A20
:1068800061EE812AC2EE801A60EEA92A60EE890AC2
:1068900082EE803A71EE831AC4ED5F1AD4ED602A5D
:1068A00062EE812A82EE801AC0EE802A22EE020A6F
:1068B00001EEA10A71EE220AC4ED600A00EEA00A00
:1068C00009F0EEF885ED030A002004EB8001D1ED1C
:1068D0005E0AA16801EB800160EE800A401CC0B234
:1068E000C1ED000A0328F0D394ED5B0AD4ED5C0AF5
:1068F00020EE000A00EEA00AD4ED5D0A00EEA00A28
:1069000009F0CEF8B7EE009A894989EE001A84EDB5
:10691000651AD5ED030A11EE100A89EE200A8842A5
:1069200084ED660A0BDA10EE100A8249884206DD11
:1069300010EE100A8049884201DA012000E00020B0
:1069400084F8390194ED6C0AD4ED6F0AD4F818017B
:1069500020EE200A80ED000A94ED6C0AD4ED6F0A57
:10696000D4F8180120EE200A80ED070A94ED6C0A95
:10697000D4ED6F0AD4F8180120EE200A80ED0E0A3B
:1069800094ED6C0AD4ED6F0AD4F8180120EE200AB9
:1069900080ED150A94ED6D0AD4ED6F0AD4F8180154
:1069A00020EE200A80ED1C0A94ED6D0AD4ED6F0AEA
:1069B000D4F8180120EE200A80ED230AD4F81C0137
:1069C00094ED6E0A80ED000AD4F81C0194ED6E0A75
:1069D00080ED040AD4F81C0194ED6E0A80ED080ADB
:1069E000201D00F0F9FE6068B0EE008A90ED001AFC
:1069F00084ED541A90ED010A61EE012A84ED550AE6
:106A0000D0ED021AC4ED561A90ED032A40EE002A8A
:106A100084ED572A21EE021AD0ED040AC4ED580A7B
:106A2000D0ED050A00EE211AC4ED590AF0EE490A2C
:106A3000C4ED5A8A52EE880A21EE080A08F0B2F82C
:106A4000DFED3E8AF0EE490A20EE280A84ED6A0A5C
:106A500094ED540A94ED571A60EE001A41EE011AB3
:106A600051EE880AD4ED551A20EE210AD4ED561ABB
:106A700001EE810A20EE080A08F094F820EE280AB8
:106A800084ED690A94ED550AD4ED570A94ED561A2F
:106A900020EE200AD4ED540A00EEC10AF8EE000AF6
:106AA00020EE200A07F0E8FF20EE280A244984EDB2
:106AB000680A94ED6A0AD4ED760A70EE600A10EE68
:106AC000900A884203DDB4F8D401401E07E010EEBE
:106AD000900A1C49884204D9B4F8D401401CA4F897
:106AE000D401B4F9D401DFED181A00EE900AB8EE23
:106AF000E01AF0EE400A41EE210AC4ED6B0A84ED83
:106B0000760AF4E95201401C41F10001C4E9000198
:106B1000BDEC088B70BD000008A90020000000003B
:106B20008096184B6F12833A880900203C20010898
:106B30009A99993ECDCC1441CDCC2441E12E6542A9
:106B400000003443000034C30000B4432DE9F84F83
:106B500000F18001044678300546009108F09DFC64
:106B600084F8C800B4F87800A4F8A800B4F85A0073
:106B7000A4F8AA0004F1A80204F1580191468B463A
:106B8000284608F03DFC84F8C800B4F8A800A4F832
:106B9000B000B4F88200A4F8B20004F1B00290464C
:106BA0004846009908F02CFC84F8C800B4F890001E
:106BB000A4F8A000B4F89200A4F8A20004F1A00286
:106BC000154604F19001404608F0A4FA84F8C80084
:106BD00041462846B03408F0B7FA2076E06BBE494B
:106BE0000125D0ED001AF0EE002AC1ED0D1A90ED4E
:106BF000011A002781ED0E1AD0ED020AB74EC1ED41
:106C00000F0A90ED030A81ED100A21EE002A34F8F4
:106C1000380C2081658101EEE02AE06F22EE222A05
:106C200080ED002A21EE812A61EEA11AE06F00EECC
:106C3000802A41EE411A22EE222A40EEE01A80ED2F
:106C4000012AE06FB03C40EE001AC0ED021AD4F801
:106C50002C0100EB870090ED000AB0EEC00A07F0AF
:106C60007FFE06EB87007F1CFFB280ED610A032FD9
:106C7000EDD3B4F84800A4F8C00004F1C00204F158
:106C8000B801A4F8C25017468A4604F1480008F03B
:106C9000EFFB84F8C800B4F8C000A4F8A80024F8FA
:106CA000AA5F4A463946404608F0AAFBA077E5812C
:106CB000E08A20825146384608F0EFFBA077884AE8
:106CC0004946504608F09CFBA07796ED730AB6EE55
:106CD000001AD6ED720A20EE011AAA3CF4EEC10A9F
:106CE000F1EE10FA01D286F83851F4EEC00A002015
:106CF000F1EE10FA34DD96F8381181B396F83911B7
:106D000029B1D6E95012491C42F1000201E00021EC
:106D10000A46C6E95012D6E950234FF0320C002142
:106D2000BCEB0202994102D286F8380136E06D4E82
:106D300014F80C2F30884243D4E937017434F9F742
:106D40002DFC14F8740C10FB00F230884243D4E997
:106D50001E01F9F723FC04F8545CBDE8F88FFFE747
:106D60009FED611A20EE011AF4EEC10AF1EE10FA5D
:106D70000DDD96F8381151B170EE600A9FED5B1A87
:106D800020EE010A80EE801A86ED671A03E0B7EE66
:106D9000000A86ED670A0021C6E9501184F82C002C
:106DA000B4F85800A4F8A800B4F88200A4F8AA0027
:106DB0004A4658466C34009908F022FB04F85C0FF0
:106DC000A4F13002934641464846C83C08F018FBFF
:106DD00084F8C80000200DE0D4F81C11D6ED670A35
:106DE00001EB8001401C91ED000AC0B220EE200AA8
:106DF00081ED000AB4F89810B4F89A20514381420A
:106E0000EADC04219FED3A0A002006EB810C01EB3D
:106E100041039CED5D1AD4F81C2103EB0008C1EE80
:106E2000000A02EB8802401C92ED001AC0B203284F
:106E300060EE810AC2ED000AEBD3491CC9B20629F3
:106E4000E2D334F8980F5246208465843946584678
:106E500008F0D6FA84F8300096F83801983C50B320
:106E6000DFED240A9FED241A0420D4F8BC1096ED1F
:106E70006F0A01EB800120EE200AD1ED001AF4EE3A
:106E8000C01AF1EE10FA01DD81ED000AD4F8BC1051
:106E900096ED6F0A01EB800120EE010AD1ED001A98
:106EA000F4EEC01AF1EE10FA01D281ED000A401C96
:106EB000C0B20628D9D3D4F8BC009FED100A04F163
:106EC000300280ED030A514604F1380008F022F93F
:106ED00084F8C80041E700008809002008A90020C4
:106EE000C8AA002044090020CDCCCC3D6666663F90
:106EF000DA0FC93F0AD7233C0AD723BC00000000A1
:106F0000114810B590ED070A1048D0ED030A10485B
:106F100002F04CF90E4890ED0D0A08F09CFD00EED1
:106F2000100A9FED0C1ADFED0C0AB8EEC00A08F04B
:106F300082FDBCEEC00ABDE8104010EE100A002130
:106F400082B2064804F022BC089600207408002093
:106F5000149700200000804F000000009C140020C7
:106F600010B52448B7EE000A2DED028B012180ED0B
:106F7000010A80ED020A9FED208A80ED030A80ED70
:106F8000048A80ED058A80ED068A0170B0EE482AF9
:106F9000F7EE001A9FED191ADFED190AB2EE040A96
:106FA000FFF7E0FA00231A461946F0EE484AB0EE21
:106FB000484AF0EE483AB0EE483AF0EE482AB3EECE
:106FC000042ADFED101AB0EE481ADFED0F0A9FED2C
:106FD0000F0A0F4802F0B5FB00210E48FEF708FD2E
:106FE00004489FED0D0A803880ED100ABDEC028B3D
:106FF00010BD000044980020000000008096184B4F
:107000006F12833A00007A44000096430000FA446D
:10701000149700209C14002096430B3C70B56248E6
:107020002DED028B86B007C88DE807005F48FBF79F
:10703000F7F85E4D5E4885ED010AD5ED020A30EEA7
:10704000800A85ED020AF9F7D3FC5948594C90EDB6
:10705000000A04F11C0284ED070A90ED010AA2F176
:107060000C0184ED080A90ED020A84ED090A90ED06
:10707000030A84ED040A90ED040A84ED050A90EDFC
:10708000050A01F1700084ED060AFFF7A5F8D4EDBA
:10709000090A94ED070A07F085FD9FED478A20EE67
:1070A000080ADFED460A80EE201A84ED1A1AD4EDA4
:1070B000090A94ED080A07F075FD20EE080ADFEDD5
:1070C000400A04F1100080EE201A84ED1B1A95EDA1
:1070D000013A90EC060AFFF72FFB3A4920464EC9C9
:1070E00080E84E00024600F144012F482438F9F7A9
:1070F000E7FD2D48224602F150011838F9F7E0FD6E
:107100002948224602F15C010C38F9F7D9FD2246E4
:1071100003A96846FBF779F995ED011A002003AA47
:1071200004EB800102EB800391ED070AD3ED000A26
:10713000401CC0B230EE600AD4ED100A032820EEE5
:10714000012A30EE810AC2EE001A91ED0A2A62EE9F
:10715000200A80EE802A31EE820A81ED0A0ADFD30E
:10716000144A02F13401A1F10C00F9F7A9FD164807
:1071700090ED6A0A84ED1E0A90ED690A84ED1D0AFD
:1071800090ED680A84ED1C0A90ED6B0A84ED1F0AED
:10719000287CC00701D1FFF7B3FE2869401C286195
:1071A00006B0BDEC028B70BD2020010874080020E1
:1071B00008960020C497002000003443DB0F49C02C
:1071C000DB0F494058AA002008A90020F0B5002391
:1071D0000A24302537261F4610E0B4EB107F02D971
:1071E00005EB107C01E006EB107C01F813C001EB0D
:1071F000430C00015B1C8CF80170DBB29342ECD3B2
:10720000F0BD00002DE9F047DFF8DC830D460421D6
:10721000A8F800100821A8F80210057342738373C0
:107220004FF000091E46044680F81090174630467D
:10723000F9F7A2F831466061F9F7EAF9B8F8000009
:107240007043F9F799F8A061B8F800107143F9F7A5
:1072500001FAB8F800007043F9F78EF8E061B8F869
:1072600000107143F9F7F6F9B8F800006843F9F730
:1072700083F82062B8F800106943F9F7EBF930465B
:10728000F9F77AF831466062F9F7C2F9B8F8000008
:107290006843F9F771F82060B8F800106943F9F70E
:1072A000D9F9B8F800007043F9F766F86060B8F8EB
:1072B00000107143F9F7CEF9B8F800007843F9F7F8
:1072C0005BF8A060B8F800107943F9F7C3F9B8F893
:1072D00000006843F9F750F8C4F8E800B8F8001067
:1072E0006943F9F7B7F9217B012204F13000D4F8A2
:1072F000E83007F024FFB8F800006843F9F73CF8DD
:10730000C4F8EC00B8F800106943F9F7A3F9217B41
:10731000012204F13800D4F8EC3007F010FF9FB1DF
:10732000B8F800007843F9F727F8C4F8F000B8F887
:1073300000107943F9F78EF9617B012204F14000D6
:10734000D4F8F03007F0FBFEB8F800007043F9F70E
:1073500013F8C4F8F400B8F800107143F9F77AF99B
:10736000A17B012204F14800D4F8F43007F0E7FED5
:10737000B8F8000068436843F8F7FEFFC4F8F80067
:10738000B8F8001069436943F9F764F9217B04F107
:1073900050000A46D4F8F83007F0D1FEB8F80000E3
:1073A00068436843F8F7E8FFC4F8FC00B8F8001039
:1073B00069436943F9F74EF9217B04F158000A4605
:1073C000D4F8FC3007F0BBFEB8F80000684368430F
:1073D000F8F7D2FFC4F80001B8F800008834684319
:1073E0006843F8F7C9FFE067B8F80010A06F694379
:1073F0006943F9F72FF9B8F80010E06F6943694362
:10740000F9F728F954F8783FA4F1A00014F8F41C17
:10741000A4F580740A4607F092FE217B04F168000F
:107420000A46D4F8043107F08AFEAFB1B8F800007C
:1074300068437843F8F7A0FFC4F80801B8F80010D3
:1074400069437943F9F706F9627B217B04F1700007
:10745000D4F8083107F073FEB8F8000047467043CF
:107460006843F8F789FFC4F80C01388894346843FE
:107470007043F8F781FFE0673988A06F7143694373
:10748000F9F7E8F83988E06F69437143F9F7E2F8F2
:1074900014F8882C14F8861CA4F11C00A36F943CEB
:1074A00007F04DFEA27B217B04F18000D4F810315F
:1074B00007F045FE388868436843F8F75DFFC4F875
:1074C0001401398869436943F9F7C4F8217B04F151
:1074D00088000A46D4F8143107F031FE388870432A
:1074E0007043F8F749FFC4F81801398871437143B4
:1074F000F9F7B0F8A17B04F190000A46D4F81831EE
:1075000007F01DFE388868437043F8F735FFC4F86C
:107510001C01398869437143F9F79CF8A27B217BF0
:1075200004F19800D4F81C3107F009FE207B10FB11
:1075300000F039884843F8F71FFFC4F82001207B8A
:1075400010FB00F039884843F8F716FFC4F824010F
:10755000207B10FB00F039884843F8F70DFFC4F892
:107560002801207B39884843F8F706FFC4F82C012E
:10757000207B39884843F8F7FFFEC4F83001217BAF
:1075800004F1A0000A46D4F8203107F0D8FD217B91
:1075900004F1A8000A46D4F8243107F0D0FD217B7D
:1075A00004F1B0000A46D4F8283107F0C8FD217B69
:1075B000012204F1B800D4F82C3107F0C0FD217B82
:1075C000012204F1C000D4F8303107F0B8FD04F80E
:1075D000289F84F8019084F8029084F8039084F83E
:1075E0000490BDE8F08700004409002070B504460F
:1075F000C07B0F4D18B12046FEF756FD0DE0A27B73
:10760000288861684243D4F8F400F8F7C7FFA17BEB
:10761000288841436068F9F71DF8627B2888A168D3
:107620004243D4F8F000BDE87040F8F7B7BF00005F
:10763000440900202DE9F041044690F82C00002870
:107640002BD1B4F89800A4F8A800B4F87A10A4F8E4
:10765000AA10A4F8B000B4F85A00A4F8B20004F1DB
:10766000A802154604F1780104F1980007F0C8FE5D
:1076700084F8C80004F1B00204F1580116460F4620
:10768000284607F0BDFE84F8C80004F150023146D8
:10769000384607F0EDFE84F8C800BDE8F0812DE91A
:1076A000F041044690F8290000282CD104F168012B
:1076B00004F160000F46064607F0EFFE84F8C800AC
:1076C00004F15802154604F15001304607F098FEC7
:1076D00084F8C800B4F85800A4F8A800B4F86A0008
:1076E000A4F8AA0004F1A80216463946284607F075
:1076F00087FE84F8C8002A4604F18801304607F066
:1077000009FD84F8C800BDE8F0812DE9F047044682
:1077100090F82A0000285CD104F1800104F178007F
:107720008946054607F0B9FE84F8C800B4F8780029
:10773000A4F8A800B4F85A00A4F8AA0004F1A8021A
:1077400004F1580190460F46284607F059FE84F888
:10775000C800B4F8A800A4F8B000B4F88200A4F8F7
:10776000B20004F1B00215464946404607F048FE13
:1077700084F8C800B4F89000A4F8A000B4F892000F
:10778000A4F8A20004F1A002164604F190012846D4
:1077900007F0C0FC84F8C80029463046AA3407F038
:1077A000D3FCA07734F8520C24F8020C34F8280CDF
:1077B000208042464946384607F022FE04F81E0F54
:1077C000A4F1300229464046C83C07F019FE84F86F
:1077D000C800BDE8F087000070B50446FFF706FF5B
:1077E000D4F8CC1009B120468847204600F068F84C
:1077F000D4F8D01009B1204688472046FFF74FFF44
:10780000D4F8D41009B120468847207C2B4DC0B94C
:10781000E07BB0B1227B28884243D4E93A01F8F7F3
:10782000BDFE207B10FB00F228884243D4E93E01D4
:10783000F8F7B4FED4F8E01009B1204688470020DC
:1078400029E02046FFF761FFD4F8D81009B120469F
:107850008847204600F06EF8D4F8DC1009B12046C5
:1078600088472046FFF7E6FEE4E710FB0101D4F865
:10787000F82002EB8101226AD1ED000A02EB8002BE
:1078800092ED000AF4EEC00AF1EE10FA01D281ED99
:10789000000A401CC0B2217B8142E6D8CAB22888C7
:1078A000D4F8E81042432068F8F778FED4F8E410E2
:1078B00009B120468847206870BD000044090020B7
:1078C0002DE9F041044690F8280000282AD1627B77
:1078D00004F1300104F1600004F1380522B3227B89
:1078E000A4F8B820012604F1B802A4F8BA6017463B
:1078F00007F086FD84F8C800207BA4F8C000A4F837
:10790000C26004F1C002164604F1400104F17000A7
:1079100007F076FD04F8C80F2A463146384607F0CE
:10792000F9FB2070BDE8F0812A4607F069FD84F874
:10793000C800F7E72DE9F041044690F82B00002835
:1079400038D1B4F87800A4F8B800012504F1B802E1
:1079500004F13801A4F8BA5090460F4604F17800BB
:1079600007F04EFD84F8C800B4F84800A4F8C00041
:1079700004F1C002A4F8C2501646414604F1480082
:1079800007F076FD84F8C800B4F89800A4F8B800B1
:10799000A4F8BA504246314604F1980007F030FD91
:1079A00084F8C80004F130024146384607F0B2FBC3
:1079B00084F8C800BDE8F0812DE9FC5F0546DDE9EB
:1079C0000E64DDE90CA860688B469946D0ED080A84
:1079D00020681746124990ED080A184601F0E0FAAF
:1079E00060681049D0ED080A206890ED080A0E483A
:1079F000FAF714FF397800290FD001290DD0287922
:107A000000280AD1687A002807D1CDE900865346BC
:107A10004A465946284600F009F8BDE8FC9F000098
:107A20002808002068040020749600202DE9F04703
:107A30001C462DED028B924693ED010ADDE90A8684
:107A400089460546B1EE400AF1EE080A01F082F8D7
:107A5000FE4F87ED000A99ED010AD4ED020A30EEDF
:107A6000600A87ED010AD9ED000A94ED000AFAF7E1
:107A70008DFEF7EE040A01F06DF887ED020A99ED2C
:107A8000020AD4ED040A30EE600A87ED030AD8F842
:107A900000009AED010AD0ED000A30EE600A9FED79
:107AA000EC8AF0EE480A01F055F887ED040AD8F8A0
:107AB0000000F0EE480A90ED010AB1EE400A87EDB1
:107AC000050AD8F804009AED020A90ED001A30EE8B
:107AD000410A01F03FF887ED060AD8F8040090ED5E
:107AE000010AB1EE400A87ED070A9AED000AD4EDCB
:107AF000050A30EE600AF5EE000A01F02BF887ED7A
:107B0000080AD4ED060AF1EE600AC7ED090AE97920
:107B10009FEDD01AF0EE001A07F12800F9B180EDC0
:107B2000021A80ED031A80ED161A80ED171A90EDF7
:107B3000042A22EE212A80ED042A90ED062A22EE64
:107B4000212A80ED062A90ED182A22EE212A80EDC6
:107B5000182A90ED1A2A22EE212A80ED1A2A297A73
:107B6000F9B180ED0C1A80ED0D1A80ED201A80ED30
:107B7000211A90ED0E1A21EE211A80ED0E1A90EDC9
:107B8000101A21EE211A80ED101A90ED221A21EE22
:107B9000211A80ED221A90ED241A21EE211A80ED8F
:107BA000241AAA49EA781039F2B3D7ED041A90EDF5
:107BB000040A97ED051AD7ED060A21EEC02A90EDCA
:107BC000050AD0ED072A01EE402A90ED060A00EEE4
:107BD000C02A97ED070A00EE622A81ED002A90ED97
:107BE0000E2AD0ED0F2A21EEC22A01EE622AD0ED34
:107BF000102A00EEE22AD0ED112A00EE622A81ED71
:107C0000012A90ED182AD0ED192A21EE822A01EEE0
:107C1000222AD0ED1A2A00EEA22AD0ED1B2A00EE6D
:107C2000222A81ED022A00E029E090ED222A61EE6D
:107C3000821A90ED232A41EE021A90ED241A40EEAA
:107C4000811AD0ED250A40EE201AC1ED031A3068E2
:107C500091ED010A80ED010A706891ED000A80ED56
:107C6000010A306891ED030A80ED020A706891ED17
:107C7000020A80ED020ABDEC028BBDE8F087AA780B
:107C8000002A7CD097ED014A90ED011A97ED032A66
:107C900097ED043A64EE415A90ED031A42EE415AD0
:107CA00090ED041A63EE011A9FED6B1AD7ED053AB9
:107CB000D7ED062A41EEC15AD0ED051AD0ED074A9C
:107CC00063EEA11A41EEC15AD0ED061A62EEA11A76
:107CD00041EEC15AD7ED071A61EEA44A44EEC15AEB
:107CE000D0ED084A20EE245ADFED5C4A45EE645A96
:107CF00090ED095A20EE856AB0EE085A46EE455AD4
:107D0000C1ED005AD0ED0B5A90ED0D6A64EE655A44
:107D100042EE465A90ED0E6A23EE066A46EE415A4E
:107D200090ED0F6A23EE866A46EE415A90ED106A96
:107D300022EE866A46EE415A90ED116A21EE866A7D
:107D400046EE415A90ED126A20EE066A46EE645AFB
:107D500090ED136A20EE866A46EE455AC1ED015A4F
:107D6000D0ED155A90ED176A64EE255A42EE065A88
:107D700090ED186A23EE066A46EE015A00E04EE0E6
:107D800090ED196A23EE866A46EE015A90ED1A6A62
:107D900022EE866A46EE015A90ED1B6A21EE866A53
:107DA00046EE015A90ED1C6A20EE066A46EE245A11
:107DB00090ED1D6A20EE866A46EE055AC1ED025A24
:107DC000D0ED1F5A24EE254AD0ED215A02EE254A65
:107DD00090ED222A23EE022A02EE014A90ED232A98
:107DE00023EE822A02EE014A90ED242A22EE822A14
:107DF00002EE014A90ED252A61EE821A01EE814AD7
:107E000090ED261A20EE010A00EE244A90ED270A92
:107E100020EE800A00EE054A81ED034A17E7D7ED10
:107E2000004A90ED001A97ED014AD7ED023A24EE90
:107E3000C15A90ED011A97ED033A04EE415A90EDC4
:107E4000021A03EE815A90ED031A09E04C960020C5
:107E50006666E63E000000009A99993F3333B33FCF
:107E600003EE415AD7ED042A90ED041A97ED052A46
:107E7000D7ED061AD0ED075A02EEC15A90ED051A59
:107E800002EE415A90ED061A01EEC15A97ED071A1B
:107E900001EE655AD0ED085A00EE655AD0ED095A48
:107EA00000EEE55A81ED005A90ED0A5AD0ED0B5ADA
:107EB00024EEC55A04EE655AD0ED0C5A03EEA55ACD
:107EC000D0ED0D5A03EE655AD0ED0E5A02EEE55A8A
:107ED000D0ED0F5A02EE655AD0ED105A01EEE55A78
:107EE000D0ED115A01EE655AD0ED125A00EE655AE6
:107EF000D0ED135A00EEE55A81ED015A90ED145A77
:107F0000D0ED155A24EE855A04EE255AD0ED165AB6
:107F100003EEE55AD0ED175A03EE255AD0ED185A64
:107F200002EEA55AD0ED195A02EE255AD0ED1A5A92
:107F300001EEA55AD0ED1B5A01EE255AD0ED1C5A80
:107F400000EE255AD0ED1D5A00EEA55A81ED025AD9
:107F500090ED1E5A64EE854A90ED1F5A44EE054A94
:107F600090ED204A43EEC44AD0ED213A43EE234A35
:107F700090ED223A42EE834AD0ED232A42EE224A85
:107F800090ED242A41EE824AD0ED251A41EE214A95
:107F900090ED261A40EE014A90ED270A40EE804A05
:107FA000C1ED034A53E6000070B504462DED048B85
:107FB00090ED040A07F06CF89FED9F8A60EE088A46
:107FC00094ED010A07F064F840EE488A9B4DC5ED38
:107FD000068A94ED040A07F079FA60EE088A94EDB7
:107FE000010A07F073FA40EE488AC5ED088AD5ED1C
:107FF000060A9FED931A20EE810A28EE811A60EEA0
:10800000A00A85ED020A20EE000A85ED041A48EE6A
:10801000A80A01EE010AC5ED050A00EEE00A06F025
:1080200017FFD5ED040A95ED051A30EE200AD5EDBF
:10803000020A70EE810A06F0B5FDF0EE000A20EEAD
:10804000200A84ED020A94ED010A07F021F860EE9F
:10805000088A94ED020A07F01BF89FED7A9A40EE29
:10806000098AC5ED078A94ED010A07F02FFA60EE40
:10807000088A94ED020A07F029FA40EE098AC5ED54
:10808000098A95ED070A20EE000A08EEA80A06F014
:10809000DFFE84ED080AD5ED070A95ED090A06F022
:1080A00081FD84ED000A94ED020A06F0F1FFD5EDA2
:1080B000068A50EE098A94ED020A07F007FAD5ED18
:1080C000080A50EE090AB0EE600AF0EE680A06F0FF
:1080D00069FD84ED030AD4ED010A30EEC00A07F011
:1080E000F5F9D4ED060A60EE880A60EE208A94ED78
:1080F000030AD4ED040A30EE600A07F0E7F9D4ED84
:10810000070A60EE880A40EE808A94ED030AD4EDF7
:10811000020A30EE600A07F0D9F9C8EE800AC5ED10
:10812000030A94ED010A07F0D1F9D4ED060A9FED98
:10813000461A60EE810A20EE200A85ED000A94EDD1
:10814000010A06F0A5FFD4ED060A60EE880A20EECB
:10815000200A85ED010A94ED020A06F099FFD5ED9B
:10816000010A95ED031A41EE000A95ED090A20EE89
:10817000808A94ED020A07F0A9F9D5ED000A95ED81
:10818000031A41EE400A95ED070A00EE208A94EDAD
:10819000080AC8EE000AC4ED090A94ED020A06F0C6
:1081A00077FFD5ED010A95ED031A41EE000A95ED32
:1081B000070A20EE808A94ED020A07F087F9D5EDD0
:1081C000000A95ED031A41EE400A95ED090A00EE0A
:1081D000608A94ED080A60EE000A88EE201ADFED4E
:1081E0001B0A40EE400A84ED051A9FED191A80EE35
:1081F000810A10EE100A09F021FE41EC100B06F086
:1082000003FA51EC100B09F0A9F8A06294ED010AF1
:10821000D4ED040A0F4930EE600A10EE100A84ED26
:108220000B0A884205DDDFED0C0A30EE600A84EDB2
:108230000B0ABDEC048B70BDF6285C3EA00A002042
:108240004A0C023F4A0C823EF6285CBE2ECCE23D30
:10825000BDAEDF3DDB0FC940DB0FC9402DE9FF4F4D
:1082600083462DED028B81B0DFF864A2DDF84890E3
:10827000DDE91348D9F80000DAED080A174690ED59
:10828000070A0D46109E30EE600A0AF20240FAF725
:10829000B3F9D9F80400DAED1A0A90ED070A0AF2E8
:1082A000924030EE600AFAF7A7F9E8789FED898AE4
:1082B00018B9287908B9687AF0B3854800219C304C
:1082C00041631198007800287ED001287CD0DFF827
:1082D00008A229790AF1AE000AF52E7B009061B35D
:1082E000206880ED018A206880ED008A206880ED9A
:1082F000028A606880ED018A606880ED008A6068AB
:1083000080ED028A307E01285ED1D9F80000D6EDDA
:10831000090A90ED020A0AF5AE7000F047FFD9F89D
:108320000400D6ED0A0A90ED020A0AF20A2000F0D3
:108330003DFF0AF5AE7001E00FE01BE02268416BE3
:1083400051606168D0F8E2004860707EDFED638ABA
:108350009FED638A01287DD09EE09BED1D0A9FED75
:10836000611A5B48F0EE480A20EE010A9C3000F0EA
:108370001DFFA6E70698D7ED040A90ED030A30EE3C
:10838000600A9FED598AF0EE480A00F00EFC504E4C
:10839000D8F800009C36D6ED0D0A70EE200A90ED5C
:1083A000080A4D4800F002FF0698D7ED050A90ED47
:1083B000030A30EE600AF0EE480A00F0F6FBD6ED54
:1083C0000D0A70EE600A00E025E0D8F8040090ED98
:1083D000080A009800F0EAFEE878DAF8341000287D
:1083E00000EE101A50461BD04049B1EE400A2268F8
:1083F000D1ED050A30EE600A82ED000ADAF8E200FB
:10840000D1ED050A00EE100AB1EE400A30EE600A26
:10841000606880ED000A01B0BDEC028BBDE8FF8F03
:10842000DBF88820F1EE400A00EE102A226830EED8
:10843000C00AD7ED020A30EE200A82ED000ADAF80F
:10844000E20000EE100ADBF81801F1EE400A00EE3F
:10845000100A00E006E030EEC00AD7ED030A30EE65
:10846000200AD5E7D8F80000F0EE680A90ED080A77
:10847000194800F09BFEDAF8340000EE100ADBF831
:108480008800B1EE401A00EE100A206831EE400A72
:1084900030EE080A80ED000AB07E0128BBD1D8F882
:1084A0000400F0EE680A90ED080A009800F07EFEE5
:1084B000DAF8E20000EE100ADBF81801F1EE400AEB
:1084C00000EE100A30EEC00A30EE080AA0E7000005
:1084D000E8A100200000000032A30020B81E053EE5
:1084E0000000A04234FA8E3C5C8F423E14A1002072
:1084F0004A42904202DB884200DC002070470000C4
:10850000104810B50E4901600321416000214FF46D
:1085100010228160C0E903124FF40012426101761B
:10852000012242768176C17601774177FAF7D3FE50
:10853000002803D0BDE81040F9F7F4BF10BD0000DB
:108540000064004050120020104810B50E49016030
:108550000321416000214FF410228160C0E9031221
:108560004FF4001242610176012242768176C17693
:1085700001774177FAF7AFFE002803D0BDE810403D
:10858000F9F7D0BF10BD000000680040781200204D
:10859000074910B5054808600846FBF79AF8002817
:1085A00003D0BDE81040F9F7BDBF10BD0030024058
:1085B0001C000020254808B5016841F480010160D5
:1085C000016801F480010091016841F4001101602B
:1085D0000068002200F40010009005210C20FBF739
:1085E00025FD0C20FBF714FD002205213920FBF7A7
:1085F0001DFD3920FBF70CFD002205213A20FBF779
:1086000015FD3A20FBF704FD002205213B20FBF776
:108610000DFD3B20FBF7FCFC002205214420FBF76D
:1086200005FD4420FBF7F4FC002205214520FBF763
:10863000FDFC4520FBF7ECFC002205214620FBF762
:10864000F5FCBDE808404620FBF7E2BC30380240AC
:1086500010B5AAB01C2221496846F7F79FFF0021F8
:10866000684607F081FA1E4C1C491C2220601C3110
:1086700007A8F7F793FF002107A807F075FA174935
:1086800060601C2238310EA8F7F788FF00210EA881
:1086900007F06AFA1149A0601C22543115A8F7F7B7
:1086A0007DFF002115A807F05FFA0C49E0601C224D
:1086B00070311CA8F7F772FF00211CA807F054FACC
:1086C000064920611C228C3123A8F7F767FF00219F
:1086D00023A807F049FA60612AB010BD341F0108D1
:1086E000000000202DE9F04786B014216846F7F716
:1086F000B1FF57480025016841F00201016001689F
:1087000001F002010591016841F04001016001683A
:1087100001F040010591016841F00101016001682B
:1087200001F001010591016841F008010160016853
:1087300001F008010591016841F004010160016840
:1087400001F004010591016841F0800101600168B8
:1087500001F080010591016841F02001016000688D
:10876000012200F02000DFF8EC8014020590214681
:108770004046FBF7A9FADFF8E09001224021484685
:10878000FBF7A2FA354E012210213046FBF79CFA86
:10879000DFF8CCA0012211465046FBF795FA009471
:1087A0000124CDE90145694640460395FBF7A4F94C
:1087B0004020CDE90004022569464846CDE902453E
:1087C000FBF79AF909204FF40417CDE90007694631
:1087D00002944846FBF790F91020CDE90004694661
:1087E0003046CDE90245FBF787F93020CDE9000797
:1087F000694602944046FBF77FF90094694650466B
:108800000194CDE90245FBF777F900220521062006
:10881000FBF70CFC0620FBF7FBFB002205210920DF
:10882000FBF704FC0920FBF7F3FB002205210A20DB
:10883000FBF7FCFB0A20FBF7EBFB002205211720CE
:10884000FBF7F4FB1720FBF7E3FB06B0BDE8F0876E
:108850003038024000080240001802400000024088
:10886000000402400D4810B50B4901600C494160FD
:1088700000214FF480428160C0E9031241618161AF
:10888000C1610162FBF72CFA002803D0BDE810405B
:10889000F9F748BE10BD0000005C0040A0120020A7
:1088A000801A0600104810B50E4901604FF482711D
:1088B0004160002102228160C0E90312012242616D
:1088C000520282613822C0E90721416281620A2195
:1088D000C162FCF7AFFB002803D0BDE81040F9F7F8
:1088E00021BE10BD00300140F412002010B588B048
:1088F0001C216846F7F7AEFE1548144900240160B4
:108900005321C0E9011440F2CF71C0E9031484611E
:10891000FCF7AAFD08B1F9F705FE0D48FDF739F897
:1089200008B1F9F7FFFD6020CDE9000402940022B0
:10893000694607480494FCF7C6FF08B1F9F7F2FD51
:108940000348FCF77DFF08B010BD00000044014063
:108950009C14002010B586B00024174800940194A0
:10896000029403940494134905940160A721C0E97B
:10897000011442F20F71C0E9031480218161FCF7F8
:1089800073FD08B1F9F7CEFD4FF4805000906946B1
:108990000948FCF74DFE08B1F9F7C4FD049404A999
:1089A00005480594FCF718FD002801D0F9F7BAFD39
:1089B00006B010BD000400400C14002010B58EB0AD
:1089C00000240794089409940A940B941C21684687
:1089D0000C94F7F73FFE1E481C49C0E9001445F20D
:1089E0000721C0E9024104618461FCF73DFD08B143
:1089F000F9F798FD4FF48050079007A91448FCF749
:108A000017FE08B1F9F78EFD1148FCF7C2FF08B157
:108A1000F9F788FD0B940BA90D480C94FCF7DCFCCE
:108A200008B1F9F77FFD6020CDE900040294082227
:108A3000694607480494FCF746FF08B1F9F772FD50
:108A40000348FCF7FDFE0EB010BD0000000800401A
:108A5000541400200C4810B50A4901604FF4E1316C
:108A60004160002181600C22C160C0E90412816173
:108A7000C161FDF76FF9002803D0BDE81040F9F798
:108A800051BD10BD00100140E41400200C4810B589
:108A90000A4901600B494160002181600C22C160DC
:108AA000C0E904128161C161FDF754F9002803D0C7
:108AB000BDE81040F9F736BD10BD00000048004089
:108AC0002C150020A08601000C4810B50A49016051
:108AD0004FF4E1314160002181600C22C160C0E9A6
:108AE00004128161C161FDF735F9002803D0BDE8AA
:108AF0001040F9F717BD10BD001401407415002097
:108B000010B500220F49104803F074FE08B1F9F7C0
:108B100009FD0E490C4804F08BF808B1F9F702FD85
:108B20000B49094803F02EFC08B1F9F7FBFC064895
:108B300004F002F9002803D0BDE81040F9F7F2BCB8
:108B400010BD0000240000209C1700206C010020B4
:108B500074000020B4EEE00AF1EE10FA06DAF1EE4D
:108B6000600AB4EEE00AF1EE10FA01D8B0EE600A45
:108B70007047D0ED010AB5EE002AC0ED000A60EEA4
:108B8000820A90ED021A80ED011A41EE020AD0ED40
:108B9000031AC0ED021A80ED030A41EE820A40EE8C
:108BA000020AB0EE600A7047FEE7B4EEE00AF1EEAA
:108BB00010FA01DAB0EE600A704700002DE9FC41BE
:108BC0009446F0EE413AB0EE604A0D4606469FEDFF
:108BD000581ADFED580A9FED583ADFED582A0A2A55
:108BE00005D0BCF1140F2AD01E2A50D07FE01020EF
:108BF00006F042FF82B20C20B3EE0E1AFBEE0E0A14
:108C0000B0EE440A06F038FF87B20C20B0EE431AEB
:108C1000F0EE620AB0EE630A06F02EFF84B20C207A
:108C2000B1EE041AF0EE620AB0EE610A06F024FF1B
:108C300083B20C20B2EE041AFAEE040A52E01020BD
:108C400006F01AFF82B20C20B2EE041AFAEE040A01
:108C5000B0EE440A06F010FF87B20C20B0EE431AC3
:108C6000F0EE620AB0EE630A06F006FF84B20C2052
:108C7000B1EE041AF0EE620AB0EE610A06F0FCFEF4
:108C800083B20C20B3EE0C1AFBEE0C0A2AE0102083
:108C90009FED2B1ADFED2B0A06F0EEFE82B20C20C0
:108CA0009FED291ADFED290AB0EE440A06F0E4FE32
:108CB00087B20C20B0EE431AF0EE620AB0EE630AFF
:108CC00006F0DAFE84B20C20B1EE041AF0EE620A6D
:108CD000B0EE610A06F0D0FE83B29FED1D1ADFED03
:108CE0001D0A0C20B0EE420A06F0C6FE80B2110A40
:108CF0008DF800108DF8012039098DF80210390126
:108D000041EA14218DF803108DF8044019098DF8FB
:108D10000510190141EA10218DF806108DF80700A1
:108D20006B46082229463046F8F7FFFBBDE8FC8178
:108D3000DA0F4940D64A49C00000FA43000000005B
:108D4000DC0F4940DC0F49C000003442000034C24F
:108D500000005842000058C2FEE7000070B504460B
:108D6000D0F8060090ED011A784880ED031A002033
:108D7000042317E0D4F8061003EB80028D1801EBF2
:108D80008001D5ED001A71EEC11AC1ED001AD4F8B8
:108D90000A100A4401EB8001D2ED001A401CC1ED1B
:108DA000001A80B22188491E8142E3DC2188D4F870
:108DB00006006FF0070202EB8102024492ED001AF6
:108DC0006FF0030202EB810131EE000A084480EDEE
:108DD000000A2188D4F80A0002EB81010844C0EDA2
:108DE000000AD4F802002188884202D2401CC4F84C
:108DF0000200102104F11A00F7F70AFC2188D4F8C8
:108E000002000B1A98B23BE0D4F80620D4F81A50AE
:108E100002EB800200EE905A92ED000A40EE000A4A
:108E200010EE905AC4F81A50D4F81E50D2ED000A31
:108E300000EE105A30EE800A10EE105AC4F81E50A0
:108E4000D2ED000AD4F80A20D4F8225002EB8002B6
:108E500000EE105A92ED001A401C80B200EE810A1A
:108E600010EE105AC4F82250D2ED000AD4F8262091
:108E700000EE102A30EE800A10EE102AC4F82620E8
:108E80008142C1D800EE101AD4F82200D4F826206E
:108E9000B8EE400A00EE900AD4F81E0001EE102A47
:108EA00060EE800A00EE100AD4F81A2040EE410A63
:108EB00000EE101A01EE102AB8EE400A21EE001A58
:108EC00000EE100A002000EE401A80EE810A10EE3B
:108ED000102AC4F80E20C4F8160098B223E0D4F883
:108EE000063000EE902A03EB800393ED001AD4F8CD
:108EF000123000EE103AD4F80A3000EE810A03EB8B
:108F00008003401CD3ED000AD4F8163080B230EE56
:108F1000600AF0EEC00A00EE103A30EE800A10EE61
:108F2000103AC4F816308142D9D800EE101A54F81D
:108F3000160FB8EE401A00EE900A80EE810A10EE8D
:108F4000100A00EE102A206070BD000030090020D9
:108F500070B50446002524F8021B8E0025603046BB
:108F600007F0FAF96060304607F0F6F9A060E560B6
:108F7000256160683146F7F76DFBA0683146A41E95
:108F8000F7F768FB04F11A00BDE870401021F7F70D
:108F90003FBB00000148FBF7C7B90000981C002048
:108FA00091ED002A91ED011AD1ED031AD1ED052AB8
:108FB00001EE002A91ED021A01EE202A20EE001A9D
:108FC00001EE812AD1ED041A61EE801A01EEA02A89
:108FD00060EEA01A02EEA12A80ED012A91ED062A88
:108FE000D1ED072A02EE802AD1ED082A02EEA02A4E
:108FF000D1ED092A02EE812AD1ED0A2A62EE802AF9
:1090000002EEA02AD1ED0B2A02EEA12A80ED022A5F
:1090100091ED0C2AD1ED0D2A02EE802AD1ED0E2A17
:1090200002EEA02AD1ED0F2A02EE812A91ED101A4C
:1090300021EE000A00EE202A91ED110A00EE212A0D
:1090400080ED002A704700002DE9F04106680546D2
:109050000C46306C06EB4411D1F8083B95F806C07D
:109060004FF400474FF0200E05F29C42BCF1010F77
:1090700008D0DFF898C0604538D1180431D5C1F860
:10908000087B3FE0224E5FEA037C04D5B04239D929
:109090001804F4D436E05FEA836C02D5C1F808EB1B
:1090A00030E013F0280F2DD1B04201D91804E6D4D6
:1090B00004EBC40005EB8000D1F8101BD0F874322B
:1090C000C1F31201591AC0F8681200F51570ACB955
:1090D00003691BB1C2681144C1600FE00121286817
:1090E0000AE098060AD5C1F808EB07E034B9D5F8CC
:1090F000640218B90021304604F09CF9E1B2284618
:10910000FAF7FAFF0020BDE8F08100000A31544F61
:109110000A30544F2DE9F84F0E4601EBC60100EB23
:1091200081048146D0F80080D4E9091014348842C3
:1091300002D90120BDE8F88F081AA168814200D247
:109140000846C01C870808EB461A15E0451AA068B7
:10915000A84200D20546E81C870899F8060000904E
:10916000ABB2F2B24046E16804F0A2FCE0682844E9
:10917000E060606928446061DAF8180980B2B8429A
:1091800005D3D4E90401814201D20028DED1D4E91B
:109190000401884208D806F00F0101208840D8F861
:1091A00034188143C8F834180020C3E770B504466A
:1091B0002DED028BF0EE608A90F89800B0EE408AB8
:1091C000000649D5606B00EE100A206C01EE100A13
:1091D000DFEDFE1A21EE211AB4EEC10AF1EE10FA0B
:1091E0003AD32068FA4A00EE100AB0EEC00A10EE38
:1091F000101A914230DB216900EE100A01EE101ABC
:10920000F44930EE410AB0EEC01A00EE100AF0EE5A
:10921000C01A81EE210A10EE100A88420ADD54F8C5
:109220009D0F6168401C44F8040B41F1000144F8B3
:10923000A11904E00021C4F89D10C4F8A110D4F8CD
:109240009D20D4F8A1104FF4FA7300209A1A884197
:1092500002D2012084F8A50004F18C00F8F7E0FFA9
:1092600010EE100A18EE101AC4F8900018EE900ACA
:1092700021612060D4F89920D74B012A04D0022A1A
:1092800078D0002A77D018E000EE101AB5EEC00AA8
:10929000F1EE10FA71DD00EE100AB5EEC00AF1EE43
:1092A00010FA6AD200EE101ADFEDCC0A96E010EE4A
:1092B000100A01E010EE900AA061D4F8A61009B1DE
:1092C00020468847A06900EE100AB5EEC00AF1EE0C
:1092D00010FA00EE100A01DCB1EE400AA16C00EEBB
:1092E000901AB4EEE00AF1EE10FA7CDDD4F8941096
:1092F00004F16203E9B3626800EE102A0A6800EE26
:10930000902A70EE200A00EE100A20EE800A10EE7D
:10931000102A6262A26800EE102A4A6800EE902AC3
:10932000D4F8902070EE200A00EE100A60EE800A59
:1093300000EE102A20EE800A10EE105A2563B4F8D1
:109340006050022D7ED900EE900A00EE102A1846D9
:10935000FFF704FDE06800EE900AD4F894008068FE
:1093600001EE100A70EE810A20EE200A10EE100ABB
:10937000CDE07DE020E074E0FFE700EE101AB5EEEE
:10938000C00AF1EE10FA6CD200EE100AB5EEC00A77
:10939000F1EE10FA65DD00EE101ADFED910A01EE34
:1093A000100A70EEC00A00EE100A30EE800A00EEDD
:1093B000901A71EE600A4AE000EE101AB5EEC00A8B
:1093C000F1EE10FA23DD00EE100AB5EEC00AF1EE60
:1093D00010FA1CD200EE101ADFED820A70EEC00AFD
:1093E00000EE100A00E09DE130EE800A00EE900AE7
:1093F00001EE101A70EEC10A83EC020AB1EE601A97
:10940000B4EEC10AF1EE10FABFF454AF4FE700EE2C
:10941000101AB5EEC00AF1EE10FA22D200EE100AD0
:10942000B5EEC00AF1EE10FA1BDD00EE101ADFED0A
:109430006E0A70EEC00A00EE100A30EE800A00EEEE
:10944000900A00E04CE001EE101A70EEC10AB1EE95
:10945000401A83EC020AB4EEE01AF1EE10FAD3D20D
:1094600025E700EE100A00EE901A30EE600A1EE7C3
:10947000616800EE100A00EE901A20EE800A10EEED
:10948000101A00EE100A6162A16800EE901AD4F87A
:10949000901060EE800A00EE101A20EE800A10EEA6
:1094A000102A2263B4F86020022A0AD900EE900A3A
:1094B00000EE101A1846FFF751FCE06800EE900A23
:1094C00052E700EE100AE06900EE900AE06870EEE4
:1094D000600A00EE100A20EE801A00EE101A12E068
:1094E000E368896800EE103A00EE901A30EE201A18
:1094F00000EE100AE06900EE900A30EE600A21EEFC
:10950000001A00EE102AC1EE000A10EE900AE06286
:10951000D4F8AA1009B12046884794F8980041076A
:1095200021D5D4F89410B6EE000AE9B3A2684968D0
:1095300000EE902A01EE101AA16970EE811A00EE79
:10954000901AE16901EE101A70EE810A20EE800A8D
:1095500061EE800AD4F8901000EE101A20EE800A16
:1095600010EE101A2163800602D5204606F000F99D
:1095700094F89800800702D5204606F052F994F836
:109580009820500639D5E06AD4F8901000EE900A81
:1095900000EE101AE06D60EE801A00EE900A00EE08
:1095A000101A30EE800A00E04CE081EE801AE36B86
:1095B00000EE100A00EE903A60EE801A00EE100AFB
:1095C00000EE901A30EE200A10E000006F12833A8D
:1095D00017B7D1383333733FF00100200000B44394
:1095E0000000B4C3DB0FC940DB0FC9C0C1EE800A65
:1095F00031EE200A10EE100AE062D00702D02046B9
:1096000006F06BF9A06A00EE100A206B00EE900ADB
:1096100030EE200A10EE100AA062626A00EE100A14
:1096200000EE902AE06A70EE800A00EE100A30EE3A
:10963000800A10EE100A606394F89810C90611D4DD
:10964000606B34E0A16900EE901AE16901EE101A36
:10965000A16870EE810A60EE800A00EE101A60EEDA
:10966000800A77E7D4F8901000EE100A00EE901A06
:10967000A06DA36B60EE201A00EE900A00EE101AA7
:1096800030EE800A00EE903A81EE801A00EE100A69
:1096900060EE801A00EE100A00EE901A30EE200AFA
:1096A000C1EE800A31EE200A10EE100A606300EE6F
:1096B000900A206C00EE100AF4EEC00AF1EE10FAE7
:1096C00000DD6063616B00EE100A00EE901AB1EEEF
:1096D000400AF4EEC00AF1EE10FA06D200EE100ACB
:1096E000B1EE400A10EE101A616300EE102A00EE8F
:1096F000900AB4EEE00AF1EE10FA00DD6062616AF1
:1097000000EE100A00EE901AB1EE400AF4EEC00A24
:10971000F1EE10FA06D200EE100AB1EE400A10EE99
:10972000100A606220696061606BA063E16AE163B6
:10973000A169E161216B216200EE100ABDEC028B90
:1097400070BD2DE9F041044611EE100A0025A06419
:1097500010EE900A1E46606410EE100A1746206450
:1097600011EE900A2560606012EE100AA06012EE01
:10977000900AE06013EE100A2563206513EE900A4C
:10978000606514EE100AA06514EE900AE065A4F876
:10979000601004F16200FFF7DBFBC4F88C50C4F8E2
:1097A000997084F898600020C4F89D00C4F8A10066
:1097B00084F8A5506563BDE8F08100210170417017
:1097C0008170C17041608160C160016170470000BB
:1097D0002DE9F05F04462DED028B8846888A1546F8
:1097E00057491E4602054FF001074FF0000901D509
:1097F0000F6001E0C1F80090C005A8784FF4FA7A34
:1098000005D5B8B9AF70FAF765FAE86012E088B12B
:1098100085F80290FAF75EFAE968401A504509D2D5
:10982000E07828B9207818B9A07808B9607840B1F4
:1098300084F8019098F814000006287808D510B133
:1098400015E06770F6E72F70FAF744FA68600EE0EB
:1098500068B185F80090FAF73DFA6968401A5045FA
:1098600005D2E07808B9207860B184F80290B8F8A1
:109870001400DFF8D0B080059FED338A687811D5E9
:1098800058B120E0A07820B184F8019084F80290CB
:10989000EDE784F80190A770E9E76F70FAF71AFA1C
:1098A000A8601BE078B185F80190FAF713FAA9686F
:1098B000401A504512D2F06858450DD19FED230A49
:1098C00086ED030A0AE0F068584507D0204988422F
:1098D00004D02049884201D086ED038A98F814000C
:1098E0008006E87809D5002803D1EF70FAF7F2F97D
:1098F0002861BDEC028BBDE8F09F0028F9D085F807
:109900000390FAF7E7F92969401A5045F1D2207916
:1099100048B9607838B9607928B9E07918B9207AFF
:1099200008B9A07810B184F80090E2E7207820B15F
:1099300084F8009086ED038ADBE72770D9E7000002
:10994000C8080020AE47613EAE47613E713D8A3E89
:10995000713D8A3E0AD7A33E08B50B0A8DF8003048
:109960008DF8011000218DF80210012A08D08DF821
:1099700003106B46042240F20161F7F7D6FD08BDE3
:109980000121F4E7B5EEC00AF1EE10FA01DA9FED1D
:10999000010A704700000000D0ED001AB5EEC00AC1
:1099A00030EE611AF1EE10FA0BD1B0EEC10A10EEF2
:1099B000101A074A914204DA9FED060A80ED000A68
:1099C000704741EE201AC0ED001A90ED000A704772
:1099D00082A87B380000000010B50C4C607800288D
:1099E00012D144F620610120F7F7DAFA6068401CD2
:1099F0006060B0F57A7F07DB012060700020606056
:109A0000BDE81040F7F7C4BA10BD0000100B0020ED
:109A100070B5044608780D4600F00F0121602878E3
:109A200000096060B5F8010040BAA060EB782E79BB
:109A30001B0143EA1613E3602E796B7906F00F06DB
:109A400043EA0623DFED400A9FED400A23610A2A1C
:109A500004D0142A18D01E2A2CD04DE0102106F074
:109A600055FD84ED070A0C21F3EE0E0ABBEE0E0A3B
:109A7000E06806F04BFD84ED080A0C21F2EE040AC2
:109A8000BAEE040A206933E0102106F03FFD84EDB0
:109A9000070A0C21F2EE040ABAEE040AE06806F0A6
:109AA00035FD84ED080A0C21F3EE0C0ABBEE0C0A1E
:109AB00020691DE0DFED260A9FED260A03292FD03D
:109AC00004294FF0100133D006F020FD84ED070A81
:109AD0000C21DFED210A9FED210AE06806F016FD5A
:109AE00084ED080A0C21DFED1E0A9FED1E0A206995
:109AF00006F00CFD84ED090AA87900EE100AB8EE14
:109B0000400A84ED0C0AE87900EE100AB8EE400A2B
:109B100084ED0D0AA06BB0F57A7F12DB002011E016
:109B2000102106F0F3FCDFED100A30EE600A05E0CC
:109B300006F0ECFCDFED0D0A30EE200AFCF732FBFC
:109B4000C4E7401CA06370BDDA0F4940D64A49C043
:109B5000DC0F4940DC0F49C000003442000034C231
:109B600000005842000058C2005BB93C039FD53A40
:109B700010B500F09FF90D494FF48062A1F1180073
:109B800005F00EFF0A494FF40072A1F5007000F0D5
:109B9000FFF908490120084C087002E0012005F097
:109BA000D7FF20780028F9D010BD00007898002059
:109BB000019F0020B8080020CE08002070B53E4963
:109BC00001F5836000F04AFA3C4C4FF47A760D259B
:109BD0006068B0424FDA0B2190FBF1F201FB1200FA
:109BE00008B901F0A7F9606890FBF5F105FB1100D9
:109BF00008B900F093FF6068072190FBF1F201FBC8
:109C0000120008B901F02EF86068112190FBF1F202
:109C100001FB120008B900F037FE6068132190FBC9
:109C2000F1F201FB120008B900F09EFD60681F21EF
:109C300090FBF1F201FB120008B900F055FE6068DC
:109C4000172190FBF1F201FB120008B900F0ECFDC6
:109C500060681D2190FBF1F201FB120008B900F0D1
:109C6000B3FD6068252190FBF1F201FB120090B971
:109C700000F06AFE0FE0052190FBF1F201FB1200FB
:109C800008B901F013F8606890FBF5F105FB1100CD
:109C900008B900F089FE606847F23051884200DD63
:109CA00066602069012801D0606801E000206060E2
:109CB000401C606070BD000060980020B808002063
:109CC00078B40021784BADF800100168C3F8161085
:109CD00001799976B0F80510ADF8001089B240F21C
:109CE0000A25724CA1F20A22A9426FD02CDC40F264
:109CF0000225A1F20222A94263D01DDC40F2011527
:109D0000A1F20112A9424BD00ADC012941D002295B
:109D100043D003292AD1C11D644810220B30BAE078
:109D2000032A42D0042A45D0B2F5807F1ED1C11D3E
:109D30005E480D221B30AEE0082A17D2DFE802F0A1
:109D400016474C1651545D63F92A7DD019DC042A5C
:109D500071D00DDC012A63D0022A69D0032A05D113
:109D600050F8071FC3F826108088588578BC7047C4
:109D7000F72A63D0F82AF9D1D0F80700C3F80E000B
:109D8000F4E7FA3A062AF1D2DFE802F06972777D49
:109D9000828850F8071F21605AE0C0791870E5E703
:109DA000D0F80700C3F80A00E0E7B0F80710998080
:109DB000407A20E0B0F80710A3F80710407A5872F4
:109DC000D4E7C11D39480E22283064E022E050F863
:109DD000071F44F8361F46E050F8071F43F8321FAC
:109DE00006E0C0795870C1E750F8071F43F8391FE3
:109DF0008188998080799871B8E750F8071F1964B5
:109E000040685864B2E7D0F80710C3F81B10C07A56
:109E1000D877ABE750F8071F196280889884A5E7C8
:109E2000C11D22482822423035E00DE003E0FFE763
:109E3000C07998709AE7C079D87097E750F8071FF3
:109E4000D9628088188691E750F8071F44F86A1F86
:109E50004168616001892181807AA07286E750F8AB
:109E6000071F44F8751F416861608068A0607DE746
:109E7000C11D0E48182281300DE050F8071F99646B
:109E80004068D86472E7C11D08486922993002E031
:109E9000C11D0748222278BCF6F73BBBD0F807006B
:109EA000C3F8120062E70000580B0020ECAE00205F
:109EB000EEAF002070B5334D0024334EC5F8164088
:109EC000AC7646F8024B3048C6F80240F480347253
:109ED0002C7010210B30F6F79BFBC5F80A40AC80C4
:109EE000AC712948A5F807406C720D211B30F6F7BC
:109EF0008FFB25480E212830F6F78AFB7463B46384
:109F0000F463C5F83240EC8685F838406C70C5F8CB
:109F10003940A5F83D4085F83F402C646C64C5F895
:109F20001B40EC7718482C62AC8428214230F6F7AD
:109F30006FFBAC70C5F826406C85EC70EC622C862B
:109F4000C5F80E40B466F466A6F8704086F8724014
:109F5000C6F873400C48C6F87740C6F87B40182115
:109F60008130F6F755FB0848AC64EC646921993000
:109F7000F6F74EFB22210548F6F74AFBC5F81240DA
:109F800070BD0000580B0020ECAE0020EEAF0020AA
:109F9000F0B52F4D2B685C6944F040045C612B6880
:109FA0005C6944F080045C612B68DC6844F0100458
:109FB000DC6003E01C6824F001041C60EC6B236887
:109FC0001E68F607F6D1DFF88CC027684FF40066EC
:109FD000674502D91F4B4C3B04E01F4FBB4203D9DE
:109FE0001C4B503B1E600AE0DFF86CC01A4FACF10E
:109FF000600CB83F634501D9FE6000E0BE602B688D
:10A0000024681B1DA360EB6B1B68D860E86B0068BD
:10A010000161E86B00684260E86B0068016841F428
:10A0200080210160E86B0068016841F0010102E0F5
:10A03000016821F001010160A86B00680168C9078F
:10A04000F6D1A96B28680968001D8860F0BD000082
:10A050007415002058640240B86002402DE9F041B8
:10A06000A527851D8846044600266BE0404605F07E
:10A0700081FC94F88610062946D2DFE801F003122D
:10A080001B2A3448B84209D1012184F88610B4F85B
:10A0900087104A1CA4F88720485553E0A4F887602D
:10A0A00050E0A080B4F887104A1CA4F887204855D7
:10A0B000022015E0A18841EA0021A180B4F88710B0
:10A0C0004A1CA4F887204855A08877281CD2032072
:10A0D00006E0B4F887104A1CA4F8872048550420ED
:10A0E00084F886002EE0B4F887104A1CA4F8872074
:10A0F0004855B4F88700052824D10521A01DF6F79E
:10A10000C3FF08B10520EBE784F88660C6E7A288A4
:10A11000B4F887100932914203D24A1CA4F8872070
:10A120004855A188B4F88700093188420AD384F8D9
:10A130008660A4F88760A01DF6F7CCFF10B1A01DC3
:10A14000FFF7BEFD404605F074FC00288ED1BDE847
:10A15000F0810000F8B515460E460B460092044605
:10A160000122022100F02CF8A0B91348134900681D
:10A17000B0FBF1F04FF47A71484300906068B0F59D
:10A18000827F0DD13346002280212046009500F0C9
:10A1900017F870B1606D40F0200060650320F8BDD5
:10A1A000009830B1401E009020688068C0430006CF
:10A1B000F6D50020F8BD00009400002000366E01A6
:10A1C0002DE9F8431E46914688460446089DF9F756
:10A1D00081FD401B351AF9F77DFD074626480068CA
:10A1E000C0F3CB3068430AE0701C09D0F9F772FD68
:10A1F000C01BA8420FD275B10098B8B3401E0090A2
:10A200002068816838EA010033D000204845EBD14E
:10A210000020BDE8F8832068416821F0E00141603A
:10A220006068B0F5827F0BD1A068B0F5004F02D016
:10A23000B0F5806F04D12068016821F04001016011
:10A24000A06AB0F5005F09D12068016821F40051CF
:10A2500001602068016841F400510160012084F828
:10A260005100002084F850000320D2E7FFE70025CA
:10A27000C6E70120CAE7000094000020017840787A
:10A2800041EA0020704700002DE9F74F15462DEDFB
:10A29000048B0C46087E01287ED1E08DF94F4FF0EB
:10A2A00001089FEDF98ADFF8E4A3F94E4FF00209A7
:10A2B00001280BD0022870D000286DD10498BDEC85
:10A2C000048B03B0BDE8F04F03F006BCA08D9FEDFA
:10A2D000F19ADFEDF18A0028DFF8C0B3206804D0DE
:10A2E00000287DD001287CD1A1E010B101283AD10D
:10A2F00019E0606A00EB0B01B1420CD95844B0423E
:10A3000001D884ED099A94ED090A30EE080AFBF7AA
:10A3100049FF84ED090A286880685844B84222D869
:10A32000C4F800801FE0E068E8B194ED090A30EE5F
:10A33000080AFBF737FF10EE100AD84984ED090A26
:10A340004942884206D8B5EEC00AF1EE10FA01D8AB
:10A35000C4ED098A2868D249806800F181408842AA
:10A3600001D8C4F80090E06810B101283BD11BE08F
:10A370002068002810D0A06A00EB0B01B1420AD976
:10A380005844B0427ED994ED0A0A30EE080AFBF731
:10A3900009FF84ED0A0A01E0A4E095E0686880689E
:10A3A0005844B8426FD91EE094ED0A0A30EE080A0C
:10A3B000FBF7F8FE10EE100AB84984ED0A0A49428C
:10A3C000884206D8B5EEC00AF1EE10FA01D8C4ED05
:10A3D0000A8A6868B249806800F18140884201E0D9
:10A3E00009E042E067D9206802287BD1E06826E1D5
:10A3F0002A46214662E7E068B8B3606A00EB0B01C9
:10A40000B1420CD95844B04201D884ED099A94ED78
:10A41000090A30EE080AFBF7C5FE84ED090A286830
:10A4200080685844B84220D8C4F800801DE094EDFC
:10A43000090A30EE080AFBF7B5FE10EE100A97493C
:10A4400084ED090A4942884206D8B5EEC00AF1EE09
:10A4500010FA01D8C4ED098A28689149806800F192
:10A460008140884201D8C4F80090E068002882D07A
:10A470000128B8D1206800287BD094ED0A0A30EE7C
:10A48000080A01E01AE01CE0FBF78CFE10EE100A4F
:10A49000824984ED0A0A4942884206D8B5EEC00ACC
:10A4A000F1EE10FA01D8C4ED0A8A6868806800F1FC
:10A4B0008140504597D8C4F80C9094E784ED0A9AEF
:10A4C00061E7C4F80C808EE7A08D9FED769ADFEDF2
:10A4D000768A0028DFF8D4B1606804D0F0B3012890
:10A4E0007ED187E045E010B101283BD119E0606AD8
:10A4F00000EB0B01B1420CD95844B04201D884EDB5
:10A50000099A94ED090A30EE480AFBF74BFE84EDF8
:10A51000090A286880685844B84223D8C4F80480DF
:10A5200020E02069F0B194ED090A30EE480AFBF70B
:10A5300039FEB5EEC00A84ED090AF1EE10FA07DB28
:10A5400010EE100A59494942884201DCC4ED098ADB
:10A5500028688068A0F17E50504500E02BE001D8CB
:10A56000C4F80490206910B1012864D174E06068D7
:10A57000B8BBBDEC048BBDE8FE8F5844B04201D897
:10A5800084ED0A9A94ED0A0A30EE480AFBF70AFEB7
:10A5900084ED0A0A686880685844B8424BD8C4F809
:10A5A000108048E068688068A0F17E50504542D82D
:10A5B000C4F810903FE0206990B1606A00EB0B0195
:10A5C000B1420CD95844B04201D884ED099A94EDB7
:10A5D000090A30EE480AFBF7E5FD84ED090A01E0BF
:10A5E00007E030E0286880685844B8421FD8C4F8B3
:10A5F00004801CE094ED090A30EE480AFBF7D2FD16
:10A60000B5EEC00A84ED090AF1EE10FA07DB10EE90
:10A61000100A26494942884201DCC4ED098A2868AB
:10A620008068A0F17E50504501D8C4F8049020699C
:10A6300048B101280DD0606802289AD1206902280B
:10A640003FF4D6AE95E7A06A00EB0B01B142A1D969
:10A6500093E7606800288CD094ED0A0A30EE480A2F
:10A66000FBF7A0FDB5EEC00A84ED0A0AF1EE10FA80
:10A6700098DB10EE100A0D494942884292DCC4ED85
:10A680000A8A8FE7D7A37000A69BC43BCDCC6C0091
:10A69000A3705D00666626C0C3F5C8BF3D0A37409B
:10A6A0005C8F620066662640C3F5C83F3D0A37C02E
:10A6B0007CB52548DFED250A254A90ED060A254B95
:10A6C00020EE200ABDEEC00A10EE101A5160187874
:10A6D000642801D3002000E0012010701E48847817
:10A6E000C57846792C44057935442C448579C07960
:10A6F0002C4420449060062823D018481278007912
:10A7000000EB42008DF800001889020A8DF8012044
:10A710008DF80200124880898DF80400020A8DF835
:10A72000032098798DF80500080A8DF806008DF849
:10A7300007106B46082240F205110A48F6F7F5FEAD
:10A740007CBD10784000DDE7C497002000007A440B
:10A750002409002007AF002004A1002030A1002020
:10A7600014AF00205012002000B587B020221E2117
:10A770001048F5F745FF10A14FF41672CDE90521F9
:10A7800040F2DC530520CDE903032422CDE9000289
:10A790000421084802910223012209A10F3801F087
:10A7A000E3FA08480178034807B01C385DF804EB69
:10A7B00001F096BBC2B0002042554D500000000091
:10A7C0003030330007AF002000B587B020221E21B3
:10A7D0001048F5F715FF10A14FF4C872CDE9052117
:10A7E00040F2DC530520CDE903032422CDE9000229
:10A7F0000621084802910223012209A10F3801F025
:10A80000B3FA08480178034807B01C385DF804EB38
:10A8100001F066BBC2B000204348414E47450000EE
:10A820003030350007AF002000B587B020221E2150
:10A830001048F5F7E5FE10A14FF44872CDE9052167
:10A8400040F2DC530520CDE903032422CDE90002C8
:10A850000421084802910223012209A10F3801F0C6
:10A8600083FA08480178034807B01C385DF804EB08
:10A8700001F036BBC2B0002046414C4C0000000045
:10A880003030310007AF002000B587B020221E21F4
:10A890001048F5F7B5FE10A14FF42F72CDE9052150
:10A8A00040F2DC530520CDE903032422CDE9000268
:10A8B0000421084802910223012209A10F3801F066
:10A8C00053FA08480178034807B01C385DF804EBD8
:10A8D00001F006BBC2B0002046495245000000000E
:10A8E0003030320007AF002000B587B020221E2193
:10A8F0001048F5F785FE10A14FF4FA72CDE9052155
:10A9000040F2DC530520CDE903032422CDE9000207
:10A910000421084802910223012209A10F3801F005
:10A9200023FA08480178034807B01C385DF804EBA7
:10A9300001F0D6BAC2B000205350494E00000000CA
:10A940003030340007AF002000B587B020221E2130
:10A950001048F5F755FE0DF10C0C0FA340F2EE2256
:10A96000322105208CE80F000422642106208DE8A6
:10A97000070008480223012209A10F3801F0F4F969
:10A9800008480178034807B01C385DF804EB01F073
:10A99000A7BA0000C2B000205A45524F0000000084
:10A9A0003030300007AF00202DE9F04FDFF83C8158
:10A9B00087B04FF42F7AD8F800000224CDE904A024
:10A9C0004FF42077062618258DE8F0000023224654
:10A9D00047A1484801F048F9D8F810004FF4257B0A
:10A9E000CDE904B08DE8F00042480023022242A1E4
:10A9F0000F3001F039F941484FF001094FF41B784D
:10AA000001783C485A30012903D0022907D051B1BE
:10AA100013E08DE8F0030023022239A10BE0CDE919
:10AA20000484002303E00022CDE9048213468DE86C
:10AA3000F000022232A101F017F9514640F2BA4A61
:10AA4000CDE904A14F460396DFF8B8908DE8B00039
:10AA5000284899ED030A002302222BA11E3001F0A1
:10AA6000AFF88DE8B00003A8002380E8400C21482F
:10AA700099ED040A022225A12D3001F0A1F8CDF8AC
:10AA800014808DE8B000CDE9036A1A4899ED050AF3
:10AA9000002302221EA13C3001F092F813484FF42B
:10AAA000397140F29243027A1248CDE904314FF4F1
:10AAB000AA7540F2EE274B3003952AB18DE8D000FD
:10AAC0000123022213A105E005218DE8C200012324
:10AAD000022210A101F00FF90F480649027807B0D1
:10AAE0000D39BDE8F04F072001F086B958AE0020BF
:10AAF000313600003BB0002031370000CC08002088
:10AB00003235000090A100203138000031390000BA
:10AB1000323000003234000007AF00202DE9F04F42
:10AB200063272DED028B87B00DF1080A4FF42F79C2
:10AB30004FF42078062405978AE81003182502268A
:10AB4000CDE90065002301223CA13D4801F08CF8CD
:10AB50004FF4257B05978AE810093948CDE900654F
:10AB60000023012237A10F3001F07EF80DF1080C0F
:10AB70004FF41B7A05978CE810053148CDE9006544
:10AB80000023012230A15A3001F06EF84FF0010885
:10AB90000DF10C0C40F2BA47CDF808808CE8900219
:10ABA0009FED2A8A2648CDE90065B0EE480A0023C9
:10ABB000424627A11E3001F003F80DF10C09CDF833
:10ABC000088089E890081E48CDE90065B0EE480A83
:10ABD000002301221FA12D3000F0F2FFCDF80880E4
:10ABE00089E890041648CDE90065B0EE480A0023D4
:10ABF000012219A13C3000F0E3FF02AD4FF439739C
:10AC000040F292424FF4AA7140F2EE2085E80F0024
:10AC10000520CDE900040A4801231A460FA14B3054
:10AC200001F069F80E480649027807B00D39BDEC0D
:10AC3000028B0720BDE8F04F01F0DEB8313600008E
:10AC40003BB000203137000032350000CDCCC74288
:10AC50003138000031390000323000003234000059
:10AC600007AF002000B585B04FF470730220CDE926
:10AC70000103009022214FF4D772CDE90321002374
:10AC8000012207A1074800F06AFF0748054902783A
:10AC900005B00D3901205DF804EB01F0ADB80000FE
:10ACA000323300001DB0002007AF00202DE9F04333
:10ACB000DFF8389289B040F22A3199F8043040F236
:10ACC000F22240F2676640F2D2550224CDE90252E8
:10ACD000CDE9046100278648002B4FF006084FF0AD
:10ACE0000103224683A102D0CDE9004801E0CDE96D
:10ACF000004701F000F8804840F2C62140F28E2360
:10AD0000427A7B48CDE90253CDE904610F30002A35
:10AD10004FF001034FF0020278A102D0CDE90048C4
:10AD200001E0CDE9004700F0E6FF99F8002040F28D
:10AD3000622140F22A236E48CDE90253CDE9046135
:10AD40001E30002A4FF001034FF002026CA102D026
:10AD5000CDE9004801E0CDE9004700F0CCFF99F8CB
:10AD600002204FF4FF714FF4E3736148CDE90253C1
:10AD7000CDE904612D30002A4FF001034FF00202AB
:10AD800060A102D0CDE9004801E0CDE9004700F024
:10AD9000B2FF99F801204FF4CD7140F2AF635448EF
:10ADA000CDE904313C30002A4FF4B1764FF0010375
:10ADB0004FF0020254A102D0CDE9004801E0CDE9F4
:10ADC0000047CDE9025600F096FF504890ED000A8A
:10ADD000DFED4F0AF7F7DAFCDFED4E0A4E4D20EEBD
:10ADE000200ABDEEC00A10EE100AA860002802DAA0
:10ADF00000F5B470A860C0F5B470A8601E3003F010
:10AE000069FB86B2A8681E3803F064FB64214FF426
:10AE10000772CDE9052107914FF470730521029661
:10AE2000CDE9031380B20322CDE90020304801238D
:10AE300002223AA14B3000F04FFE3948B0F912100F
:10AE40002B48A1F2DC519FED370ADFED370A1E26B1
:10AE50005A304FF4487240F2EE23E960002901DCD9
:10AE6000EF6019E0642917DBA1F22621494201EEC7
:10AE7000101AB8EEC11AC1EE001A21EEA00ABDEEFA
:10AE8000C00A10EE101AA1F29241494289B2CDE9EE
:10AE900003210094059218E0E968A1F226214942B5
:10AEA00001EE101AB8EEC11AC1EE001A21EEA00A86
:10AEB000BDEEC00A10EE101AA1F29241494289B2C9
:10AEC000CDE90321012105920091CDE90163012320
:10AED000022216A100F00FFF15480549027809B0BB
:10AEE0000D39BDE8F043072000F086BF30A10020F7
:10AEF0003BB000203131000058AE0020313200005C
:10AF0000313300003134000031350000B8A1002099
:10AF1000C023763FE12E6542B808002032310000A0
:10AF200090AC0020008009440000D243323200007F
:10AF300007AF0020F0B589B040F22A3040F26767D1
:10AF4000CDE9047040F2F22140F2D25506260224E7
:10AF5000CDE90251CDE9004601231A463FA1404800
:10AF600000F0C9FE40F2C620CDE9047040F28E2107
:10AF7000CDE902513A48CDE9004601231A4639A1EC
:10AF80000F3000F0B8FE40F26220CDE9047040F2CC
:10AF90002A21CDE902513248CDE9004601231A4663
:10AFA00031A11E3000F0A7FE4FF4FF70CDE9047010
:10AFB0004FF4E371CDE902512948CDE90046012360
:10AFC0001A462AA12D3000F096FE4FF4CD70059060
:10AFD00040F2AF614FF4B1720295CDE903212048F0
:10AFE000CDE9004601231A4621A13C3000F083FE42
:10AFF0004FF47072049264204FF40771CDE905108C
:10B00000079005201E254FF4A5710322CDE90250BB
:10B01000CDE90021124801231A4616A14B3000F059
:10B020005BFD4FF4487040F29241CDE9030100947A
:10B03000059040F2EE22CDE90152094801231A465B
:10B040000DA15A3000F057FE0C480549027809B0AE
:10B050000D39BDE8F040072000F0CEBE31310000D0
:10B060003BB00020313200003133000031340000A9
:10B0700031350000323100003232000007AF0020CD
:10B080002DE9F04106462DED068B1F4615460C4670
:10B0900001F13800F7F7C4F884ED0D0AD5ED080A80
:10B0A00020EE800AB0EEC00A84ED000A386890ED08
:10B0B000030AD0ED040A04F1140030EE600AFDF733
:10B0C00058FDB0EEC00A84ED010A786890ED030ADD
:10B0D000D0ED040A04F1240030EE600AFDF749FDCA
:10B0E000B0EEC00A84ED020A95ED0B0AD5ED040A14
:10B0F000674930EE600AB0EEC00A10EE100A9FED0C
:10B1000065AA9FED659B4FF00008884237DA95ED00
:10B11000020AB0EEC00A10EE100A06F08FFE41ECF3
:10B12000180B386890ED030AB0EEC00A10EE100A52
:10B1300006F084FE53EC182B06F096FD53EC192B09
:10B1400006F084FC1BD995ED020AB0EEC00A10EEA1
:10B15000100A06F073FE41EC180B786890ED030AB4
:10B16000B0EEC00A10EE100A06F068FE53EC182B81
:10B1700006F07AFD53EC192B06F068FC01D8B07884
:10B1800018B386F8058086F806803868444990ED43
:10B19000030A7868D0ED030A30EE601AF0EEC11AA7
:10B1A00011EE900A884260DB30EE200ADFED3D0AA6
:10B1B00020EE200AF0EE000A61EE200A80EE201A4E
:10B1C000B0EEC10A85ED070A51E094ED010AD4ED15
:10B1D000000A354A012030EE600A10EE101A914242
:10B1E00001DB717979B13968D4ED030A91ED030A75
:10B1F000B0EEC00AB4EEE00AF1EE10FA0ED87179A2
:10B20000012909D00AE07071396891ED030AB0EEA6
:10B21000C00A84ED030A01E086F8058094ED020A75
:10B22000D4ED000A30EE600A10EE101A914201DBF4
:10B23000B17979B17868D4ED040A90ED030AB0EEE3
:10B24000C00AB4EEE00AF1EE10FA0ED8B079012887
:10B2500009D00AE0B071786890ED030AB0EEC00A38
:10B2600084ED040A01E086F8068085ED07AA95EDD5
:10B27000040A0E4895ED071A60EE000A90ED0A0ADE
:10B2800010EE810A85ED080ABDEC068BBDE8F08161
:10B290006666663F00000000000000403333F33F65
:10B2A000CDCC4C3EC4B1EE3E8FC2753DC49700205C
:10B2B000F5F7F2FCF5F702FD012004F049FCF9E78F
:10B2C000F6F788FBF6F76CFC012004F041FCF9E787
:10B2D000FDF716FCF6F748FDF6F764FE0A2004F0C9
:10B2E00037FCF9E7FBF73CFEFBF798FE012004F082
:10B2F0002FFCF9E7FEF73CFCFEF760FC052004F0AC
:10B3000027FCF9E700F04CF800F07CF8052004F089
:10B310001FFCF9E710B500781A4C68B101280BD072
:10B320001948F3EE090A008900EE100A2046B8EE2B
:10B33000400AFDF73BFF01E00020606313484089AD
:10B3400000EE100A606BF8EE400A00EE100A30EED4
:10B35000C00ADFED0F0AFDF7FDFB0E48DFED0E0A18
:10B36000002280ED000A20EE200ABCEEC00A10EE9A
:10B37000100A81B20948FEF7EFFABDE8104007480D
:10B38000F6F7C2B80AA7002014AF002007AF0020CC
:10B390000000F0420C0B00200000C84250120020B8
:10B3A0009FED131A002310B51A461946F0EE414AD4
:10B3B000B0EE414AF0EE413AB0EE413AF0EE412AA9
:10B3C000B0EE412AF1EE001AF2EE040A9FED090AEE
:10B3D0000948FEF7B6F909490120094C087002E056
:10B3E000012004F0B5FB20780028F9D010BD000042
:10B3F000000000000000F0420AA700202009002001
:10B40000CE0800200148FFF785BF0000CD080020CE
:10B4100010B5502080F31188BFF34F8FBFF36F8FAB
:10B4200005F0ECFD18B104494FF080500860002091
:10B4300080F3118810BD000004ED00E030B593B03A
:10B4400030216846F5F706F914210CA8F5F702F942
:10B450001D480025016841F080510160006800F03E
:10B46000805011901948016841F4804101600068E2
:10B47000022400F48040119001200090000401900B
:10B480008001CDE9064006200890A820CDE90904F6
:10B4900007200B906846F9F721FC08B172B6FEE769
:10B4A0000CA90F2081E831004FF4A0500F904FF409
:10B4B0008050109005210CA8F9F7FEFA002801D061
:10B4C00072B6FEE713B030BD403802400070004055
:10B4D0000248016841F470010160704788ED00E0A6
:10B4E0000148FAF714B900007C3300200148FAF74C
:10B4F0000EB900000C140020F0B50268274D284E4C
:10B50000284FDFF8A4C0294B4FF0804EA84209D045
:10B51000704507D0B04205D0B84203D0604501D095
:10B52000984203D122F070044A682243A8421BD0FB
:10B53000704519D0B04217D0B84215D0604513D02D
:10B54000984211D01A4CA0420ED01A4CA0420BD0F7
:10B55000194CA04208D0194CA04205D0184CA0426A
:10B5600002D0184CA04203D122F44074CA6822438E
:10B570004C6922F0800222438C68C4620C688462A9
:10B58000A84201D0984201D109690163016841F0E4
:10B5900004010160012141610260F0BD0000014031
:10B5A0000004004000080040000C0040000401407E
:10B5B00000400140004401400048014000180040A4
:10B5C000001C00400020004010B501F01F010123C5
:10B5D000046A8B409C430462036A8A4013430362FB
:10B5E00010BD10B5846842EA032224F47F440A4364
:10B5F0002243826010BD826822F070020A4342F04A
:10B600000701816070470000F0B5026A036A23F009
:10B610000103036243688469114E24F073050C68CA
:10B62000104F2C4322F002058A682A43B04201D011
:10B63000B84205D122F00805CA682A4322F0040264
:10B64000B04201D0B84205D14D6923F440731D4387
:10B650008B692B4343608461496841630262F0BD9A
:10B660000000014000040140F0B5026A036A23F0C3
:10B6700010030362436884690D6824F4E64444EAD5
:10B6800005248D6822F0200242EA05120F4D104E6B
:10B69000A84201D0B04206D1CF6822F0800242EA2F
:10B6A000071222F04002A84201D0B04207D14D69F2
:10B6B00023F4406343EA85038D6943EA85034360CD
:10B6C0008461496881630262F0BD000000000140AE
:10B6D00000040140F0B5026A036A23F48073036238
:10B6E0004368C46922F4007224F073050C68124E9A
:10B6F0002C438D6842EA05220E4DA84201D0B0428B
:10B7000006D1CF6822F4006242EA072222F4806266
:10B71000A84201D0B04207D14D6923F4405343EA17
:10B7200005138D6943EA05134360C4614968C16329
:10B730000262F0BD000001400004014030B5036A20
:10B74000026A22F4805202624268C4690D6824F4DD
:10B75000E64444EA05248D6823F4005343EA0533A4
:10B76000084DA84202D0084DA84204D14D6922F4E8
:10B77000804242EA85124260C46149680164036202
:10B7800030BD000000000140000401400068C36AB1
:10B79000934201D2C26A92B239B1042907D0082972
:10B7A00007D00C2900D1026470474263704782635E
:10B7B0007047C263704710B5046A036A23F001033F
:10B7C0000362836923F0F00343EA021324F00A02C0
:10B7D0000A438361026210BD10B5036A046A24F053
:10B7E00010040462846923F0A00324F4704444EA42
:10B7F000023243EA01118261016210BD10B5806B13
:10B800000021C185FAF765F910BD70B5846B206819
:10B81000406994F84110C0F3C0100025212904D1DB
:10B8200018B1E584204600F062F82068406994F879
:10B830004210C0F38010222904D118B1E5852046BA
:10B8400000F02EF8606C40F0100060642046FAF7BB
:10B8500040F970BD10B50146806B09680968C905DB
:10B8600016D40021C1840168143151E8002F22F060
:10B87000800241E80023002BF5D101680C3151E82A
:10B88000002F42F0400241E80023002BF5D110BD0B
:10B89000FAF708FC10BD10B5806BFAF704FC10BD78
:10B8A00001680C3151E8002F22F4907241E8002326
:10B8B000002BF5D10168143151E8002F22F001026C
:10B8C00041E80023002BF5D1016B012909D1016862
:10B8D0000C3151E8002F22F0100241E80023002B28
:10B8E000F5D1202180F842100021016370470168E2
:10B8F0000C3151E8002F22F0C00241E80023002B58
:10B90000F5D1202180F84110704708B590F8421019
:10B91000222901D0022008BD81684FF4805399424A
:10B9200001D1026922B1826A99421BD049B10AE071
:10B930000268816A5268C2F308020A80816A891C1F
:10B9400008E0016971B10168496801F07F01117077
:10B95000816A491C8162C18D491E0904090CC18597
:10B9600003D01BE001684968F1E70168CA6822F06A
:10B970002002CA600168CA6822F48072CA60016845
:10B980004A6922F001024A61202180F84210002118
:10B990004163026B012A03D0FAF73EFB002008BD89
:10B9A000016301680C3151E8002F22F0100241E8D8
:10B9B0000023002BF5D101680A68D20602D50A6877
:10B9C00049680091818DFAF783F8E7E770B504467E
:10B9D00000680169E26821F4405111430161A168E6
:10B9E0002069E26901436069104301432068C2682D
:10B9F00049F20C639A430A43C26020684169A26914
:10BA000021F440711143416131492068884202D0DC
:10BA10003049884202D1F9F71FF901E0F9F70CF932
:10BA2000E2690023192164253226B2F5004F6268CD
:10BA300028D0A0FB0101930F9200F4F7F3FC01461C
:10BA4000B0FBF5F06FF01802504301EB800006EBFD
:10BA50000010B0FBF5F000F0F002B1FBF5F002EBE6
:10BA60000012B1FBF5F06FF01803584301EB8000B2
:10BA700006EB0010B0FBF5F000F00F002168104459
:10BA8000886070BDA0FB010192185B41F4F7CAFC0D
:10BA90000146B0FBF5F00201B1FBF5F06FF01803C1
:10BAA000584301EB800006EBC000B0FBF5F000F05E
:10BAB000F80002EB4002B1FBF5F0584301EB8000C7
:10BAC00006EBC000B0FBF5F000F00700D6E7000081
:10BAD00000100140001401402DE9F04F0DF1240841
:10BAE00098E8F01E91F8008000F8018B91F8018031
:10BAF00080F8008089784170817862F3020121F03A
:10BB0000380120318170418863F389114180C17807
:10BB100064F38501C170B0F8032065F38E12A0F8BC
:10BB20000320818866F3CF118180C18867F3090102
:10BB3000C180B0F8071069F38C01A0F807100289E2
:10BB40006AF34F120281B0F80B106BF38C01A0F86E
:10BB50000B1082896CF34F128281BDE8F08FF0B533
:10BB60000DF1140E9EE8F01091F800E000F801EBE2
:10BB700091F801E080F800E089784170817862F303
:10BB8000020121F0380110318170418863F389117D
:10BB90004180C17864F38501C170C18865F30901F2
:10BBA000C180B0F8071066F38C01A0F80710018976
:10BBB00067F34F11018141896CF309014181F0BDA7
:10BBC0002DE9F0430DF11C08DFED260A98E8F0128C
:10BBD00091F8008000F8018B91F8018080F80080D6
:10BBE00089784170817820EE200A62F3020121F009
:10BBF0003801283181704188BDEEC00A63F3891194
:10BC00004180C17864F38501C170B0F8031065F319
:10BC10008E11A0F80310818866F3CF118180C1884E
:10BC200067F30901C180B0F8071069F38C01A0F82F
:10BC3000071001896CF34F11018110EE101A42892F
:10BC400061F309024281B0F80B208B0A63F38C0286
:10BC5000A0F80B204A0D818962F34F118181BDE864
:10BC6000F083000000007A442DE9F0430DF11C0838
:10BC7000DDE90B9498E8E01091F8008000F8018B62
:10BC800091F8018080F8008089784170817862F3B2
:10BC9000020121F0380130318170418863F389114C
:10BCA0004180C17865F38501C170B0F8031066F377
:10BCB0008E11A0F80310C18867F30901C180B0F8A4
:10BCC00007106CF38C01A0F80710028969F34F127A
:10BCD00002814189A20A64F309014181B0F80B1085
:10BCE00062F38C01A0F80B108189620D62F34F1191
:10BCF0008181BDE8F0832DE9F0430DF11C0898E83F
:10BD0000F01291F8008000F8018B91F8018080F822
:10BD1000008089784170817862F3020121F0380156
:10BD200008318170418863F389114180C17864F3DF
:10BD30008501C170C18865F30901C180B0F80710A1
:10BD400066F38C01A0F80710018967F34F11018198
:10BD5000B0F80B1069F38C01A0F80B1082896CF31A
:10BD60004F128281BDE8F0832DE9F04791F8008001
:10BD7000DDE90DA4DDE90A57DDE908C90C9E80F86C
:10BD8000008091F8018080F8018089788170C17805
:10BD900062F3020141F03801C170B0F8031063F39F
:10BDA0008911A0F8031001796CF385010171828873
:10BDB00069F38E128280B0F8051065F3CF11A0F8F8
:10BDC0000510B0F8071067F30901A0F80710018902
:10BDD00066F38C010181B0F8092000216AF34F124B
:10BDE000A0F8092004E0431814F8012BDA73491C69
:10BDF000A942F8DBBDE8F08770B50546A5201646D8
:10BE00000C460870012D06D0022D06D0052D06D057
:10BE1000072D06D008E0152104E0242102E051217D
:10BE200000E06F21A4F80110E0780421401CE070CC
:10BE30002046F5F71BF9207140F20131A4F80510F6
:10BE4000012D06D0022D07D0052D08D0072D09D0D1
:10BE50000CE040F2011107E04FF4817104E040F280
:10BE6000031101E04FF48271A4F80710A4F80960EF
:10BE700006F58076A4F80B60012D13D0022D19D0A1
:10BE8000052D20D0072D27D1254676212046F5F710
:10BE90000DF9A5F8760078222146BDE870400F48DC
:10BEA000FAF7BCB825461C212046F5F7FFF8A88311
:10BEB0001E22F1E725462B212046F5F7F7F8A5F8D5
:10BEC0002B002D22E8E7254658212046F5F7EEF80D
:10BED000A5F858005A22DFE770BD00007415002055
:10BEE00070B50446A52020703320A4F80100E07846
:10BEF0000D46401CE07004212046F5F7B7F820718C
:10BF000040F20130A4F805004FF48870A4F807004F
:10BF1000A4F8095005F58075A4F80B503A21204685
:10BF2000F5F7C4F860872146BDE870403C2201481F
:10BF3000FAF774B8741500200148F9F7CBBD00007A
:10BF40002C15002010B500F007F8BDE8104001489E
:10BF5000F9F7C0BD7415002078B41C48006801686A
:10BF6000890604D501684068009078BC704718497C
:10BF70000968C906F9D501684068164B0090186831
:10BF80000168154D0A03154902684FF4007422F048
:10BF90000102026018684268C2F5007292B26A80BB
:10BFA000446005D41868046844F40024046004E084
:10BFB0000B48846A24F4002484621868036843F000
:10BFC0000103036078BC074803F0F5BC741500203A
:10BFD00000140140DC160020B8080020019F00205A
:10BFE00000600240609800202DE9F0410D46D0F835
:10BFF000D412D0F8C86200EB8101D1F8C01229B385
:10C0000005F00F0303EB830200EB82020027546963
:10C010004CB103EBC30306EB8303DB69B4FBF3F61C
:10C0200003FB1643A3B1C1F81472D0F8D42200EB7D
:10C030008200D0F8C40203692BB1D1F808022A4665
:10C0400001F5047198470020BDE8F0810320FBE76B
:10C05000002357611A46294600F0C9FDF3E770B581
:10C060000546D0F8D40205EB8000D0F8C04294B168
:10C07000284600F09BFCC4F80C02D5F8D412D4F882
:10C08000040205EB8101D1F8C412CA6804F50371FA
:10C090009047002070BD032070BD000070B5234D97
:10C0A0000446297800F0C2FB2878002600F00F0033
:10C0B00000EB800004EB800080F823606978204664
:10C0C00000F0B4FB687800F00F0000EB800004EB98
:10C0D000800080F86361A978204600F0A7FBA8786B
:10C0E00000F00F0000EB800004EB800080F823607C
:10C0F000C661D4F8D40204EB8000D0F8C01299B124
:10C10000D0F8C40240688047D4F8D40204EB800021
:10C11000D0F8C00200F094FFD4F8D40204EB800001
:10C12000C0F8C062C4F8BC62002070BD18010020D5
:10C1300010B5D0F8D41200EB8100D0F8C04284B121
:10C14000D0F8C41259B194F80002FF2807D08B68C8
:10C1500094F8012221469847FF2084F8000200202D
:10C1600010BD032010BD00000A2101800048704767
:10C170001C01002070B5064682210C4800F0D9FA57
:10C1800005460121094800F0D4FA044681210748F8
:10C1900000F0CFFA0DB11021A971402104B1A180A6
:10C1A00000B1818043203080004870BD280100200C
:10C1B00070B5064682210D4800F0BBFA0546012104
:10C1C0000A4800F0B6FA04468121084800F0B1FAA6
:10C1D0000DB11021A9714FF4007104B1A18000B11B
:10C1E000818043203080014870BD0000280100207C
:10C1F00070B5064682210C4800F09BFA05460121E5
:10C20000094800F096FA04468121074800F091FAA7
:10C210000DB11021A971402104B1A18000B181802C
:10C2200043203080004870BD280100202DE9F047F0
:10C2300004464FF40776304600F004FF05004FF047
:10C24000000865D03146F4F705FAD4F8D4023E4E22
:10C2500004EB80004FF01009C0F8C052C4F8BC5283
:10C26000207C4FF4007A0127E8B340230222317882
:10C27000204600F006FC3078402300F00F0000EB71
:10C28000800004EB800080F8237002227178204641
:10C2900000F0F7FB7078082300F00F0000EB80003F
:10C2A00004EB8000032280F86371B07800F00F0087
:10C2B00000EB800004EB8000C0F81C90B1782046B1
:10C2C00000F0DFFBB07800F00F0000EB800004EB23
:10C2D000800080F82370C5F80482D4F8D402474661
:10C2E00004EB800000E01BE0D0F8C40205F5017506
:10C2F000006880472F616F612A687AB1207C00B3A3
:10C3000040237178204600F0C8FB0020BDE8F0878C
:10C31000D4F8D41204EB8101C1F8C0820220F5E701
:10C32000534602223178204600F0ABFB307853466A
:10C3300000F00F0000EB800004EB800080F8237019
:10C34000A3E75346DDE700001801002010B5D0F840
:10C35000D41200EB8101D1F8C01259B1027C084C13
:10C36000002AD1F8042207D04023617800F095FB21
:10C37000002010BD032010BD4FF40073F5E700004E
:10C380001801002039B1D0F8D42200EB8200C0F8A7
:10C39000C4120020704703207047D0F8D42200EB6D
:10C3A0008200D0F8C00218B1C0F804120020704713
:10C3B00003207047D0F8D43200EB8300D0F8C002DD
:10C3C00028B1C0F81022C0F80812002070470320DE
:10C3D00070472DE9FC410646D0F8D4020C4606EB26
:10C3E00080000021D0F8C0728DF80010ADF8041064
:10C3F0000D4637B1217811F060022FD0202A4BD1A1
:10C4000002E00320BDE8FC81E288F2B109060DD507
:10C41000D0F8C40294F801C0394683686046984752
:10C42000E288072A00D9072239462DE0607887F88C
:10C430000002E088402800D34020C2B287F80122E1
:10C440003946304600F058F82BE0D0F8C402667840
:10C450000022836821463046984722E0607830B158
:10C4600001281ED00A2809D00B2815D110E096F813
:10C470009C02032810D1022201A905E096F89C0233
:10C48000032809D101226946304600F051F808E03E
:10C4900096F89C02032804D02146304600F021F88B
:10C4A00003252846AEE710B5D0F8B822002452681C
:10C4B000904700B10324204610BD002070470020A3
:10C4C0007047134610B50A46002100F0E6FA002036
:10C4D00010BD134610B50A46002100F088FB00206D
:10C4E00010BD10B50446802100F062FB2046BDE877
:10C4F0001040002100F05CBB10B50323C0F894325B
:10C50000C0F85421C0F858211346C0F864110A46F7
:10C51000002100F0C2FA002010BD10B50521C0F8BE
:10C52000941200231A46194600F0B7FA002010BDF5
:10C5300010B50223C0F89432426182611346416211
:10C540000A46002100F053FB002010BD10B5042165
:10C55000C0F8941200231A46194600F048FB002048
:10C5600010BD000010B50A46024903A000F00FF903
:10C57000004810BD7C21002043444320436F6E6679
:10C5800069670000122008800048704744000020BE
:10C5900010B50A46024903A000F0F9F8004810BDA2
:10C5A0007C21002043444320496E746572666163B8
:10C5B000650000000420088000487047400000200B
:10C5C00010B50A46024903A000F0E1F8004810BD8A
:10C5D0007C21002053544D6963726F656C656374F0
:10C5E000726F6E696373000010B50A46024903A0BA
:10C5F00000F0CDF8004810BD7C21002053544D338D
:10C6000032205669727475616C20436F6D506F7281
:10C610007400000010B51A2008800A480168001D47
:10C620000468001D0068081809D008220649FAF7B6
:10C63000CDFD0549042210312046FAF7C7FD024816
:10C64000801E10BD107AFF1F5A000020F8B5044666
:10C650000020ADF8000048880D46010A08295FD285
:10C66000DFE801F05E0409175E5E3D45D4F8B412C0
:10C67000207C0A6819E0207C02260028D4F8B80241
:10C6800005D0C16A684688470146467039E0816A2C
:10C69000F8E7C0B2062843D2DFE800F0030B11151B
:10C6A000191DD4F8B402426806E069469047014675
:10C6B00027E0D4F8B40282688AB3207CF5E7D4F886
:10C6C000B402C268F8E7D4F8B4020269F4E7D4F817
:10C6D000B4024269F0E7D4F8B4028269ECE7207C46
:10C6E000E8B9D4F8B802416B68468847DFE7207C98
:10C6F000A8B9D4F8B802016B6846884701460720FC
:10C700004870EA888AB1BDF8000040B1824200D981
:10C710000246ADF800202046FFF70AFFF8BDFFE70C
:10C7200029462046FFF7DDFEF8E72046FFF70EFF1B
:10C73000F4E778B50E4642880178002405468A421F
:10C7400012D9ADF800100AE0694600F019F84178F6
:10C75000052904D181780446B14205D000246988B6
:10C76000BDF800209142EFD8204678BD002102E0BC
:10C77000491CC9B2401C0278002AF9D1084670470A
:10C780000A8803781A440A8001780844704770B513
:10C7900016460D46002820D00446FFF7E7FF022189
:10C7A00001EB40014FF40070814204D82046FFF7AE
:10C7B000DDFF4000801C30803078287003206870D6
:10C7C0000220002206E02954401CC0B22A54401C1A
:10C7D000C0B2641C21780029F5D170BD01004FF072
:10C7E000000004D0012901D0022901D003207047A4
:10C7F0000120704778B10023C0F8B832C0F8C432C5
:10C80000C0F8D03209B1C0F8B412012180F89C12EE
:10C81000027000F0CFB80320704710B5D0F8C802FE
:10C82000F7F7ACFCBDE81040FFF7D8BF10B5D0F863
:10C83000C802F7F77EFCBDE81040FFF7CFBF70B528
:10C840000446002521B194F89C02032846D050E00C
:10C85000D4F8941204F11400022939D18189426874
:10C860008A420AD9511A41608289016911440161E1
:10C8700042682046FFF72DFE0FE0914214D1006878
:10C88000884211D3D4F8981288420DD20022114662
:10C890002046FFF71EFEC4F8985200231A46194698
:10C8A000204600F0FAF813E094F89C02032808D11F
:10C8B000D4F8B802C16821B1C4F8D452C168204686
:10C8C00088478021204600F073F92046FFF725FEB7
:10C8D00094F8A00268B184F8A0520AE0D4F8B80233
:10C8E000426932B1C4F8D4524269204690470028C8
:10C8F00000D1002070BD10B50446002221B194F88B
:10C900009C02032834D03EE0D4F8941204F5AA70B7
:10C91000032938D18389416899420ED9C91A4160E7
:10C9200001699AB211440161426898B2824200D80A
:10C9300002462046FFF7C5FD25E094F8AA0210F054
:10C940001F0003D0012802D0022800D0002294F852
:10C950009C02032808D1D4F8B802016921B1C4F8B7
:10C96000D4220169204688472046FFF7EFFD0AE000
:10C97000D4F8B802836933B1C4F8D422826920465E
:10C980009047002800D1002010BD0020704710B54E
:10C990000024012180F89C12D0F8B82222B15268FC
:10C9A0000179904700B10324204610BDD0F8C80299
:10C9B000F7F711BC10B5017839BB15490222C1F84F
:10C9C000E004C0F8C8124FF0A040086004200871CD
:10C9D000CA71002088714A728872C872087388739D
:10C9E000C8730846F7F74EFF08B1F5F79BFD8021A5
:10C9F0000748F7F74EFB402200210548F7F74DFBAB
:10CA0000802201210248F7F748FB002010BD0000FA
:10CA1000981C00200A0601F07F01D0F8C80201EB43
:10CA2000C10100EB810001D5807D704790F856026E
:10CA3000704710B5D0F8D42200EB8202D2F8B822A9
:10CA400022B190F89C32032B02D004E0032010BDE9
:10CA5000126A02B19047002010BD10B5D0F8D42260
:10CA600000EB8202D2F8B82222B190F89C32032B5C
:10CA700002D004E0032010BD526A02B190470020AA
:10CA800010BD10B51C461346D0F8C8022246F7F771
:10CA9000ABFBBDE81040FFF7A1BE10B5D0F8C8024F
:10CAA000F7F7D3FBBDE81040FFF798BE2DE9F04142
:10CAB00000250126044680F89C62C4F89452656003
:10CAC000C4F8A45280F8A052D0F8B80230B142683D
:10CAD00022B100212046904700B1032500224023C7
:10CAE00011462046FFF7CDFF402784F86361A4F884
:10CAF00060713B46002280212046FFF7C2FF84F888
:10CB0000236027842846BDE8F08190F89C12042910
:10CB100003D190F89D1280F89C120020704710B548
:10CB200090F89C12032905D1D0F8B81211B1C96947
:10CB300001B18847002010BD01740020704710B576
:10CB4000D0F8C802F7F764FFBDE81040FFF746BE13
:10CB500070B5044600F2AA20054600F051F8012005
:10CB6000C4F89402B4F8B002C4F8980294F8AA2267
:10CB700012F01F000AD001280ED0022812D0204641
:10CB8000BDE8704002F0800100F012B8294620464E
:10CB9000BDE8704000F0D2B829462046BDE870409C
:10CBA00000F015BA29462046BDE8704000F05CB997
:10CBB00010B5D0F8C802F7F764FBBDE81040FFF7E6
:10CBC0000DBE10B5D0F8C802F7F73CFFBDE8104025
:10CBD000FFF704BE90F89C12042903D090F89C1231
:10CBE00080F89D12042180F89C120020704710B537
:10CBF000D0F8C802F7F77EFBBDE81040FFF7EEBDA6
:10CC000070B5044611F8010B207011F8010B60702B
:10CC10000D460846FDF732FBA91C60800D4608460C
:10CC2000FDF72CFBA080A81CFDF728FBE08070BD61
:10CC300038B504460020ADF80000A1B1C4F8B81220
:10CC4000D4F8D40204EB8000D0F8B802C16A19B15C
:10CC500068468847C4F8D002D4F8D802401CC4F80B
:10CC6000D802002038BD032038BD03460020D3F889
:10CC7000B822002A02D012681846104770470000F8
:10CC80002DE9F04188462B4E897800250446317005
:10CC9000012906D941462046FFF723FC0320BDE8C1
:10CCA000F08194F89C02022702280CD003281DD0A2
:10CCB00041462046FFF715FC31782046FFF7F3FB8D
:10CCC00003252846EBE789B320466160FFF7CDFFD7
:10CCD000050004D041462046FFF703FC1DE0204636
:10CCE000FFF734FC032084F89C02EAE7C1B16068D6
:10CCF00088421BD0C1B22046FFF7D5FB31782046D1
:10CD00006160FFF7B2FF050010D041462046FFF7F3
:10CD1000E8FB21792046FFF7C6FB84F89C72D0E738
:10CD200084F89C7220466160FFF7BDFB2046FFF748
:10CD30000DFCC6E714010020FFF743BF2DE9F041C9
:10CD40000A78002612F060020CD0202A01D0402A76
:10CD50007DD1D0F8D42200EB8202D2F8B8229268BA
:10CD6000904731E04A78002301250A2A6FD2DFE894
:10CD700002F041666E586E08056E2D29FFF766FCBD
:10CD800067E004468888D8B9C888C8B94888802828
:10CD900016D200F07F0794F89C02032810D084F884
:10CDA0009E7239462046FFF7CAFE2046FFF7CEFBAB
:10CDB0001FB1022084F89C024BE084F89C5248E0AA
:10CDC000204644E0FFF75CFF064642E0CA88012A9D
:10CDD0003DD190F89C22012A04D0022A02D0032AD5
:10CDE00035D104E0012200F10801836016E0012240
:10CDF000011D13E090F89C22012A03D0022A01D0E1
:10CE0000032A24D1CA88022A21D1C560D0F8A412ED
:10CE100009B10321C160022200F10C01FFF788FB78
:10CE200017E04A88012A02D0022A03D00FE0C0F896
:10CE3000A45216E08988090A80F8A01211E090F83F
:10CE40009C22012A08D0022A06D0032A04D0FFF728
:10CE500048FB3046BDE8F08149880129F9D1C0F886
:10CE6000A432FFF773FBF4E72DE9F041054608789B
:10CE70000C790E464FF0000810F060000BD020280F
:10CE800001D040286BD121462846FFF716FBFF282A
:10CE900000D0D8B398E07078C8B3012824D0032814
:10CEA0005DD195F89C02022802D0032857D10CE0EE
:10CEB000002C54D0802C52D021462846FFF778FE13
:10CEC00080212846FFF774FE7EE0708840B93CB1AF
:10CED000802C05D0C88818B921462846FFF768FE7F
:10CEE0002846FFF733FB6FE095F89C020228DFD05D
:10CEF000032866D1708888BB600603D02146284687
:10CF0000FFF78BFC2846FFF721FBBCE700E00AE0B7
:10CF1000C5F8D402D5F8B8028268FAB1314628467D
:10CF20009047804650E095F89C020027022802D0E6
:10CF3000032846D114E00CB1802C42D1200604F025
:10CF40007F0000EB800005EB800101D5143101E08A
:10CF500001F5AA71022201F80E7F2EE034E030E0E4
:10CF6000200604F00F0000EB800005EB80000AD5DE
:10CF700090F8230028B304F07F0000EB800005EB5D
:10CF8000800614360AE090F86301D0B104F07F0007
:10CF900000EB800005EB800606F5AA764CB1802CEC
:10CFA00007D021462846FFF735FD10B10120B073A8
:10CFB00000E0B773022206F10E012846FFF7B8FA27
:10CFC00002E02846FFF78DFA4046BDE8F08170B5D3
:10CFD0000546087800240E4610F0600003D0202893
:10CFE00001D0402827D195F89C02012803D00228BF
:10CFF00001D003281FD1B088C1B201291AD8C1B20B
:10D000002846FFF75CFAFF280CD058B9D5F8B812BB
:10D010008A683AB1C5F8D4028A68314628469047F2
:10D02000044600E00324F088204307D12846FFF798
:10D030008DFA03E031462846FFF753FA204670BDCB
:10D040007047000000487047781A002070B50A78D1
:10D05000012302F00F054E78AB401B4CD0F81C5852
:10D06000012E17D045EA0343C0F81C3800EB4210EC
:10D07000D0F8002B12040BD4D0F8002B0B890979BF
:10D08000C3F30A031A4344EA81410A43C0F8002B60
:10D09000002070BD9BB21D43C0F81C5800EB42102D
:10D0A000D0F800391B04F3D4D0F800390D89097980
:10D0B000C5F30A0589042B4341EA82510B432343FC
:10D0C000C0F80039E4E7000000800010D0F8001933
:10D0D0006FF30A01C0F80019D0F8041841F4807108
:10D0E000C0F804180020704770B50D460446C2F31E
:10D0F000072004991E4601281BD0E06840F040003C
:10D10000E060204600F032F8C6F307210029A16B49
:10D1100026D021F48031A163C5F30741012907D14D
:10D12000A16841F00601A160A16841F02001A16061
:10D1300070BDA06B20F48030A063E0680A4A104004
:10D14000E060E06820F44010E060C8B2012803D13C
:10D15000E06840F48010E060204600F007F8DBE76C
:10D1600041F48031D7E70000BFFFBDFF08B50021C3
:10D170004FF0706200910099491C0091914210D8C3
:10D1800001690029F7DA0A210091491E0091FCD1BA
:10D19000016941F0010101610099491C009191422E
:10D1A00001D9032008BD0169C907F5D1002008BDD8
:10D1B00070B54C780A78012300EB4212012C2DD077
:10D1C000D2F8004B002C0BDAD2F8004B44F000648C
:10D1D000C2F8004BD2F8004B44F08044C2F8004B38
:10D1E000D0F83C480D781E4605F00F05AB4024EA08
:10D1F0000343C0F83C38D0F81C48097801F00F010F
:10D2000006FA01F324EA0341C0F81C18D2F8000B17
:10D2100019490840C2F8000B002070BDD2F800493F
:10D22000002C0BDAD2F8004944F00064C2F800493F
:10D23000D2F8004944F08044C2F80049D0F83C4894
:10D240000D7805F00F061D46B3409BB29C43C0F815
:10D250003C48D0F81C48097801F00F0105FA01F3A9
:10D2600099B28C43C0F81C48D2F800090349084021
:10D27000C2F80009D0E700000078F3EF007833EC43
:10D28000D0F8001E21F00301C0F8001ED0F80418E9
:10D2900021F00201C0F8041800207047D0F8001EE9
:10D2A00021F00301C0F8001ED0F8041841F002017B
:10D2B000C0F80418002070472DE9F04F00260446FE
:10D2C0000F4692463046354604EB8001C1F80451C2
:10D2D000401C0F28F8D3C3F307405FEA000B204639
:10D2E00013D0806B20F40011A163A06B40F40021E7
:10D2F000A163C4F8005ECAF30720012817D0D4F850
:10D300000018204641F0030118E0D0F8040840F06E
:10D310000201C4F80418A06B40F40011A163A06BD3
:10D3200020F40021A163A06B20F48021E0E7380EF7
:10D33000D4F80018204601D041F00101C0F80018CF
:10D34000102100F087FA00B10126204600F066FAAD
:10D3500000B10126C4F81058C4F81458C4F81C5879
:10D3600000204FF0006C4FF090434FF67F39FAB237
:10D3700014E004EB4011D1F80089B8F1000F06DA8F
:10D3800010B1C1F8003904E0C4F800C901E0C1F8E7
:10D390000059C1F81059C1F80899401C8242E8D8D8
:10D3A000002014E004EB4011D1F8008BB8F1000F1D
:10D3B00006DA10B1C1F8003B04E0C4F800CB01E08C
:10D3C000C1F8005BC1F8105BC1F8089B401C8242A9
:10D3D000E8D8D4F8100820F48071C4F81018A561BA
:10D3E0006FF080406061C7F3074018B9A06940F052
:10D3F0001000A061A0690A490843A061CAF3074070
:10D4000018B1A06940F00800A061BBF1010F03D181
:10D41000A06904490843A0613046BDE8F08F0000D0
:10D4200000383C8004000040816821F001018160E7
:10D430000020704710B5036C134CA34203D9D0F8F9
:10D44000003B002B1EDB0023C0F8103BD0F8103B44
:10D4500043F40023C0F8103BD0F8103B43F018030E
:10D46000C0F8103BD0F8103B43F0C043C0F8103B6D
:10D47000012907D1C0F8142BD0F8001B41F08021FE
:10D48000C0F8001B002010BD0A30544F4A780B78BA
:10D49000012A00EB43100BD0D0F8002B22F400122D
:10D4A000C0F8002B0979032914D0022912D017E003
:10D4B000D0F8002922F40012C0F8002909790329C4
:10D4C00001D002290CD1D0F8001941F08051C0F8E8
:10D4D000001905E0D0F8001B41F08051C0F8001B96
:10D4E000002070470A784B78D1B200EB4110012B35
:10D4F00012D0D0F8001B002906DB2AB1D0F8001B9F
:10D5000021F08041C0F8001BD0F8001B41F400114D
:10D51000C0F8001B00207047D0F80019002906DB76
:10D520002AB1D0F8001921F08041C0F80019D0F8D4
:10D53000001941F40011C0F80019EBE7F8B50C78B8
:10D540004F788B4DE3B26FF0604600EB4313012F31
:10D5500029D0D3F8107B6FF31207C3F8107BD3F8F0
:10D56000107B2F40C3F8107B002C7DD00D69002D5F
:10D570007BD08C6825446D1EB5FBF4F5ADB26C43D1
:10D580000C62D3F8104B06EAC5452C43C3F8104B88
:10D59000D3F8104B0D6AC5F312052C43C3F8104B9A
:10D5A000012A70D0CBE00F69EFB1D3F810796FF397
:10D5B0001207C3F81079D3F810792F40C3F8107907
:10D5C0000CB30F698D682F447F1EB7FBF5F5D3F8B8
:10D5D0001079ADB206EAC5463743C3F810790E7923
:10D5E000012E1CD02AE0D3F810692E40C3F8106930
:10D5F000D3F8105945F40025C3F81059D3F8105941
:10D600006FF3120520E00E698D68AE4200D90D61FE
:10D61000D0F8105945F40026C0F810690EE0D3F890
:10D62000106926F0C046C3F81069D3F810694FF0AE
:10D63000C04707EA45752E43C3F81069D3F810595F
:10D640000E69C6F312063543C3F81059012A1BD0E0
:10D6500000EB4413D3F8004944F00444C3F80049F4
:10D660000C79012C31D001E044E057E00A695AB34B
:10D67000D0F83428097801F00F03012199400A43BA
:10D68000C0F8342871E056E0CA691AB100EB4413BF
:10D69000C3F81429097901290ED1D0F80818C90551
:10D6A00000EB4411D1F8002902D442F0005201E00D
:10D6B00042F08052C1F8002900EB4410D0F8001964
:10D6C00041F00441C0F800194FE0D0F80848E405E3
:10D6D000D3F8004902D444F0005401E044F08054EF
:10D6E000C3F8004900920A8A93B20A78C96800F028
:10D6F000DFF93AE00C690CB18C680C618C680C6243
:10D70000D0F8105BC4F312042543C0F8105BD0F8C6
:10D71000104B44F40024C0F8104B41E7D3F8104BF1
:10D720008D68C5F312052C43C3F8104BD3F8104B8A
:10D7300044F4002432E7CA680AB1C3F8142B09790B
:10D7400001290CD1D0F80808C005D3F8000B02D489
:10D7500040F0005001E040F08050C3F8000BD3F8D7
:10D76000000B40F00440C3F8000B0020F8BD00009F
:10D77000FFFF07E038B5002200920B784D7800EBF0
:10D78000431442F21073012D19D0D4F8005B002D20
:10D790003CDAD4F8005B45F00065C4F8005B0C7817
:10D7A00000EB4414D4F8005B45F08045C4F8005BFE
:10D7B000009C641C00949C4221D9012226E0D4F8EC
:10D7C0000059002D22DAD4F8005945F00065C4F85C
:10D7D00000590C7800EB4414D4F8005945F080450A
:10D7E000C4F80059009C641C00949C42E5D80C7855
:10D7F00000EB4414D4F80049002CF3DB06E00C786D
:10D8000000EB4414D4F8004B002CD1DB104638BD9B
:10D81000816841F0010181600020704708B5002354
:10D820004FF0706200930099491C009191420AD810
:10D8300001690029F7DA1021009301610099491C60
:10D840000091914201D9032008BD0169C906F5D4B0
:10D85000002008BD18B500244FF070630094009AB2
:10D86000521C00929A420CD80269002AF7DA202250
:10D8700042EA8111009401610099491C009199428A
:10D8800001D9032018BD01698906F5D4002018BD0F
:10D89000D0F8080810F0060004D0022803D00628AB
:10D8A00001D00F20704702207047406900F001004E
:10D8B0007047D0F81818D0F81C08084080B270479C
:10D8C000D0F81818D0F81C080840000C704710B5A4
:10D8D000D0F81038D0F8342801F00F0400EB4110D4
:10D8E000E24002F00102D0F8080943EAC2121040F7
:10D8F00010BD00EB4111D1F8081BD0F81408084006
:10D900007047416980690840704730B50346084652
:10D91000940802F00301002203F5805303E01D6820
:10D9200040F8045B521CA242F9D300290BD01C68BA
:10D930000022D50024FA05F3491E521C090400F800
:10D94000013B090CF5D130BD70B50546C068002417
:10D9500020F0C040E860012901D079B120E0E868FA
:10D9600040F00050E8600A20F6F7A6F868690A342B
:10D9700010F0010F10D1C82CF5D30DE0E86840F08D
:10D980008040E8600A20F6F797F868690A3410F0DA
:10D99000010F01D0C82CF5D3C82C01D0002070BDD8
:10D9A000012070BDD0F8002822F4FE62C0F80028E3
:10D9B000D0F800284FF4FE6303EA01110A43C0F8CF
:10D9C0000028002070470000022A3ED1264A274B3B
:10D9D0000A449A4201D20F2138E0254A254B0A44D5
:10D9E0009A4201D20E2131E0234A244B0A449A4242
:10D9F00001D20D212AE0224A224B0A449A4201D246
:10DA00000C2123E0204A214B0A449A4201D20B21E7
:10DA10001CE01F4A1F4B0A449A4201D20A2115E01A
:10DA20001D4A1E4B0A449A420FD31D4A1D4B0A44FD
:10DA30009A4201D2082109E01B4A11441B4A914233
:10DA400001D2072102E0062100E00921C26822F488
:10DA50007052C260C2684FF4705303EA81210A43D6
:10DA6000C260002070470000405327FF00350C00C3
:10DA7000401E1BFF40420F0000DC0BFF804F1200D6
:10DA8000808CF9FE20D6130060B6E5FE60E3160038
:10DA900000D3CEFE40771B00C05BB3FEC0912100D7
:10DAA00000CA91FE20753800E05459FEE09C410008
:10DAB00010B5029C6CB9DB1C9C0800EB0230002303
:10DAC00000F5805003E051F8042B02605B1CA34278
:10DAD000F9D3002010BD00002DE9F74F15462DEDBC
:10DAE000048B0C469FED549ADFF85091DFF850B14B
:10DAF0009FED548ADFF850A1DFF85081DFED548AA2
:10DB0000544F8868012610B101283AD11BE05249D0
:10DB1000606A884201D8B8420DDD884203D8B84215
:10DB200001DC84ED099A94ED090A30EE480AF8F711
:10DB300039FB84ED090A28688068484521D8584592
:10DB40001FDCA6601DE094ED090AB5EEC00AF1EEF7
:10DB500010FA02DB30EE480A06E0B5EEC00AF1EE3C
:10DB600010FA05D230EE080AF8F71CFB84ED090A1A
:10DB700010EE100A504503D8404501DCC4ED098A77
:10DB80006676606910B101283AD11BE03249A06A7B
:10DB9000884201D8B8420DDD884203D8B84201DC82
:10DBA00084ED0A9A94ED0A0A30EE480AF8F7FAFA78
:10DBB00084ED0A0A68688068484521D858451FDC0A
:10DBC00066611DE094ED0A0AB5EEC00AF1EE10FAA6
:10DBD00002DB30EE480A06E0B5EEC00AF1EE10FABC
:10DBE00005D230EE080AF8F7DDFA84ED0A0A10EEE5
:10DBF000100A504503D8404501DCC4ED0A8AA676D8
:10DC0000A068012813D16069012810D12868134940
:10DC1000806888420BD8124A904208DC68688068A5
:10DC2000884204D8904202DC049800210171BDECC6
:10DC3000048BBDE8FE8F0000AE47A13F666686BF3D
:10DC40003333B33F6F12033CCDCC4CBECDCC4C3EF6
:10DC500000000000AE47A13F000080BFCDCCCCBE8D
:10DC6000CDCCCC3EFEE700002DE9F0419FED251A1A
:10DC7000264C16462DED028BB0EE608AF0EE408AFF
:10DC800090ED080ADFED1E0A0F46054640EE000A39
:10DC900070EEC10AB0EE001A20EE011A9FED1A0ACA
:10DCA00021EE000A80EE801AB7EE000A84ED0A1A0F
:10DCB00001EE410A01F0CCF884ED0B0AD4ED0A0A1A
:10DCC000F6EE001A80EE201A28EEA10A84ED0C1A56
:10DCD000D5ED080A20EE200A68EE210A20EE010A9E
:10DCE00084ED0D0A30EEC01A30EE200AC4ED0E0AA3
:10DCF00087ED001A86ED000ABDEC028BBDE8F081CD
:10DD0000F720843D6D563D3D4A0C823EA00A00201E
:10DD100070B5224BB3F81130DB053DD50B7E002BDF
:10DD20003AD190ED1D0A1E4E0124B0EEC00A10EE4D
:10DD3000105AB5420BDB90ED1C0AB5EEC00AF1EEAD
:10DD400010FA01D8CC8503E00220C88500E0CB851D
:10DD50001068144A904204D8134A904201DC8B8523
:10DD600000E08C85114890ED020A81ED070A90EDE4
:10DD7000140A81ED080A90ED020A81ED090A90ED7E
:10DD8000140A81ED0A0A0B604B608B60CB600B615B
:10DD90004B614B768B760C7670BD000084AB002017
:10DDA0000000B442513A0BC0C023763FE8A10020E6
:10DDB00070B50223044600221946F9F723FA0C48ED
:10DDC000D4F800116CC881E86C006CC854F8F81FD6
:10DDD00081E86C006CC8E16981E86C002DC8216A9B
:10DDE00081E82D00034960691EC980E81E0070BDEE
:10DDF000480900202C20010870B50446D0F8000125
:10DE00000D4680ED010A204601F0ECF82046F9F7B6
:10DE1000E3FC206890ED000A85ED020A206890ED91
:10DE2000010A85ED030A70BD2DE9F0410F462DED85
:10DE3000068B1C46164619680C9D91ED030A81ED70
:10DE4000040AB7F9121100EE101AF8EEC00A9FED9D
:10DE5000D41A80EE810ADFEDD30AC0EE201AB0EEAC
:10DE6000000A61EE801A9FEDD02A61EE821A9FEDC2
:10DE7000CF9A216861EE891AC1ED031A6168D1ED6C
:10DE8000031AC1ED041AB7F92A1101EE901AF8EE3F
:10DE9000E11A81EE812A82EE201A61EE000A9FEDDE
:10DEA000C48A616860EE880A60EE890AC1ED030ADF
:10DEB00090ED1E1ADFEDBF0A21EE201A86ED031A3F
:10DEC00090ED061A86ED041A90ED1C1A61EE200AF8
:10DED000C6ED050AD0ED050AB748C6ED060AD0ED35
:10DEE000030A9FEDB61AEC3760EE810A20EE800A35
:10DEF00020EE080AF8F756F986ED000A17ED230A16
:10DF0000286838EE400A80ED010A17ED120A6868A9
:10DF100038EE400A80ED010A17ED340A2868B1EEA8
:10DF2000400A80ED040A17ED010A6868B1EE400A64
:10DF300080ED040A17ED220A2868B1EE400A80ED50
:10DF4000060A17ED110A6868B1EE400A80ED060A6C
:10DF500017ED330A2868B1EE400A80ED070A97ED05
:10DF6000000A6868B1EE400A80ED070A2868FAF7EF
:10DF70001BF86868FAF718F8286890ED000ADFEDDA
:10DF8000908AD6ED050A38EEC00A30EE200AF8F77E
:10DF900009F9206880ED000A6868D6ED050A90ED61
:10DFA000000A30EE680A30EE200AF8F7FBF86068E5
:10DFB00080ED000A286896ED060AD0ED050A206873
:10DFC00030EE600A80ED010A6868D6ED060A90ED31
:10DFD000050A606830EE200A80ED010A286890ED9D
:10DFE000000A38EEC00AF8F7DDF8206880ED020A72
:10DFF000686890ED000A30EE680AF8F7D3F86068B8
:10E0000080ED020A206890ED000A01F041F8DFED92
:10E010006D8A20EE280AFBF7B5FC206880ED070A20
:10E02000606890ED000A01F033F820EE280AFBF753
:10E03000A9FC606880ED070A286890ED0A0A01F0E3
:10E0400045FADFED619A2868F6EE008A20EE290A8B
:10E05000D0ED0B0A20EE28AAB0EE480A00EEE80A3E
:10E06000D0ED0A0A30EE600A01F030FA2AEE000A1A
:10E070002068B0EEC00A80ED080A686890ED0A0AD0
:10E0800001F024FA20EE290A686860EE289A90EDE3
:10E090000B0A00EE688A90ED0A0A38EE400A01F099
:10E0A00015FA29EE800A6068B0EEC00A80ED080A11
:10E0B000206890ED030AD0ED010A00EE890A80ED98
:10E0C000060A606890ED030AD0ED010A00EE890AA5
:10E0D00080ED060A206890ED000A01F0F7F9286843
:10E0E000D0ED090A206820EE208A90ED000A00F0A9
:10E0F000CFFF2868D0ED080A206890ED011A60EE85
:10E10000810A00EE808A80ED058A606890ED000A41
:10E1100001F0DCF96868D0ED090A606820EE208A19
:10E1200090ED000A00F0B4FF6868D0ED080A60685E
:10E1300090ED011A60EE810A00EE808A80ED058A7A
:10E14000206890ED060AD0ED050A606830EE200ADE
:10E15000D0ED060A30EE200A30EE080A20EE280A3A
:10E1600086ED0A0A606890ED030A2068D0ED030A84
:10E1700030EE600ADFED150A80EE201A86ED0B1AEC
:10E18000286890ED080A6868D0ED080A30EE200A89
:10E1900020EE280A86ED090ABDEC068BBDE8F08169
:10E1A0007B146E4100007042DB0F49C08FC2753D89
:10E1B000DB0F494034FA8E3C58AE00200000803717
:10E1C000DB0FC93FE2BAE94200009643C4B1EE3E1C
:10E1D00070B50C462DED048B16460546096833686C
:10E1E00001F11402101F91EC020A01461846FFF7D4
:10E1F0003BFD6168736801F1140291ED010A101F83
:10E20000F1EE400A91ED000A01461846FFF72CFD99
:10E2100020689FED2F8ADFED2F8AD0ED020A9FED57
:10E220002E9A80EE880AF0EE490A20EE280AFAF7C4
:10E2300091FC2068F0EE490A80ED030A606890EDD9
:10E24000020A80EE081A21EE280AFAF783FC6068B9
:10E25000B1EE400A80ED030A68799FED200A30B1E3
:10E260002068D0ED030A60EE800AC0ED030AA879A9
:10E2700030B16068D0ED030A60EE800AC0ED030A99
:10E28000E87930B12068D0ED030A60EE800AC0ED75
:10E29000030A287A30B16068D0ED030A20EE800AC4
:10E2A00080ED030AE8789FED0E0A28B1206880ED22
:10E2B000030A606880ED030A687A002805D02068A8
:10E2C00080ED030A606880ED030ABDEC048B70BD2D
:10E2D000F50A6E3ECDCC4C4400007A469A99193F1F
:10E2E00000000000044800210176417680218176FB
:10E2F0007F21C17670470000E4AB00200E480F4933
:10E300001C2290ED010A81ED000A90ED020A81EDD8
:10E31000010A90ED000A81ED020A90ED040A81EDF8
:10E32000030A90ED050A81ED040A90ED060A0448FF
:10E3300081ED050AF7F772BEB8A10020E4AB00201A
:10E34000E41400202DE9F05F5B4B04462DED028BB9
:10E350000D46B3F811001646584902054FF0010763
:10E360004FF0000801D50F6001E0C1F80080C00542
:10E37000A8789A464FF4FA7905D5B8B9AF70F5F791
:10E38000A9FCE86012E088B185F80280F5F7A2FCEC
:10E39000E968401A484509D2E07828B9207818B9C8
:10E3A000A07808B9607840B184F801809AF811002B
:10E3B0000006287808D510B115E06770F6E72F70D1
:10E3C000F5F788FC68600EE068B185F80080F5F725
:10E3D00081FC6968401A484505D2E07808B9207880
:10E3E00060B184F80280BAF81100DFF8D4B080057B
:10E3F0009FED348A687811D558B120E0A07820B11B
:10E4000084F8018084F80280EDE784F80180A77029
:10E41000E9E76F70F5F75EFCA8601BE078B185F85E
:10E420000180F5F757FCA968401A484512D2F068F8
:10E4300058450DD19FED240A86ED030A0AE0F068E5
:10E44000584507D02149884204D02149884201D04B
:10E4500086ED038A9AF811008006E87809D500282D
:10E4600003D1EF70F5F736FC2861BDEC028BBDE8F7
:10E47000F09F0028F9D085F80380F5F72BFC296977
:10E48000401A4845F1D2207948B9607838B96079A6
:10E4900028B9E07918B9207A08B9A07810B184F8C1
:10E4A0000080E2E7207820B184F8008086ED038ABE
:10E4B000DBE72770D9E7000084AB0020C808002004
:10E4C000AE47613EAE47613E713D8A3E713D8A3E38
:10E4D0000AD7A33EB0F5B47F02DDA0F5B470704753
:10E4E0000028FCDA00F5B470704700002DE9F04117
:10E4F0001D462DED028B9046DFED2C8A0C4606461C
:10E5000093ED000AF0EE680AF4F740F9284F9FED0A
:10E51000298AB0EEC00A87ED030A95ED000AF0EEF5
:10E52000480AF4F733F9B0EEC00A87ED040A98F808
:10E53000000070B3012834D07178002019B17A78C6
:10E540001D498AB11AE0D7ED030AF4EEC00AF1EED4
:10E5500010FA02D8C4ED008A01E084ED008A7870D8
:10E56000BDEC028BBDE8F08122688A4202D184EDC5
:10E57000008A01E0C4ED008A01227A702268D7ED9A
:10E58000030A8A4206D1F4EEC00AF1EE10FA06D967
:10E59000E6E706E0F4EEC00AF1EE10FAE0DD707096
:10E5A000DDE795ED000A84ED000AD9E7C023763F48
:10E5B000D4080020513A0BC0C023763F4100080226
:10E5C00018BF04200A0E18BF40F001004FF07F4230
:10E5D00032EA010108BF40F00200012808BF05200F
:10E5E00070470907090E002804DB00F1E02080F8DD
:10E5F0000014704700F00F0000F1E02080F8141DB7
:10E60000704700000000000010B5B94A2DED020B64
:10E610002DED0C8B82B00F9921F000409FEDB6CB11
:10E6200090422CDBA0F140530E9AA3F17F631A4372
:10E630000FD0B349884202DC16D10E98A0B19DEDEF
:10E640000E0B02B0BDEC0C8B02B0BDE8104000F028
:10E6500098BC0029C1BF9FEDAC0B02B0BDEC0C8B88
:10E6600002B0C8BF10BD16E00120F2F774F802B086
:10E67000BDEC0C8B02B0BDE8104000F08DBCA44A8C
:10E680009FEDA59B9FEDA6AB90425EDAA6499FED5C
:10E69000A8CB814208DBB0EE4C0AF0EE6C0A02B067
:10E6A000BDEC0C8B02B010BD9DED0E0B53EC102B8E
:10E6B00051EC100B03F0CCF841EC180B9E480621EE
:10E6C000B0EE480AF0EE680A784400F0DEFB53EC46
:10E6D000182B51EC100B03F0BBF841EC1B0B9748C7
:10E6E000B0EE480AF0EE680A0421784400F0CDFB51
:10E6F00053EC182B51EC100B03F0AAF853EC192B28
:10E7000002F05EFE41EC100B51EC1B0B53EC102B96
:10E7100002F00AFF41EC100B53EC102B9DED0E0B99
:10E7200051EC100B03F094F853EC1A2B03F0C4F9DE
:10E730009DED0E1B53EC112B03F0BEF953EC1C2B7B
:10E7400003F0BAF941EC100BA9E79FED7D8B9FED2B
:10E750007EBB9DED0E0B002953EC192B51EC100BD9
:10E7600052DA02F02DFE53EC182B03F071F841EC55
:10E77000180B77480621B0EE480AF0EE680A784494
:10E7800000F083FB53EC182B51EC100B03F060F8F6
:10E7900041EC1D0B6F48B0EE480AF0EE680A042108
:10E7A000784400F072FB53EC182B51EC100B03F083
:10E7B0004FF853EC192B02F003FE41EC190B51EC0E
:10E7C000180B01F04DFE41EC180B53EC192B51ECDA
:10E7D0001D0B02F0A9FE53EC182B03F039F853EC93
:10E7E0001A2B03F041FA41EC100B51EC180B53ECCF
:10E7F000102B02F0E5FD53EC1B2B03F029F853EC32
:10E800001C2B03F059F96DE003F056F953EC182B6B
:10E8100003F01EF841EC180B01F022FE41EC1A0B3C
:10E8200000208DED00AB00909DED000B51EC1A0B1C
:10E8300053EC102B02F0C4FD9DED000B41EC1C0BC2
:10E8400053EC102B51EC100B03F002F853EC182B87
:10E8500003F032F953EC1C2B02F066FE41EC1C0B6A
:10E860003D48B0EE480AF0EE680A0621784400F010
:10E870000CFB53EC182B51EC100B02F0E9FF41ECB0
:10E880001D0B3648B0EE480AF0EE680A04217844C1
:10E8900000F0FBFA53EC182B51EC100B02F0D8FFF0
:10E8A00053EC192B02F08CFD41EC100B51EC1D0BBD
:10E8B00053EC102B02F038FE53EC1A2B02F0C8FF79
:10E8C00053EC1C2B02F07CFD41EC100B53EC102B95
:10E8D0009DED000B51EC100B02F072FD53EC1B2B65
:10E8E00002F0B6FF41EC100BD9E60000000000007A
:10E8F0000000F03F00000000182D4454FB210940A7
:10E900000000F07F00000000000000000000000098
:10E910000000E03F00000000000000000000F03FA9
:10E92000075C143326A6913C0000603C0000000008
:10E93000182D4454FB21F93F044500001245000006
:10E94000000000000000E03F000000000000004068
:10E950004E4400005C440000604300006E43000031
:10E9600010B510EE104A4FF01A402DED028B00EB5F
:10E970004400B0F1C85F4AD84FF0FC40B0EB440F00
:10E9800022D2B0EEC00AF7EE000A30EEC00AF6EE70
:10E99000000A20EE208A18EE100A01F098FD00EE21
:10E9A000100A14F0004F1DBF9FED281ADFED280A52
:10E9B000B1EE400A9FED271A08BFF0EE410AF8EECB
:10E9C000001A20EE210A05E020EE008A9FED221AAF
:10E9D000DFED220ADFED221A9FED222A70EEC00A37
:10E9E00020EE080A08EE212ADFED1F1A48EE021A6F
:10E9F0009FED1E2A08EE212ADFED1D1A48EE021AAD
:10EA0000BDEC028B40EE610A30EE810A10BD4FF082
:10EA1000CC40B0EB440F82BF9FED160ABDEC028BD9
:10EA200010BD4FF07F40B0EB440F05D2BDEC028B20
:10EA3000BDE8104000F0C0BA0120F1F78CFEBDEC3B
:10EA4000028BBDE8104000F0BDBA00000000494054
:10EA500022AA7D3A000000000000C93F22AAFD3929
:10EA600024FE1C3DC78AD83C1E67383D1B93993D48
:10EA7000AFAA2A3EDB0FC93F10B54FF00E402DED77
:10EA8000028BB0EE408A18EE104A00EB4400B0F161
:10EA9000506F4AD84FF0FC40B0EB440F22D2B0EE9A
:10EAA000C80AF7EE000A30EEC00AF6EE000A60EE81
:10EAB000208A18EE900A01F00AFD01EE100A14F007
:10EAC000004F1DBFDFED2D0A9FED2D0AB1EE411A5B
:10EAD000DFED2C0A08BF9FED2C0AF8EE001A21EE9C
:10EAE000218A05E0DFED290A68EE088AB0EE600AA7
:10EAF0009FED271ADFED271A30EE080A48EE811A3B
:10EB00009FED251A08EEA11ADFED241A48EE811AAE
:10EB10009FED231A08EEA11A68EE281ABDEC028BAD
:10EB200001EE810A30EE200A10BD4FF0E440B0EB58
:10EB3000440F0CD918EE100AFFF740FD042808BF57
:10EB400000F048FAB0EE480ABDEC028B10BD4FF061
:10EB50007F40B0EB440F07D2B0EE480ABDEC028B09
:10EB6000BDE8104000F028BA0120F1F7F4FDBDEC3B
:10EB7000028BBDE8104000F025BA00000000C9BFBC
:10EB800022AAFDB90000C93F22AAFD3900000000F9
:10EB900024FE1C3DC78AD83C1E67383D1B93993D17
:10EBA000AFAA2A3E70B54FF068422DED048BF0EE0F
:10EBB000408A18EE900AB0EE608A18EE101A02EB46
:10EBC0004003B3F1654F3CBF02EB4102B2F1654F28
:10EBD0007DD200BFC0F3C753C1F3C7529A1A1B2A94
:10EBE00009DD10F0004F14BF9FED830A9FED830AEB
:10EBF000BDEC048B70BD12F11A0F36DA11F0004F24
:10EC000009D010F0004F0CBF9FED7D0A9FED7D0AEB
:10EC1000BDEC048B70BD88EE889A19EE100AFFF7E0
:10EC2000CDFC042808BF00F0D5F918EE900AFFF7D4
:10EC3000C5FC054618EE100AFFF7C0FC044619EEA5
:10EC4000100AFFF7BBFC042D18BF052D08D1042CBA
:10EC500018BF052C04D1002804BF0220F1F77BFD6A
:10EC6000B0EE490ABDEC048B70BD4200B2EB410F1F
:10EC70003AD910F0004F19BFDFED630A9FED630A28
:10EC8000DFED630A9FED630AB0EE481A0A46B1EE63
:10EC9000688A80F00041F0EE418A10460A1A52005C
:10ECA000B2F1807F34D2484010F0004FDFED5A1AA5
:10ECB0009FED5A2A1DBFBEEE001A70EEE10A30EE3B
:10ECC000420AB6EE001A08BF70EEA10A00E040E06A
:10ECD00008BF30EE020AB0EE682A01EE482A08EEBC
:10ECE000818AC2EE081A15E011F0004F04BF9FEDB3
:10ECF0004C0AF0EE400AD1D010F0004F19BFDFED02
:10ED0000490A9FED490ADFED490A9FED490AC5E727
:10ED1000C8EE881A21EEA11A9FED462ADFED462A99
:10ED200041EE022A9FED452A01EE222ADFED442A18
:10ED300041EE022A9FED432ABDEC048B01EE222A0C
:10ED400021EE811A01EE020A30EE210A30EE200A8D
:10ED500070BD4FF07F42B2EB400F28BFB2EB410FC6
:10ED600009D2F0EE480AB0EE680ABDEC048BBDE8AB
:10ED7000704000F024B940EA01035B0008BF41F095
:10ED8000FF410BD0B2EB400F08BFB2EB410F08D1EF
:10ED900020F0804008EE900A21F0804108EE101A21
:10EDA00018E7B2EB400F12BF5FEA410340F0FF40AB
:10EDB00001F000413FF40EAFB2EB410F12BF5FEA2A
:10EDC000400200F0004041F0FF413FF403AF4A0031
:10EDD00092EA40033FF5FEAE002AACBF9FED1A0A4F
:10EDE0009FED1A0A68EE808A28EE008A18EE900AD3
:10EDF00018EE101AEEE60000DB0FC9BFDB0FC93FAB
:10EE0000DB0F4940DB0F49C00000C9BF22AAFDB992
:10EE10000000C93F22AAFD390060ED3EC30ACE378B
:10EE200000000000000049C022AA7DBA000049404D
:10EE300022AA7D3A2DAD65BD8FB8D53D0FB511BE67
:10EE400061C84C3EA8AAAABE0000804F0000802FD7
:10EE500010B52DED028BB1EEC08A18EE100A20F02D
:10EE60000040C0F1FF40C00F0AD010EE100A20F0A1
:10EE70000040C0F1FF40C00F04BF0120F1F76BFC60
:10EE8000B0EE480ABDEC028B10BD70B504462DED06
:10EE9000028B4D1E00EBC500B0EE408AF0EE608A9A
:10EEA00090ED000B35F0060017D053EC182B51EC09
:10EEB000100B02F0CDFC41EC100B6D1E04EBC500F5
:10EEC00090ED001B51EC100B53EC112B02F078FA73
:10EED00041EC100B35F00600E7D1022D36D0042DA1
:10EEE0001CD0062D1CBFBDEC028B70BD53EC182B43
:10EEF00051EC100B02F0ACFC94ED0A1B53EC112BFF
:10EF000002F05EFA53EC182B02F0A2FC94ED081B01
:10EF100053EC112B02F054FA41EC100B53EC182B6C
:10EF200051EC100B02F094FC94ED061B53EC112BEA
:10EF300002F046FA53EC182B02F08AFC94ED040B15
:10EF400053EC102B02F03CFA41EC100B53EC182B55
:10EF500051EC100B02F07CFC94ED021B53EC112BD6
:10EF600002F02EFA53EC182B02F072FC94ED001B09
:10EF700053EC112B02F024FABDEC028B41EC100B88
:10EF800070BD10B553EC102B51EC100B02F018FAB9
:10EF900041EC100B10BD00009FED050B10B553ECBC
:10EFA000102B51EC100B02F0BFFA41EC100B10BD0E
:10EFB000000000000000000030EE000A704730EE54
:10EFC000200A7047DFED020A80EEA00A70470000B9
:10EFD000000000009FED020A20EE000A70470000CA
:10EFE00000000010234A9FED240A5379012B26D0FC
:10EFF0009279012A23D000220A74D0F81421DFED7F
:10F000001F0AC2ED000AD0F81421DFED1D0AC2ED7F
:10F01000030AD0F8182182ED000AD0F81821B7EEC3
:10F02000000A82ED030A91ED000A50F8042F82EDE8
:10F03000000A006891ED010A80ED010A7047012283
:10F040000A74D0F81421DFED0F0AC2ED000AD0F8DF
:10F050001421DFED0D0AC2ED030AD0F81821DFED0F
:10F060000B0AC2ED000AD0F8182182ED030A91EDD7
:10F07000020ADAE730A100200000C842CDCCCC3D26
:10F080000000FA440AD7233C00007A4500A00C4651
:10F090009FED1D1AF5EE000A40EE010ABDEEE00AF2
:10F0A000F5EEC00A10EE100AF1EE10FA00D2401E82
:10F0B00000EE100AB8EEC00A30EEC00ADFED130A07
:10F0C00020EE200ABCEEC01A11EE100A80B2B0F594
:10F0D000007F02D330EE600A002000EE900A0C4957
:10F0E000F7EE001AF8EE600A01EB800090ED011ACD
:10F0F00070EE600A90ED000A71EEE01A21EE800ACF
:10F1000000EE810A7047000083F9223E00000044AF
:10F11000CC23010810B54C684368018840885268C8
:10F12000414308E0B3EC010A491EF4EC010A30EE59
:10F13000200AA2EC010A0029F4D1002010BD0180B0
:10F1400042804360704700002DE9F04F0588B0F819
:10F1500002A09FEDAA0A4FF000092B46F7EE001A15
:10F160004A6812E0EC1AF0EE400A02E0E2EC010A12
:10F17000641E002CFAD1E2EC011A5C1E02E0E2EC03
:10F18000010A641E002CFAD15B1E002BEAD1002775
:10F190006FF0040B0FE1B0F802C046680CFB077378
:10F1A00006EB83039146D3ED000A3C463A467B1CAE
:10F1B00012E00CFB037806EB8808B0EEE02A98ED2D
:10F1C000000AB0EEC01AB4EEC21AF1EE10FA02DD77
:10F1D0001C46F0EE400A5B1CAB42EAD3F5EEC00AD7
:10F1E000F1EE10FA36D0BC4234D002FB0C73ACEB1B
:10F1F000070804FB0C7C06EB830306EB8C064FF040
:10F20000000C09E093ED000A96ED001A0CF1010CD8
:10F21000A3EC011AA6EC010AC445F3DB4E88D1F831
:10F2200004C002FB06F374430CEB83030CEB840471
:10F230004FF0000C09E093ED000A94ED001A0CF178
:10F24000010CA3EC011AA4EC010AB445F3DB4FF066
:10F2500001090AE0B9F1000F07D1F5EEC00AF1EE9D
:10F2600010FA02D15846BDE8F08F81EEA00A43881B
:10F270004468DE1B02FB037304EB8303002406E0F7
:10F28000D3ED000A641C60EE800AE3EC010AB4428C
:10F29000F6DB4E884B6802FB06F403EB8403002484
:10F2A00006E0D3ED000A641C60EE800AE3EC010A7C
:10F2B000B442F6DB00233BE04688D0F804C006FBEE
:10F2C00003740CEB8404A6EB070894ED000A03FB1F
:10F2D00006F40CEB840456430CEB860606EB870C15
:10F2E00004EB8704002608E0BCEC011AD4ED000A08
:10F2F000761C40EE410AE4EC010A4645F4DBB1F825
:10F3000002804E6803FB08F402FB08FC06EB840451
:10F3100006EB8C0C002608E0BCEC011AD4ED000AC8
:10F32000761C40EE410AE4EC010A4645F4DB5B1C26
:10F330009342C1D3531C3BE04688D0F804C006FB7F
:10F3400003740CEB8404A6EB070894ED000A03FB9E
:10F3500006F40CEB840456430CEB860606EB870C94
:10F3600004EB8704002608E0BCEC011AD4ED000A87
:10F37000761C40EE410AE4EC010A4645F4DBB1F8A4
:10F3800002804E6803FB08F402FB08FC06EB8404D1
:10F3900006EB8C0C002608E0BCEC011AD4ED000A48
:10F3A000761C40EE410AE4EC010A4645F4DB5B1CA6
:10F3B000AB42C1D3571C57454FF00002FFF4EBAEF0
:10F3C000B9F1000F18D1B5EEC00AF1EE10FA13D161
:10F3D0004168002005FB0AF509E001EB800393ED8D
:10F3E000000AB5EEC00AF1EE10FA02D1401C8542C7
:10F3F000F3D8854200D15A46104634E70000000099
:10F400002DE9F04F4668D1F8049007884C88B0F891
:10F410000280DFED161AD2F804B08A464FF0000CD5
:10F42000DAF804000BEB8C052346B0EE610A314696
:10F43000424608E0F1EC010A90ED001A00EB84006E
:10F44000521E00EE810A002AF4D15B1EA4EB0301D8
:10F45000A5EC010A09EB8100E7D1A44406EB88067C
:10F460007F1EDDD10020BDE8F08F0000000000000D
:10F4700010B54C684368018840885268414308E0F1
:10F48000B3EC010A491EF4EC010A30EE600AA2EC6A
:10F49000010A0029F4D1002010BDF0B505884268AA
:10F4A00047884E682B46002406EB8401384606E068
:10F4B000B2EC010A401E81ED000A01EB8501002833
:10F4C000F6D15B1E04F10104EED1F0BDDFED1C0AA4
:10F4D00020EE200AFDEEC00AB5EEC00A10EE900A3A
:10F4E000F1EE10FA00D2401E00EE900AF8EEE00AAB
:10F4F00030EE600ADFED130A20EE200ABCEEC01ADF
:10F5000011EE100A80B2B0F5007F02D330EE600A2F
:10F51000002000EE900A0C49F7EE001AF8EE600A9F
:10F5200001EB800090ED011A70EE600A90ED000A88
:10F5300071EEE01A21EE800A00EE810A70470000A9
:10F5400083F9223E00000044CC23010870B5F1F796
:10F5500037FA8020F1F784FB5520F1F781FB552025
:10F56000F1F77EFB424C2070F1F722FA0120F4F70C
:10F57000A3FAF1F725FA8020F1F772FB5520F1F795
:10F580006FFB5520F1F76CFB2070F1F711FA0120A9
:10F59000F4F792FAF1F714FAB6217E20F1F772FB34
:10F5A000F1F706FA5020F4F787FAF1F709FA80200C
:10F5B000F1F756FB5520F1F753FB5520F1F750FBBF
:10F5C0002070F1F7F5F90120F4F776FAF1F7F8F980
:10F5D0008020F1F745FB5520F1F742FB5520F1F76C
:10F5E0003FFB2070F1F7E4F90120F4F765FA207889
:10F5F0001E2801D0FF2070BD1D4D002060702435F5
:10F60000F1F7DEF9607800EB40004119285C497899
:10F61000F1F738FBF1F7CCF90120F4F74DFAF1F7E7
:10F62000CFF9607800EB4000285C40F08000F1F7F3
:10F6300017FB5520F1F714FB5520F1F711FB207053
:10F64000F1F7B6F90120F4F737FA6078237800EB88
:10F65000400129444A789A4203D08978A27811431C
:10F66000A170401CC0B260700628C9D3002070BDD4
:10F67000A401002070B5F1F7B3F93C490020F1F77F
:10F68000E3FAF1F7A5F90120F4F716FAF1F7A8F972
:10F6900036490020F1F7D8FAF1F79AF90120F4F78A
:10F6A0000BFAF1F79DF9B6211420F1F7EBFAF1F717
:10F6B0008FF95020F4F700FAF1F792F92B49002066
:10F6C000F1F7C2FAF1F784F90120F4F7F5F9F1F74F
:10F6D00087F926490020F1F7B7FAF1F779F9012007
:10F6E000F4F7EAF9214D28780F2801D0FF2070BDEA
:10F6F0001E4C002068703634F1F772F9687800EB20
:10F7000040000119205C4978F1F7BCFAF1F760F983
:10F710000120F4F7D1F9F1F763F96878134900EBA8
:10F720004000205CF1F790FAF1F752F90120F4F76C
:10F73000C3F968782A7800EB400121444978914266
:10F740000BD0401EC0B20949687000EB4000243164
:10F750000844A97880780843A8706878401CC0B233
:10F7600068700628C8D3002070BD0000A4010020E6
:10F770008169826A00EE101A00EE902A20EE200ABB
:10F78000B5EEC00AF1EE10FA4ADD00EE101AB5EE41
:10F79000C00AF1EE10FA00EE101A01DCB1EE400AD8
:10F7A000436D00EE903AB4EEE00AF1EE10FA37D96C
:10F7B000026D00EE903A00EE102A70EE200A00EE84
:10F7C000101AB5EEC00AF1EE10FA00EE101A01DCC4
:10F7D000B1EE400AF4EEC00AF1EE10FA1EDB00EEC4
:10F7E000101A00EE902AB5EEC00AF1EE10FA00EE03
:10F7F000101A01DCB1EE400A016B70EEC00A00EE97
:10F80000103A30EE801A00EE102AC1EE000A00EE27
:10F81000101A20EE800A10EE101A00E00021016399
:10F82000704770B50446D0F8945000F16202B0F809
:10F8300060300169D0F89000CDB1022B35D900EECF
:10F84000101AF1EE400A00EE100A1046F9F786FA97
:10F85000E06800EE900AD4F89400806801EE100A87
:10F8600070EE810A20EE200A10EE100A1BE0022B37
:10F870000CD900EE101AF1EE400A00EE100A104604
:10F88000F9F76CFAE06800EE900AEBE7626900EEC7
:10F89000101A00EE902AE16870EEC00A00EE101A0D
:10F8A00020EE801A12E0E06270BDE26800EE102ADD
:10F8B000AA6800EE902A626930EE201A00EE902AC3
:10F8C00000EE101A30EEC00A21EE001A00EE100A07
:10F8D000C1EE000A10EE900AE5E7026B816A00EEC5
:10F8E000902A00EE101A426A70EE200A01EE102AE9
:10F8F00000EE101AC26A31EE001A00EE102A31EE44
:10F90000000AB5EEC00AF1EE10FA01DCB1EE400AD1
:10F91000026C01EE102A0022B4EEC10AF1EE10FAD8
:10F920000CDD836900EE101A01EE103A21EE000A98
:10F93000B5EEC00AF1EE10FA00DD0263416C00EE94
:10F94000101AB4EEE00AF1EE10FA01D202638162FD
:10F9500000EE101AB1EE400AB4EEE00AF1EE10FA31
:10F9600007DD00EE101A0263B1EE400A10EE101A25
:10F9700081627047EFF3108272B643680169994261
:10F9800001D90168016111F8013B01618168491CDD
:10F990008160C168491E82F31088C16018467047B3
:10F9A0008B185B1E0160C0E901320022C0E903210F
:10F9B0004161104670472DE9F0475FEA01080446AF
:10F9C000EFF3108772B62FD0A5686DB361686069D8
:10F9D000884201D920686061954200DD15460E1A03
:10F9E000761CAE4206DB2A464146F0F792FD60697E
:10F9F00028440DE0A5EB060932464146F0F789FDA3
:10FA000008EB06014A462068F0F783FD2068484469
:10FA10006061A068401BA060E0682844E060284660
:10FA200087F31088BDE8F08787F310884FF0FF3028
:10FA3000F8E7C0687047B4EEE00AF1EE10FA02D2BF
:10FA4000B0EE600A7047B4EEC10AF1EE10FAF9DDCB
:10FA5000B0EE410A7047FDEEC00A10EE900A00EECB
:10FA6000900AF8EEE00A30EE600A10EE101AB1F1DA
:10FA70007C5F00DD401C7047012131EE601A81403F
:10FA800070EE600A491E00EE101AB8EEC00A20EEB1
:10FA9000800AC0EE010ABDEEE00A10EE100A7047BF
:10FAA00010EE100AF6EE000A074960EE200AA1EBFC
:10FAB000600000EE100A20EE801AF7EE080A41EE10
:10FAC000400A20EE800A7047865A375FF4F71EFA24
:10FAD000FBF7B4FCF8F706FEF8F76CFDF8F7C2FE8A
:10FAE000F8F7E0FEF8F702FFF8F70AFDF8F7CEFFA7
:10FAF000F8F730FFF8F7E8FFF8F74AFDF8F724FDCC
:10FB0000F8F75CFFF8F7A6FFA820F2F7CDFB00217D
:10FB10000A48F1F743F80028F9D10948F5F70CFD38
:10FB200008210748F5F764FFF1F732FAF1F74CFACC
:10FB3000F8F78EFD00F013F8FEE70000F412002045
:10FB40005414002001460020842900D0C81C7047AE
:10FB500010B500B9012000F01FFE002010BD10B547
:10FB600000F082FE002010BD7FB50D4604464169BD
:10FB7000B0F9080081B1A16971B1FFF7E3FFD4E9E1
:10FB800005128DE80700D4E900102B46226901F028
:10FB9000F4F9039004B070BDFFF7D4FF03A9CDE9D9
:10FBA0000001208A2B4682B2D4E9001001F0B8F996
:10FBB000012801D00020EDE70398EBE72DE9F041A3
:10FBC0001A4E0F460446F5683168002081F852004D
:10FBD0003068001D00F0AEFC38B9306890F82C1089
:10FBE00001208840316981433161601C07D137B100
:10FBF0003168BDE8F0410E48091D00F0EBBC3068EB
:10FC00002C44AC424460316805D2B06BBDE8F04191
:10FC1000091D00F0C7BC706B091D00F0C3FCB06A81
:10FC2000844200D2B462BDE8F08100009800002058
:10FC3000E03400202DE9F041054600F0D7FC2E4EBF
:10FC4000B068401CB06030682C4F10B1706940B390
:10FC50002DE03560B068012829D1002404EB840030
:10FC600007EB800000F090FC641C072CF6D32348BF
:10FC70008C3000F089FC2148A03000F085FC1F4842
:10FC8000B43000F081FC1D48C83000F07DFC1B48FA
:10FC9000DC3000F079FC19488C3070631430B063AC
:10FCA00005E03068E96AC06A884200D83560706A49
:10FCB0000121401C7062E86A326981401143316160
:10FCC00000EB800007EB8000291D00F083FC00F0B2
:10FCD000ADFC706900280CD03068E96AC06A8842BF
:10FCE00007D207494FF080500860BFF34F8FBFF332
:10FCF0006F8FBDE8F08100009800002004340020E0
:10FD000004ED00E038B500F071FC104C2068C8B973
:10FD10000F4800F039FC0E48143000F035FC0C4858
:10FD2000E060143020610A4B0020E83B009003F1B2
:10FD3000480210210A2000F089FE206010B105A1C0
:10FD400000F0F6FCBDE8384000F070BCD4000020A4
:10FD5000DC350020546D72510000000030B4026C9C
:10FD60000B46002A0BD0C1681144C1608468A142CF
:10FD700001D30168C16030BC1846F0F7CABB30BC83
:10FD800070472DE9F041856B174604460026026C4A
:10FD900082B1C7B1E068F0F7BCFBE168206C091ADA
:10FDA000E1602268914202D2A168081AE060022F45
:10FDB00016D017E02068A8B9A06801F085F90646BA
:10FDC0000020A0600EE06068F0F7A3FB216C606883
:10FDD00008446060A168884204D32068606001E044
:10FDE00005B16D1E6D1CA5633046BDE8F08110B5F0
:10FDF000044690F8510058B101280CD002280FD0C9
:10FE0000502080F31188BFF34F8FBFF36F8FFEE751
:10FE1000206B00F01FFC2046BDE8104000F01ABC2B
:10FE200010BD00000F4845F6F771420705D0C01D10
:10FE30000C4A20F00700821A891A0B4A0023014459
:10FE4000C2E900030839183A21F0070111604B603C
:10FE50000B600B1AC0E9001393604FF00040536031
:10FE6000506170470436002000010020134E144DED
:10FE7000A6F1C8074FF08058DFF8489011E000F075
:10FE8000B5FBF068C468201D00F054FBA868401E54
:10FE9000A8606868401E686000F0C8FB2046FFF755
:10FEA000A6FF68680028EAD138680128F9D9C9F89E
:10FEB0000080BFF34F8FBFF36F8FF2E7CC34002089
:10FEC0009800002004ED00E00346009829B102608C
:10FED000C0E90F31012100F0EDBD0060F8E72DE928
:10FEE000F05F0E46DDE90B941746834691009A4673
:10FEF0000A9DA522206BF0F783FB6FF00301206BB6
:10FF000001EB8701084420F00707780707D050204D
:10FF100080F31188BFF34F8FBFF36F8FFEE74FF071
:10FF2000000866B100202218315C82F83410315C80
:10FF300011B1401C1028F6D384F8438001E084F806
:10FF40003480072D00D30625E562C4E91158201D31
:10FF500000F025FB04F1180000F021FB2461C5F13D
:10FF600007006462A061C4F84C8084F8508084F873
:10FF7000528052465946384600F05CFA2060B9F18A
:10FF8000000F01D0C9F80040BDE8F09F30B511491D
:10FF900000E011460A688242FBD34B685C18844239
:10FFA00003D1406818444860084643681C189442CE
:10FFB00009D1084C183C2468A24209D052681A445E
:10FFC00042600A6812680260814200D0086030BD59
:10FFD0000460F9E70001002070B5002441600B4D7A
:10FFE0000061914206D8D11A8269914206D2011D60
:10FFF000286907E09A4203D2994201D3012403E021
:020000040801F1
:10000000011DE86800F0CEFA204670BDD400002043
:1000100010B5044600F0EAFAA06B20B1002400F00D
:1000200005FB204610BD0124F9E7000030B587B07C
:100030003C4D6EE00198002806DADDE90301029AE2
:1000400090470198002864DB039C606910B1201D73
:1000500000F070FA05A800F0D7F8024601980A28C7
:1000600057D2DFE800F00505052D334A05052D338D
:1000700094F8240040F0010084F824000298A1695B
:10008000034601442046FFF7A7FF68B3216A2046D4
:10009000884794F8240040073BD500200090029840
:1000A000A169002342181946204601F025F9D8B964
:1000B000502080F31188BFF34F8FBFF36F8FFEE79F
:1000C00014F8240F20F00100207022E094F824009E
:1000D00040F0010084F824000298A06128B1811842
:1000E00013462046FFF778FF13E0502080F3118875
:1000F000BFF34F8FBFF36F8FFEE794F824008107A3
:1001000003D4204600F0A6FA03E020F0010084F8B2
:100110002400002201A9286800F022FE002889D1CD
:1001200007B030BDD40000202DE9FC410F46054644
:1001300000F0DCFB01A800F067F80446019818B154
:1001400001F048F8BDE8FC81254EAFB13069006888
:10015000D0B30027291B3A46306800F0FBFA01F0C3
:1001600039F80028EED11F494FF080500860BFF3E6
:100170004F8FBFF36F8FE5E7A542EBD801F02AF868
:10018000F0682746C068C468201D00F0D3F994F8D1
:100190002400410719D5A0692B4641193A4620464B
:1001A000FFF71AFFA8B100200346014600902A4637
:1001B000204601F0A1F860B9502080F31188BFF308
:1001C0004F8FBFF36F8FFEE707E020F0010084F848
:1001D0002400216A20468847B4E70127BAE70000D7
:1001E000D400002004ED00E00648416B096829B105
:1001F000416BC968C9684968816270474FF0FF3137
:10020000FAE700009800002070B5054600F0F0FE07
:10021000064E0446B068844203D200F009F801207B
:1002200000E0002028602046B46070BDD4000020AB
:10023000F8B5194E20E0C068C4680568201D00F0BC
:1002400079F9216A2046884794F82400400713D59D
:10025000A0692844A84206D924616060211DF06885
:1002600000F0A0F908E000200346014600902A466D
:10027000204601F041F838B1F06801680029DAD170
:100280003169C6E90310F8BD502080F31188BFF32F
:100290004F8FBFF36F8FFEE7D400002008484068FF
:1002A000401C4FF0500080F3118804D0BFF34F8FF3
:1002B000BFF36F8FFEE7BFF34F8FBFF36F8FFEE784
:1002C00008010020084CE068016839B1002139B10B
:1002D0000020FFF729FFFFF7A9FEF4E70121F6E769
:1002E000C0680068F5E70000D40000202DE9F04167
:1002F000044600F07BF994F9455004F1240609E026
:10030000606A48B1304600F02BFF08B100F072FA85
:100310006D1E6DB2002DF3DC4FF0FF3684F84560A2
:1003200000F084F900F062F994F9445004F11007E8
:1003300009E0206948B1384600F012FF08B100F02A
:1003400059FA6D1E6DB2002DF3DC84F84460BDE8EF
:10035000F04100F06BB900002DE9F04105460026A0
:1003600000F0C4FA324F386808B9FFF75BFD7869CE
:1003700005424ED1C5B3083568070ED005F0070019
:10038000C0F108000544680707D0502080F31188A9
:10039000BFF34F8FBFF36F8FFEE72DB378688542B1
:1003A00037D8234918310846046801E0214604463D
:1003B0006068A84202D220680028F7D138688442D9
:1003C00027D00E682068086060680836411B102935
:1003D0000FD96019420708D0502080F31188BFF36D
:1003E0004F8FBFF36F8FFEE713E041606560FFF74B
:1003F000CDFD61687868401A7860BA68904200D292
:10040000B860786901430020C4E90001F868401C25
:10041000F86000F0DFFE700707D0502080F31188ED
:10042000BFF34F8FBFF36F8FFEE73046BDE8F0811B
:10043000E800002010B5031F4FF080741C601B1FE4
:1004400021F001011960191F044B0B6014390A6077
:10045000091F6FF0020244380A6010BD9D020108B6
:1004600000B52DED048B83B041EC190B01F030FB8E
:1004700041EC180B18EE100A18EE901A8DED008B57
:10048000002818BF0120084320F00040C0F17F6021
:1004900000F1E040C00F14D019EE101A19EE900AC6
:1004A0008DED009B002918BF0121084320F000407A
:1004B000C0F17F6000F1E040C00F04BF0120F0F701
:1004C0004AF951EC180B03B0BDEC048B00BD10B51C
:1004D00000EE100A2DED028BB1EEC08A18EE100A64
:1004E00020F00040C0F1FF40C00F0AD010EE100A0B
:1004F00020F00040C0F1FF40C00F04BF0120F0F722
:100500002AF918EE100ABDEC028B10BD01EE100A9C
:1005100070EEC00A0120B8EEC11A8840401E21EEDC
:10052000201A00EE900AF8EEE01AC1EE210A30EE31
:10053000800A7047D0E9013201699A60D0E901234D
:100540005A604A68824201D182684A600022026190
:100550000868401E0860086870470000034B03608D
:1005600003F154000860802010607047A80B002041
:10057000044B036003F1540008604FF48070106076
:1005800070470000FC0D002000F108014FF0FF3221
:10059000C0E90112C16001610021016070470021C2
:1005A0000161704730B50C68621C02D000F108028E
:1005B00002E0026904E01A4653681D68A542FAD9B0
:1005C00053684B6099608A60516008610168491CFA
:1005D000016030BD42684A6093688B6093685960DF
:1005E000916008610168491C01607047502080F3E8
:1005F0001188BFF34F8FBFF36F8F0A494868401CC3
:10060000486001280CD10848006810F0FF0F07D09F
:10061000502080F31188BFF34F8FBFF36F8FFEE739
:10062000704700000801002004ED00E00849486818
:1006300028B1401E486001D180F3118870475020D6
:1006400080F31188BFF34F8FBFF36F8FFEE7000079
:100650000801002070B500282AD0164DA0F108042A
:1006600060686969084207D1502080F31188BFF3A0
:100670004F8FBFF36F8FFEE722683AB1502080F3AF
:100680001188BFF34F8FBFF36F8FFEE78843606021
:1006900000F02CF960686968084468602046FFF73C
:1006A00075FC2869401C2861BDE8704000F092BDCF
:1006B00070BD0000E80000204FF0E0200021016143
:1006C000816105494FF47A720968B1FBF2F1491E64
:1006D00041610721016170479400002010B5EFF7D8
:1006E00027FE114910280ED300F1E02090F8F00306
:1006F0000A78904207D2502080F31188BFF34F8FC1
:10070000BFF36F8FFEE709480068896800F4E06076
:10071000884207D9502080F31188BFF34F8FBFF371
:100720006F8FFEE710BD0000080100200CED00E017
:1007300010B5074B002253F832401CB1521C082A56
:10074000F9D310BD43F8321003EBC201486010BD6D
:10075000C433002070B515460E460446FFF746FF29
:1007600094F944100020491C01D184F8440094F904
:100770004510491C01D184F84500FFF757FFA06BD5
:1007800028B92A46314604F1240000F051F82046E9
:10079000BDE87040FFF7AABD10B5020014D00F48A5
:1007A000006B38B1502080F31188BFF34F8FBFF337
:1007B0006F8FFEE700F09AF800211046FFF7FEF970
:1007C00000F008FD002807D105494FF0805008606F
:1007D000BFF34F8FBFF36F8F10BD00009800002054
:1007E00004ED00E002490A6A0260C968416070478E
:1007F0009800002001490120C8617047980000203E
:1008000010B50C4650B1094909681831FFF7CAFE06
:100810002046BDE810400121FFF7D0B9502080F3F9
:100820001188BFF34F8FBFF36F8FFEE79800002052
:1008300070B514460D4668B10A4909681831FFF7CA
:10084000C9FE0CB14FF0FF3521462846BDE8704087
:10085000FFF7B4B9502080F31188BFF34F8FBFF377
:100860006F8FFEE79800002030B587B00025039514
:1008700005AA04A903A80495FFF770FEDDE90301AA
:100880000095CDE90110002314A11648059A00F047
:1008900074FB154CE06218B100F0FEFC012809D091
:1008A000401C19D1502080F31188BFF34F8FBFF344
:1008B0006F8FFEE7502080F31188BFF34F8FBFF397
:1008C0006F8F4FF0FF30A06201206061E56007B0DC
:1008D000BDE8304000F040B807B030BD49444C4559
:1008E000000000006DFE0008980000200248016B27
:1008F000491C01637047000098000020144A106BE7
:1009000010B10120D06170470020D06110691149F9
:10091000B0FA80F0C0F11F0000EB800051F82030E9
:100920006BB101EB800000F1080341684968416048
:10093000994201D149684160C868106070475020F1
:1009400080F31188BFF34F8FBFF36F8FFEE7000076
:1009500098000020043400201CB537480168374A4D
:10096000914207D1502080F31188BFF34F8FBFF31E
:100970006F8FFEE700683149491E884207D1502039
:1009800080F31188BFF34F8FBFF36F8FFEE72C49C1
:1009900008780190FF20087008788DF800009DF815
:1009A00000009DF8002000F0F000904207D0502099
:1009B00080F31188BFF34F8FBFF36F8FFEE79DF871
:1009C0000000204C00F0500020700720A06006E0DE
:1009D000401EA0609DF8000040008DF800009DF8CA
:1009E00000000006A068F3D4032807D0502080F34D
:1009F0001188BFF34F8FBFF36F8FFEE74FF4407046
:100A0000A060019808700C482030016841F4700122
:100A10000160016841F070410160FFF74DFE002068
:100A20006060EFF74DFC0848016841F0404101600B
:100A3000EFF732FC00201CBD00ED00E071C20F4159
:100A400000E400E00801002034EF00E038B5049D28
:100A500018B153B1CAB181B120E0502080F31188A0
:100A6000BFF34F8FBFF36F8FFEE7502080F31188E5
:100A7000BFF34F8FBFF36F8FFEE7502080F31188D5
:100A8000BFF34F8FBFF36F8FFEE739B1502080F374
:100A90001188BFF34F8FBFF36F8FFEE748241C46CA
:100AA000012384F846302B460094FFF70DFA2046C8
:100AB00038BD000070B50D46040025D0FFF796FD47
:100AC000D4E90F20216802FB0011A1600021A1637D
:100AD000216861600A46D4E90F01401E00FB012134
:100AE000E16021464FF0FF3001F8440F487004F1F7
:100AF00010008DB1FFF748FD04F12400FFF744FD1D
:100B0000FFF794FD012070BD502080F31188BFF3E2
:100B10004F8FBFF36F8FFEE721690029F0D000F0FF
:100B20001FFB0028ECD004494FF080500860BFF351
:100B30004F8FBFF36F8FE3E704ED00E02DE9FF4F28
:100B400083B01F468B4604004FF0000603D0BBF174
:100B5000000F08D011E0502080F31188BFF34F8FB1
:100B6000BFF36F8FFEE7206C38B1502080F31188FF
:100B7000BFF34F8FBFF36F8FFEE7022F0AD1E06BF9
:100B8000012807D0502080F31188BFF34F8FBFF3A7
:100B90006F8FFEE700F01EFADFF800914FF0000AB9
:100BA0004FF0805848B9059838B1502080F311882B
:100BB000BFF34F8FBFF36F8FFEE7FFF717FDA06BFB
:100BC000E16B884205D3022F03D00598C8B1DEB18E
:100BD0001EE03A4659462046FFF7D3F8616A19B13C
:100BE00004F1240000F0BCFA28B1C9F80080BFF37A
:100BF0004F8FBFF36F8FFFF719FD012007B0BDE8DE
:100C0000F08FFFF713FD21E06846FFF7EBFD0126AB
:100C1000FFF70CFDFFF76AFEFFF7E8FC94F94400CC
:100C2000401C01D184F844A094F94500401C01D136
:100C300084F845A0FFF7FAFC05A9684600F02CF9F6
:100C400030B12046FFF752FB00F0C4FA0020D5E790
:100C5000FFF7CCFCA06BE16B884201D1012500E0DD
:100C60000025FFF7E3FC95B104F110000599FFF7AB
:100C7000C7FD2046FFF73AFB00F0ACFA00289CD1F4
:100C8000C9F80080BFF34F8FBFF36F8F95E7204601
:100C9000FFF72CFB00F09EFA8FE7000004ED00E068
:100CA0002DE9F0471F4690468946040003D0B9F16C
:100CB000000F08D011E0502080F31188BFF34F8F50
:100CC000BFF36F8FFEE7206C38B1502080F311889E
:100CD000BFF34F8FBFF36F8FFEE7022F0AD1E06B98
:100CE000012807D0502080F31188BFF34F8FBFF346
:100CF0006F8FFEE7FFF7F2FC5020EFF3118680F3D1
:100D00001188BFF34F8FBFF36F8FA06BE16B8842E9
:100D100006D3022F04D0002086F31188BDE8F087A7
:100D200094F94550A06B3A4649462046FFF729F80A
:100D3000681C04D06D1C84F845500120ECE7606A03
:100D40000028FAD004F1240000F00AFA0028F4D0B8
:100D5000B8F1000FF1D00121C8F80010EDE7000054
:100D60002DE9F74783B08A4604004FF0000603D010
:100D7000BAF1000F08D011E0502080F31188BFF3C2
:100D80004F8FBFF36F8FFEE7206C38B1502080F398
:100D90001188BFF34F8FBFF36F8FFEE700F01AF992
:100DA000DFF8F09000274FF0805848B9059838B127
:100DB000502080F31188BFF34F8FBFF36F8FFEE792
:100DC000FFF714FCA56BC5B151462046FEF7C6FFE0
:100DD0006D1EA563206950B104F1100000F0C0F948
:100DE00028B1C9F80080BFF34F8FBFF36F8FFFF7B3
:100DF0001DFC012006B0BDE8F087059808B11EB1C2
:100E000006E0FFF713FC27E06846FFF7EBFC01263E
:100E1000FFF70CFCFFF76AFDFFF7E8FB94F94400CD
:100E2000401C01D184F8447094F94500401C01D164
:100E300084F84570FFF7FAFB05A9684600F02CF826
:100E4000002820460AD0FFF751FA00F0C3F92046E7
:100E5000FFF7DEF80028B3D00020CBE7FFF7D8F883
:100E600090B104F124000599FFF7CAFC2046FFF772
:100E70003DFA00F0AFF90028A2D1C9F80080BFF315
:100E80004F8FBFF36F8F9BE72046FFF72FFA00F0DD
:100E9000A1F995E704ED00E02DE9F0410C460500CD
:100EA0000FD0B4B1FFF7A2FB1C4EF1686B6832683B
:100EB000C81A002792F852209AB1306880F8527010
:100EC0001AE0502080F31188BFF34F8FBFF36F8F6C
:100ED000FEE7502080F31188BFF34F8FBFF36F8F71
:100EE000FEE72268B2F1FF3F08D0D5F800C0366AAD
:100EF000B44509D08B4207D8012400E00024FFF755
:100F000095FB2046BDE8F081824205D9101A206089
:100F10002846FFF767FCF1E72760EDE7980000201F
:100F20002DE9FF5F8346DDE90E87994616468A461E
:100F30009000FFF711FA05001CD05420FFF70CFABF
:100F4000040014D00020256384F85100CDE902404C
:100F5000CDE900874B46324651465846FEF7BFFF63
:100F60002046FEF767FE012004B0BDE8F09F28464A
:100F7000FFF770FB4FF0FF30F6E7F0B585B00546A0
:100F8000DDE90B040A9EA8B1E4B154270097206361
:100F9000022084F851000020CDE9024004AF284629
:100FA000CDE90067FEF79BFF2046FEF743FE04985D
:100FB00005B0F0BD502080F31188BFF34F8FBFF311
:100FC0006F8FFEE7502080F31188BFF34F8FBFF380
:100FD0006F8FFEE70548416919B1006B18B1002019
:100FE00070470120704702207047000098000020E1
:100FF0000148C06870470000980000202DE9F041CA
:101000002F4F0026386B28B1B869401CB8613046B4
:10101000BDE8F081FD686D1CFD6013D1786B006840
:1010200038B1502080F31188BFF34F8FBFF36F8F1B
:10103000FEE7786BB96B7963B863386A401C386235
:10104000FFF7D2F8B86ADFF87C80854209D3786B65
:101050000068A0B1786BC068C4686068854211D22E
:10106000B8623868C06A00EB800158F82100012896
:1010700000D90126F8690028C9D00126C7E74FF03A
:10108000FF30EDE7201DFFF755FAA06A18B104F113
:101090001800FFF74FFAE06A01213A6981401143D5
:1010A000396100EB800108EB8100211DFFF792FA06
:1010B000E06A3968C96A8842C9D30126C7E70000D7
:1010C000980000200434002070B504004FF00000A8
:1010D00041D0214D29688C4207D0502080F31188DF
:1010E000BFF34F8FBFF36F8FFEE7A16C71B1491E45
:1010F000A164636CE26A9A422DD000292BD1201D95
:10110000FFF718FA1549012240B112E0502080F390
:101110001188BFF34F8FBFF36F8FFEE7E06A00EBDC
:10112000800351F8233023B92B6902FA00F083437E
:101130002B61606CE062C0F10700A061E06A2B697E
:1011400082401A432A6100EB800001EB8000211DE0
:10115000FFF740FA012070BD980000200434002001
:101160002DE9F041C068C468ACB104F1180007462D
:10117000FFF7E0F9154D286B0126A0B13946144858
:10118000FFF728FAE06A2968C96A88421CD9012059
:10119000EE61BDE8F081502080F31188BFF34F8FDE
:1011A000BFF36F8FFEE7201DFFF7C4F9E06A2A69DD
:1011B00006FA00F111432961054900EB8000B439BA
:1011C00001EB8000211DDBE70020E2E79800002012
:1011D000B83400202DE9F0472C4D00242746286B19
:1011E00038B1FFF703FA286B401E2863286B40B123
:1011F00046E0502080F31188BFF34F8FBFF36F8F0D
:10120000FEE7A86822490126D0B3A1F1B4098846B7
:10121000D8F80010E9B1D8F80C00C46804F118003F
:10122000FFF788F9201DFFF785F9E06A2A6906FAB9
:1012300000F11143296100EB800109EB8100211DC0
:10124000FFF7C8F9E06A2968C96A8842E0D3EE610D
:10125000DEE70CB1FEF7C8FFAC693CB1FFF7CEFE8C
:1012600000B1EE61641EF9D10020A861E86938B1CF
:101270000849012738070860BFF34F8FBFF36F8F0E
:10128000FFF7D4F93846BDE8F08700009800002049
:10129000B834002004ED00E010B586B0FEF732FD52
:1012A000114C2068B8B100200390049005AA04A94D
:1012B00003A8FFF75DF9DDE9032102208DE80700AF
:1012C00000230AA10B48059AFFF757FE606010B192
:1012D00006B0012010BD502080F31188BFF34F8F5E
:1012E000BFF36F8FFEE70000D4000020546D722022
:1012F00053766300C50201082DE9FF411F46030034
:101300000A9E4FF0000015D0134D2C68002C0ED013
:101310008DE80E00062917DAFFF75CFE02284FF071
:1013200000030FD0002269462868FFF707FC04B0CD
:10133000BDE8F081502080F31188BFF34F8FBFF3D9
:101340006F8FFEE73246EEE700233A4669462046B5
:10135000FFF7A6FCEBE70000D400002021F00042DC
:10136000A2F16052B2F5801F01F0004328BFD2F114
:101370007F6C0BD95FEA001C43EAC20242EB50705B
:1013800018BF704728BF20F001007047B2F5801FDA
:10139000BCBF184670474FEA410C1CF5001F02D233
:1013A000084600F0C1BD70B500F0FCFA00000089ED
:1013B000FFF7F6BF4FF00040A0F580007047000037
:1013C00010B591EA030F48BF83F0004300F1548445
:1013D000841A71EB030C05D2121943EB0C03001BAA
:1013E00061EB0C01DFF824E14FEA1154A4EB135C2C
:1013F0001EEA430F18BF9EEA445F73D023EA0E0330
:10140000DCF1200E21EA045143F4801332D322FA96
:101410000CFE10EB0E0023FA0CFE41EB0E01CCF19A
:10142000200E03FA0EFE10EB0E0051F10001B1F593
:10143000801FCCF1200E32D201EB045112FA0EF2D1
:10144000BDE8104058BF7047401C38BF5FEA4202F9
:1014500018BF7047002814BF20F0010041F10001BF
:101460004FEA410313F5001F38BF7047A1F1C04197
:1014700000F0E6BA012A43EB0302ACF1200CDCF1E8
:101480001F0E32BF4FF0000E23FA0CF310EB0300D7
:1014900041EB0451B4EB115FD0D0A1EB045101F545
:1014A000801149085FEA300001EB04510ED350F17E
:1014B000000038BF12FA0EFE08D1BDE81040C9E79F
:1014C000401C38BF5FEA4202CAD1C3E7BDE8104002
:1014D0004FEA410313F5001F38BF7047A1F1C04127
:1014E00000F0AEBA9EEA445F08D011EA5E0FBDE894
:1014F000104004BF01F0004100207047BDE81040DB
:1015000070B500F04FFA00BF64FBBE3E0000E0FF84
:10151000491058BFC1F140415B1058BFC3F140436F
:101520008B42EFF3008070472DE9C04130B4DFF803
:10153000A0C23CEA111418BF3CEA131400F0EC807E
:1015400081EA03051CEA111444EAD57418BF1CEAA9
:10155000131500F0C780A4EB05044FF0004545EAE1
:10156000C12145EAC32341EA505143EA525304F1F1
:101570007F74994204F500344FEAC0204FEAC2223A
:1015800008BF904200F09C804FEA13650FF24016AE
:10159000765D4FEA134506FB05F7C7F1807706FB3A
:1015A00007F74FEAD737A7FB03687642C8F58038BC
:1015B000A7FB06CE38BFA8F1010807FB08E64FF0ED
:1015C000000EA6FB028CE6FB03CEDCF1000CCEF194
:1015D000004E38BFAEF1010EA6FB0C584FF00007CD
:1015E0004FF00005E6FB0E87A1FB08C6A0FB07CE67
:1015F00016EB0E0645F10005E1FB076515F1E04E1F
:101600007EBFA4F580345FEA46066D4116F180077F
:1016100045F100054FEA17274FEA066647EA0567D6
:10162000A6F1DE46B6F1805F4FEA15251FD9384690
:1016300024F0010C05EBC471BCF1FE6F01EB0C1141
:1016400002D8F0BCBDE8008124425CBF01F5801ED9
:101650009EEAC47F02D4F0BCBDE80081244238D4A5
:10166000F0BCA1F1C041BDE8004100F0E9B94FEA8A
:10167000D22242EA43524FEAD323A7FB02864FEA23
:10168000D02040EA415007FB03661EEA0E0F4FEAE6
:10169000D12105FB026658BFA6EB0056B6EB0056FB
:1016A0004FEA520E4EEAC37E18EB0E0E56EB530E67
:1016B000BDD518EB02085E417F1C55F10005B6E769
:1016C0004FF480154FF000074FF000064FF0000870
:1016D000ADE7F0BC4FF0000001F1C04101F0004166
:1016E000BDE8008111EA0C1F0CEA131500D00CE0D4
:1016F00013EA0C1F00F025804FF00000F0BC81EAD7
:10170000030101F00041BDE80081F0BCBDE80041EB
:1017100081EA030100F094B9F0BCBDE8004170B566
:1017200000F040F9097EFC3E00F007B881EA0301B1
:101730004FF0000001F00041704781EA030100F022
:101740007FB9F0BCBDE800414FF00000214970476F
:10175000FFFDFBF9F7F5F4F2F0EEEDEBE9E8E6E476
:10176000E3E1E0DEDDDBDAD8D7D5D4D3D1D0CFCDFD
:10177000CCCBCAC8C7C6C5C4C2C1C0BFBEBDBCBB36
:10178000BAB9B8B7B6B5B4B3B2B1B0AFAEADACAB31
:10179000AAA9A8A8A7A6A5A4A3A3A2A1A09F9F9E0B
:1017A0009D9C9C9B9A9999989797969595949393BD
:1017B000929191908F8F8E8E8D8C8C8B8B8A898954
:1017C00088888787868585848483838282818180D7
:1017D0000000FF070000F87F51EA030C17D41CF546
:1017E000801F58BFBCF5801F00F10680994218BFCA
:1017F000704708BF9042704707D711F5801F58BF48
:1018000013F5801F19D499427047894270471CF51F
:10181000801F08D5BCF5801FF7D58B4218BF7047D5
:1018200008BF824270474FF4001C1CEB410F38BFC9
:101830001CEB430F01D28B42704770B500F0B2F839
:10184000922449004FF000514FF08053FFF760BEE3
:10185000DFF848C170B51CEA111E1EBF1CEA131543
:101860009EEA0C0F95EA0C0F00F06F8081EA0304EA
:1018700023EA4C134EEAD47E21EA4C1141F4801144
:1018800043F48013AE44A1FB024CA0FB0365AEF110
:101890007F7E361955EB0C05A1FB034C4CF1000380
:1018A000A0FB021C16EB0C06654153F10003094234
:1018B00018BF46F0010613F4007F0BD14FEA033145
:1018C0004FEA0530340341EA155140EA16506FF0F3
:1018D00003020AE04FEAC3214FEAC520F40241EABD
:1018E000555140EA56506FF0020202EB2E4201EBD6
:1018F000025585EACE710AD05FEA440C18BF24F085
:10190000004450F1000041F1000120EAD47040F29F
:10191000FE7C624500D270BDA84214BF4FF08044E7
:101920004FF04044002E08BF0024BEF1806FA8BFD6
:10193000A1F1C041BDE8704080F282804FF000000C
:1019400001F1C04101F0004170479EEA0C0F0CEA22
:10195000131518BF95EA0C0F06D04FF0000081EA6E
:10196000030E0EF0004170BD00F01CF88900013E2E
:1019700000F007B800F009B84FEA430C5FEA5C5C7E
:1019800008D081EA030100F05BB84FEA410C5FEA3E
:101990005C5CF6D14FF00000014970470000FF0782
:1019A0000000F87F0EF1020E2EF0030E5EF8046BBD
:1019B000364205D4012A43EB030515F5001F12D862
:1019C000012841EB010C1CF5001F0CD80ED14FEA89
:1019D000D17C15F5001F0CEB4C0C0CF1020C08BF70
:1019E0004CEBD37C04E04FF0080C01E04FEAD37CD1
:1019F0000CEB4C0526FA05F606F00706B6F1040CCA
:101A000006D20EEB860CBDE870404CF0010C60472E
:101A1000DFE80CF0090B02024FF000414FF000002C
:101A2000A1F5002170BD19461046012851EB0104B3
:101A300018BFD4F5001484BF002001F0004170BD30
:101A40000808A0F500114FEA3101704753EA010C74
:101A500017D41CF5801F58BFBCF5801F00F106800D
:101A60008B4218BF704708BF8242704707D713F5F3
:101A7000801F58BF11F5801F19D48B4270479B42BD
:101A800070471CF5801F08D5BCF5801FF7D599421B
:101A900018BF704708BF904270474FF4001C1CEB02
:101AA000430F38BF1CEB410F01D2994270470FB46E
:101AB0000CBC03BCFFF7C1BE91EA030F10B581F067
:101AC00000413FF585AC83F0004300F0D5B800003D
:101AD0002DE9F04101F5801CBCF5001FC0F2A98082
:101AE0004FEA115C21EA0C510CF1FD0C41F480111C
:101AF0005FEA5C0C0CF5C07C01D34000494130A486
:101B0000890241EA905187028E0E0A0CA45D04FB03
:101B100004F602FB06F6C6F14046A4FB0662F60D8B
:101B200046EA422606FB06F4A4FB01235242C3F117
:101B3000404338BF5B1EA6FB02420024E6FB0324A1
:101B4000D20B42EA4446A6FB0623A1FB02E2A3FB1A
:101B500007E4E3FB61426442C2F1404E38BFAEF19C
:101B6000010EA6FB04234FF00002E6FB0E32A2FB9F
:101B700003463400E2FB6264A1FB06E6A4FB07E82F
:101B8000E4FB61687642C8F1405838BFA8F101080B
:101B9000A2FB06E4A3FB08E5E2FB6854A1FB05E613
:101BA000A7FB04E8E1FB648618F1200556F1000666
:101BB000A809A8F11B08B10908F03F08B8F10A0FFD
:101BC00040EA86601CD901EB0C51BDE8F08100BFF2
:101BD000FCF5EEE8E2DDD8D3CFCBC7C3C0BDB9B6C4
:101BE000B4B1AEACA9A7A5A3A19F9D9B9A989695C9
:101BF0009392908F8D8C8B89888786858483828150
:101C0000A0FB006800FB01F208EB4208B8EB872854
:101C100007D5341858EB0104D5D5401C51F100010B
:101C2000D1E7341A78EB0104CDD4401E71F10001E4
:101C3000C9E75FEA4C0C5FEA9C5C0DD105D34FF01D
:101C4000000001F00041BDE8F081BDE8F04170B551
:101C5000FFF7A8FE6DDBFFBEBDE8F0414FF00000CE
:101C6000004970470000F87F10B591EA030F48BFA4
:101C700083F000433FF5ACAB841A71EB030C07D241
:101C800012198CF0004C43EB0C03001B61EB0C01B0
:101C9000DFF8A4E14FEA1154A4EB135C1EEA430FF2
:101CA00018BF9EEA445F00F0B08023EA6E03524200
:101CB00021EA0451C3EB6E0338BF5B1EDCF1200E3A
:101CC00025D322FA0CFE10EB0E0043FA0CFE41EB7A
:101CD0000E01CCF1200E03FA0EFE10EB0E0051F1B6
:101CE0000001CCF1200E29D412FA0EF201EB0451BE
:101CF000BDE8104058BF7047401C1CBFB2F1004FF8
:101D0000704700280CBF491C20F00100704712EBFF
:101D1000020E43EB030218BF4FF0010E4EEA4202DF
:101D2000ACF1200CDCF11E0E54D943FA0CFE10EB82
:101D30000E0051F1FF31CCF11E0ED5D50EF1010E82
:101D400012FA0EFE404141EB010101EB445C5FEAF7
:101D50005C5C10D910EBDE7001EB045138BFBEF1B2
:101D6000004FBDE8104018BF704700280CBF491C49
:101D700020F00100704730D24FEAD42C11F5001149
:101D800024F400641BD0B1FA81F20B3AA41AA41E09
:101D9000D2F12003914030FA03F31943904001EB54
:101DA000CC71002C01EB0451BDE81040A8BF704776
:101DB00001F1C0414FF0000001F000417047B0FA5E
:101DC00080F310FA03F100D110BDE41A173C480566
:101DD000C90AE4E701EB045110BD491001EB0451BD
:101DE000BDE810404FEA300002E04FF000017047BC
:101DF0004A0008BF0042F8D0B2F5001F28BF704764
:101E000001F000414FF0000070479EEA445F07D0A8
:101E100011EA5E0FBDE8104004BF002100207047AA
:101E2000BDE8104070B5FFF7BDFD00BF40DFF63ED6
:101E300083F00041104670470000E0FF43004FEA86
:101E4000D30C4FEA3C0C43401FBF40070CF16051DC
:101E500013F0FE4F70471CF0006F03D100200CF010
:101E6000004170470CF0004343EA507010B540EA5F
:101E7000CC0000F00EF800BF000000924FEA000115
:101E8000FFF7DEBD4FF000414FF00000A1F500214B
:101E900070470EF1020E2EF0030E5EF8044B244242
:101EA00004D44FEA4102B2F17F4F11D84FEA400308
:101EB000B3F17F4F0CD80ED14FEAD07CB2F17F4FF7
:101EC0000CEB4C0C0CF1020C08BF4CEBD17C04E089
:101ED0004FF0080C01E04FEAD17C0CEB4C0324FAE4
:101EE00003F404F00704B4F1040C06D20EEB840CE6
:101EF000BDE810404CF0010C6047DFE80CF007082B
:101F000002024FF00040A0F5800010BD08464200DC
:101F100018BFD2F1807288BF00F0004010BD4FF0B2
:101F20004070E1EE100A7047FF2141EAD050C00531
:101F3000704700002C2C0108D1B20008FFFF000000
:101F40000000000000010000000000000000000090
:101F5000682C0108E5B20008030000000000000042
:101F6000000400000000000000000000582C0108E0
:101F7000C1B20008020000000000000000080000DC
:101F80000000000000000000382C0108B1B2000879
:101F90000000000000000000000100000000000040
:101FA00000000000202C0108F5B20008000000002D
:101FB0000000000000010000000000000000000020
:101FC000482C010805B300080100000000000000D3
:101FD00000010000000000000000000000061016D4
:101FE00000061016000000000000000001020304BB
:101FF0000607080900000000010203040000803FFA
:102000000000000000000000000000000000803F11
:102010000000000000000000000000000000803F01
:102020000000000000000000C3F51C410000803FDC
:1020300000000000000000000000803F0000803F22
:102040000000000000000000000000000000000090
:1020500000000000000000000000803F00000000C1
:102060000000000000000000000000000000000070
:10207000000000000000803F0000000000000000A1
:102080000000000000000000000000000000000050
:102090000000803F00000000000000000000000081
:1020A0000000000000000000000000000000803F71
:1020B0000000000000000000000000000000000020
:1020C00000000000000000000000803F005EBCE255
:1020D000613FDD83C29C7E20A3FD1F419DC3217F04
:1020E000FCA2401E5F01E3BD3E6082DC237D9FC1F8
:1020F000421CFEA0E1BF5D0380DE3C62BEE0025CEC
:10210000DF81633D7C22C09E1D43A1FF4618FAA4D7
:1021100027799BC584DA3866E5BB5907DB856739C3
:10212000BAE406581947A5FB7826C49A653BD987B7
:10213000045AB8E6A7F91B45C6987A24F8A6441AAB
:1021400099C7257B3A6486D85B05E7B98CD2306E97
:10215000EDB3510F4E10F2AC2F7193CD114FADF383
:10216000702ECC92D38D6F31B2EC0E50AFF1134D77
:10217000CE90722C6D33D18F0C52B0EE326C8ED06B
:10218000530DEFB1F0AE4C1291CF2D73CA94762857
:10219000ABF517490856B4EA6937D58B5709EBB543
:1021A00036688AD495CB2977F4AA4816E9B7550B37
:1021B00088D6346A2B7597C94A14F6A8742AC8962B
:1021C000154BA9F7B6E80A54D7896B350000891179
:1021D00012239B322446AD573665BF74488CC19D8F
:1021E0005AAFD3BE6CCAE5DB7EE9F7F8811008016F
:1021F00093331A22A5562C47B7753E64C99C408D6F
:10220000DBBF52AEEDDA64CBFFF976E802218B300A
:10221000100299132667AF763444BD554AADC3BC4E
:10222000588ED19F6EEBE7FA7CC8F5D983310A202E
:1022300091121803A7772E66B5543C45CBBD42AC2E
:10224000D99E508FEFFB66EAFDD874C904428D53C6
:1022500016619F702004A9153227BB364CCEC5DF0E
:102260005EEDD7FC6888E1997AABF3BA85520C43EE
:1022700097711E60A1142805B3373A26CDDE44CFEE
:10228000DFFD56ECE9986089FBBB72AA06638F728A
:1022900014409D512225AB343006B9174EEFC7FECE
:1022A0005CCCD5DD6AA9E3B8788AF19B87730E62AE
:1022B00095501C41A3352A24B1163807CFFF46EEAE
:1022C000DDDC54CDEBB962A8F99A708B0884819556
:1022D0001AA793B62CC2A5D33EE1B7F04008C9199E
:1022E000522BDB3A644EED5F766DFF7C899400855E
:1022F0009BB712A6ADD224C3BFF136E0C11848097E
:10230000D33B5A2AE55E6C4FF77D7E6C0AA583B4F9
:10231000188691972EE3A7F23CC0B5D14229CB385D
:10232000500AD91B666FEF7E744CFD5D8BB502A41D
:1023300099961087AFF326E2BDD034C1C3394A283D
:10234000D11A580BE77F6E6EF55C7C4D0CC685D7B5
:102350001EE597F42880A1913AA3B3B2444ACD5B1D
:102360005669DF78600CE91D722FFB3E8DD604C7DD
:102370009FF516E4A9902081BBB332A2C55A4C4BFD
:10238000D7795E68E11C680DF33F7A2E0EE787F679
:102390001CC495D52AA1A3B03882B193466BCF7ADD
:1023A0005448DD59622DEB3C700EF91F8FF706E69D
:1023B0009DD414C5ABB122A0B9923083C77B4E6ABD
:1023C000D5585C49E33D6A2CF11E780F00000000EF
:1023D000920E493CB10AC93C2BC3163D2EFB483D29
:1023E000752B7B3D04A9963D80B6AF3D36BDC83DFB
:1023F0002FBCE13D73B2FA3D87CF093E8340163EC4
:10240000B5AB223EA2102F3ECF6E3B3EC2C5473E2B
:102410000115543E135C603E7F9A6C3ECCCF783EF3
:10242000C07D823E938E883E229A8E3E32A0943E9C
:1024300086A09A3EE59AA03E128FA63ED47CAC3E82
:10244000EF63B23E2A44B83E491DBE3E15EFC33E7F
:1024500053B9C93ECA7BCF3E4136D53E80E8DA3E0D
:102460004F92E03E7533E63EBBCBEB3EEA5AF13E7F
:10247000CBE0F63E275DFC3EE4E7003F3D9C033F9A
:10248000824B063F9BF5083F6B9A0B3FDA390E3FB4
:10249000CDD3103F2A68133FD9F6153FC07F183FB0
:1024A000C6021B3FD17F1D3FCBF61F3F9967223FDE
:1024B00025D2243F5636273F1594293F4AEB2B3F20
:1024C000DE3B2E3FBB85303FC9C8323FF304353F6A
:1024D000233A373F4268393F3B8F3B3FF9AE3D3FA0
:1024E00067C73F3F70D8413F01E2433F03E4453FA8
:1024F00065DE473F12D1493FF8BB4B3F029F4D3F3E
:10250000207A4F3F3D4D513F4918533F31DB543FF7
:10251000E595563F5348583F6AF2593F1A945B3F3E
:10252000532D5D3F05BE5E3F2146603F97C5613F2D
:102530005A3C633F59AA643F880F663FD86B673F98
:102540003CBF683FA7096A3F0C4B6B3F5E836C3F03
:1025500093B26D3F9ED86E3F73F56F3F0809713F90
:102560005213723F4714733FDD0B743F0BFA743FF5
:10257000C6DE753F07BA763FC58B773FF853783F85
:102580009812793F9DC7793F02737A3FBE147B3F13
:10259000CDAC7B3F283B7C3FC9BF7C3FAC3A7D3F05
:1025A000CCAB7D3F23137E3FB0707E3F6DC47E3F3A
:1025B000580E7F3F6D4E7F3FAB847F3F0FB17F3F13
:1025C00097D37F3F43EC7F3F11FB7F3F0000803F6D
:1025D00011FB7F3F43EC7F3F97D37F3F0FB17F3F9E
:1025E000AB847F3F6D4E7F3F580E7F3F6DC47E3F73
:1025F000B0707E3F23137E3FCCAB7D3FAC3A7D3F36
:10260000C9BF7C3F283B7C3FCDAC7B3FBE147B3FAA
:1026100002737A3F9DC7793F9812793FF853783F0C
:10262000C58B773F07BA763FC6DE753F0BFA743F1E
:10263000DD0B743F4714733F5213723F0809713F1B
:1026400073F56F3F9ED86E3F93B26D3F5E836C3FD4
:102650000C4B6B3FA7096A3F3CBF683FD86B673F95
:10266000880F663F59AA643F5A3C633F97C5613F54
:102670002146603F05BE5E3F532D5D3F1A945B3F90
:102680006AF2593F5348583FE595563F31DB543F76
:102690004918533F3D4D513F207A4F3F029F4D3FD8
:1026A000F8BB4B3F12D1493F65DE473F03E4453F4E
:1026B00001E2433F70D8413F67C73F3FF9AE3D3F1E
:1026C0003B8F3B3F4268393F233A373FF304353F66
:1026D000C9C8323FBB85303FDE3B2E3F4AEB2B3F24
:1026E0001594293F5636273F25D2243F9967223F2C
:1026F000CBF61F3FD17F1D3FC6021B3FC07F183F57
:10270000D9F6153F2A68133FCDD3103FDA390E3F73
:102710006B9A0B3F9BF5083F824B063F3D9C033F66
:10272000E4E7003F275DFC3ECBE0F63EEA5AF13E8F
:10273000BBCBEB3E7533E63E4F92E03E80E8DA3E9F
:102740004136D53ECA7BCF3E53B9C93E15EFC33E95
:10275000491DBE3E2A44B83EEF63B23ED47CAC3E37
:10276000128FA63EE59AA03E86A09A3E32A0943EE5
:10277000229A8E3E938E883EC07D823ECCCF783E9C
:102780007F9A6C3E135C603E0115543EC2C5473EC5
:10279000CF6E3B3EA2102F3EB5AB223E8340163E8D
:1027A00087CF093E73B2FA3D2FBCE13D36BDC83D2F
:1027B00080B6AF3D04A9963D752B7B3D2EFB483D71
:1027C0002BC3163DB10AC93C920E493C00000000E3
:1027D000920E49BCB10AC9BC2BC316BD2EFB48BD25
:1027E000752B7BBD04A996BD80B6AFBD36BDC8BDF7
:1027F0002FBCE1BD73B2FABD87CF09BE834016BEC0
:10280000B5AB22BEA2102FBECF6E3BBEC2C547BE27
:10281000011554BE135C60BE7F9A6CBECCCF78BEEF
:10282000C07D82BE938E88BE229A8EBE32A094BE98
:1028300086A09ABEE59AA0BE128FA6BED47CACBE7E
:10284000EF63B2BE2A44B8BE491DBEBE15EFC3BE7B
:1028500053B9C9BECA7BCFBE4136D5BE80E8DABE09
:102860004F92E0BE7533E6BEBBCBEBBEEA5AF1BE7B
:10287000CBE0F6BE275DFCBEE4E700BF3D9C03BF96
:10288000824B06BF9BF508BF6B9A0BBFDA390EBFB0
:10289000CDD310BF2A6813BFD9F615BFC07F18BFAC
:1028A000C6021BBFD17F1DBFCBF61FBF996722BFDA
:1028B00025D224BF563627BF159429BF4AEB2BBF1C
:1028C000DE3B2EBFBB8530BFC9C832BFF30435BF66
:1028D000233A37BF426839BF3B8F3BBFF9AE3DBF9C
:1028E00067C73FBF70D841BF01E243BF03E445BFA4
:1028F00065DE47BF12D149BFF8BB4BBF029F4DBF3A
:10290000207A4FBF3D4D51BF491853BF31DB54BFF3
:10291000E59556BF534858BF6AF259BF1A945BBF3A
:10292000532D5DBF05BE5EBF214660BF97C561BF29
:102930005A3C63BF59AA64BF880F66BFD86B67BF94
:102940003CBF68BFA7096ABF0C4B6BBF5E836CBFFF
:1029500093B26DBF9ED86EBF73F56FBF080971BF8C
:10296000521372BF471473BFDD0B74BF0BFA74BFF1
:10297000C6DE75BF07BA76BFC58B77BFF85378BF81
:10298000981279BF9DC779BF02737ABFBE147BBF0F
:10299000CDAC7BBF283B7CBFC9BF7CBFAC3A7DBF01
:1029A000CCAB7DBF23137EBFB0707EBF6DC47EBF36
:1029B000580E7FBF6D4E7FBFAB847FBF0FB17FBF0F
:1029C00097D37FBF43EC7FBF11FB7FBF000080BF69
:1029D00011FB7FBF43EC7FBF97D37FBF0FB17FBF9A
:1029E000AB847FBF6D4E7FBF580E7FBF6DC47EBF6F
:1029F000B0707EBF23137EBFCCAB7DBFAC3A7DBF32
:102A0000C9BF7CBF283B7CBFCDAC7BBFBE147BBFA6
:102A100002737ABF9DC779BF981279BFF85378BF08
:102A2000C58B77BF07BA76BFC6DE75BF0BFA74BF1A
:102A3000DD0B74BF471473BF521372BF080971BF17
:102A400073F56FBF9ED86EBF93B26DBF5E836CBFD0
:102A50000C4B6BBFA7096ABF3CBF68BFD86B67BF91
:102A6000880F66BF59AA64BF5A3C63BF97C561BF50
:102A7000214660BF05BE5EBF532D5DBF1A945BBF8C
:102A80006AF259BF534858BFE59556BF31DB54BF72
:102A9000491853BF3D4D51BF207A4FBF029F4DBFD4
:102AA000F8BB4BBF12D149BF65DE47BF03E445BF4A
:102AB00001E243BF70D841BF67C73FBFF9AE3DBF1A
:102AC0003B8F3BBF426839BF233A37BFF30435BF62
:102AD000C9C832BFBB8530BFDE3B2EBF4AEB2BBF20
:102AE000159429BF563627BF25D224BF996722BF28
:102AF000CBF61FBFD17F1DBFC6021BBFC07F18BF53
:102B0000D9F615BF2A6813BFCDD310BFDA390EBF6F
:102B10006B9A0BBF9BF508BF824B06BF3D9C03BF62
:102B2000E4E700BF275DFCBECBE0F6BEEA5AF1BE8B
:102B3000BBCBEBBE7533E6BE4F92E0BE80E8DABE9B
:102B40004136D5BECA7BCFBE53B9C9BE15EFC3BE91
:102B5000491DBEBE2A44B8BEEF63B2BED47CACBE33
:102B6000128FA6BEE59AA0BE86A09ABE32A094BEE1
:102B7000229A8EBE938E88BEC07D82BECCCF78BE98
:102B80007F9A6CBE135C60BE011554BEC2C547BEC1
:102B9000CF6E3BBEA2102FBEB5AB22BE834016BE89
:102BA00087CF09BE73B2FABD2FBCE1BD36BDC8BD2B
:102BB00080B6AFBD04A996BD752B7BBD2EFB48BD6D
:102BC0002BC316BDB10AC9BC920E49BC00000080DF
:102BD000555555555555C53F7D6FEB0312D6D4BF9E
:102BE0005544880E55C1C93F3B8F68B52882A4BFA4
:102BF00088B20175E0EF493F09F7FD0DE13D023F65
:102C00004B2D8A1C273A03C0C88A599CE52A0040EC
:102C100059018D1B6C06E6BF82922EB1C5B8B33F39
:102C20005265665F5461736B000000004368656322
:102C30006B5F5461736B0000426F6172645F43614C
:102C40006E5F5461736B000053757065725F436112
:102C5000705F5461736B0000436861737369735FE5
:102C60005461736B00000000496E735F5461736BB5
:102C700000000000942C010800000020A80B0000B8
:102C8000C401000894310108A80B0020A0B900007D
:102C90002802000802210001100685C50008B504BD
:102CA00012C10412E90C100615C600086514129131
:102CB0000C001B1804030904120100020202004068
:102CC0008304405700020102030100001A03501060
:102CD000062D100008290412250812510412690C4F
:102CE00011336300102100047224F4000112AA01C0
:102CF00061F41009810182000A0600020B22409C47
:102D00001004090243DB100A00C03209040000016C
:102D1000020B141D052400100105240100010424E8
:102D200002020524060001070582030800100904B9
:102D300011120A35200607050102400722810720EB
:102D40000E002DC200089DC00008D3C30008641700
:102D500031C1504006BF00085FC010618812B11831
:102D600012751C12F1083369C12C15522370179883
:102D7000E4093333EB3A58A08B3AA40425307D04A0
:102D8000017C000240AB03410105530806580407CB
:102D90000F000810810911000A15800B16000C188D
:102DA000010D12434040045200040314803F1C21D3
:102DB00018611C3108011134712401111802150029
:102DC00048011E306200A071B1C118A104012AC4DB
:102DD00061FC014AC4A1A8E118E11CE1C46130E131
:102DE000D06118611C0512A8051660A188A14809C8
:102DF0002214011238E568A1A020F340404F406F33
:102E0000C03F350241A9D92B40FAD59DC0029A474F
:102E1000C1B307D2407E3AF9C0A3819041EB90E163
:102E200040D4AB1BC14C37F0C1925C4341A69B64BC
:102E3000C1921C1DC29A3742C29C6248423934A8D2
:102E4000C18981AD428A93BFBF774A10C17FFB6AB7
:102E5000C168B33041CDCC01C1E2D8BA4117D45FCB
:102E6000C0BEF01B4275021342992AEDC1857CF465
:102E7000418BBD54C24C8C15BE8F70BE3FBABDC0D5
:102E80003F83DDE03E5CE63440D82A31C0C80725E8
:102E9000C2355E2FC1BDA36B42644CBC41440B44A0
:102EA000C22FEE22C253AE0AC066F4EBBEE8C17573
:102EB00040CB10A33F0DA649C06D1C9FC050FC0124
:102EC00042190288C277DE724336BCA442A301B124
:102ED000C125D691C37CB824400534F0C02C65C60A
:102EE00041C0951041B1A2A7C03A23D5C1F021EC51
:102EF00021F421E821F021F821F021EC21F421E84E
:102F000021F021F811F01241EC1242F41242E812C1
:102F1000C2F01241F812C2F0123FEC1241F4124119
:102F2000E812C1F01241F822C1C021BC21C421B86D
:102F300021C021C821C021BC21C421B821C021C881
:102F40002520251C25242518252025282520251C5D
:102F5000252425182520252821F021EC21F421E81D
:102F600021F021F821F021EC21F421E821F021F8D1
:102F700020F172FBF53ECA6C48C0DE71C340758E0D
:102F80001940CE199D3FAB21F2C0D5EC953F0E15EF
:102F9000DAC01748324114B39440C72E9140C0ECB8
:102FA00072C19A9926C1D4E51DC198AE21424B93B6
:102FB00019411B0DA041E89943C2E8A4D3BF49F4CD
:102FC00034C052EDED401D7231403480A040613775
:102FD000FAC024D60C40FC184C41978BC0C0789C9A
:102FE0002CC16688B2C1E275F9401D173A3D842DA7
:102FF0005A3F4CA66ABE30F6C6BE8121EBBFEBFF3E
:10300000083FEE77EB402FA314C18351524201B524
:1030100014417DCB0E419D5156C22F69C43EB5531C
:10302000C3BECBD612408125D73E7442A83ECE7097
:103030008FBF7AC7B64130AAB9C198DD2CC221B082
:10304000A6412041AF4124A8BB41F25E2F402A0097
:1030500088C04A9873C0104074408603824090F93B
:103060001C3FF021EC21F421E821F021F821F0218E
:10307000EC21F421E821F021F811F01241EC12C208
:10308000F421E81242F012C1F812C1F0123FEC1222
:10309000C0F421E821F012C0F822C0C021BC21C434
:1030A00021B821C021C821C021BC21C421B821C020
:1030B00021C82520251C2524251825202528252044
:1030C000251C252425182520252821F021EC21F474
:1030D00021E821F021F821F021EC21F421E821F070
:1030E00021F82019FFB27BBCBF9C393E02891DA785
:1030F0003A3B59BECD4360273C223C271820054D62
:10310000E9A6A61C200987B40627EE373326200C33
:103110001910465FC1BD0FFC8E27504BB6261FE02D
:10312000D2A7BBB40BA7F07208A70E080F6220420B
:10313000DC07100EE8A1002030A2002000AC002027
:10314000180412300412600C6D94081009295CCF29
:103150003F17B7D13904A2380C0D283E080D12587C
:10316000058D68058005CDCCCC3D8E000714FA4452
:103170000000C8423C0D39C108200450C347680113
:10318000120401531C11C4011A1C02FF0001014862
:04319000010000003A
:040000050800018965
:00000001FF
