I0,I1,I2,I3,I4,I5
104.019997,-2.96649,-4.577854,330.495544,301.069305,0.027289
71.830002,2.2005,1.029763,332.485199,322.118011,0.026905
22.65,0.163059,-1.209108,81.576683,88.278755,0.017797
22.709999,0.163059,-1.209108,81.576683,88.278755,0.017797
22.709999,-0.22496,-1.496817,88.174042,96.342178,0.017797
22.190001,-0.224958,-1.496817,88.174042,96.342178,0.017797
22.190001,-0.224958,-1.64035,96.446907,93.933624,0.017989
25.51,-1.726196,-2.712573,114.249268,121.160751,0.017797
26.92,-2.416076,-2.673665,124.092911,129.852509,0.018181
26.92,-2.771342,-2.970135,127.129791,134.669601,0.018181
20.07,-2.771342,-2.970135,127.129791,134.669601,0.018181
20.07,-3.130717,-3.100343,134.146011,134.983765,0.017701
22.0,-2.919905,-3.228468,137.49704,145.45575,0.017701
22.0,-2.919905,-3.228468,139.172821,140.429199,0.01751
23.280001,-2.450769,-2.159792,143.780228,144.408569,0.010223
29.450001,-0.863625,0.068262,130.271378,61.05162,0.152979
24.625,-0.591407,0.086973,129.53833,58.224186,0.152021
24.700001,-0.591407,0.086973,129.53833,58.224186,0.152021
24.700001,-0.553611,0.222616,121.474915,57.595867,0.151445
29.43,-0.040036,0.581952,116.23893,48.380527,0.152979
29.43,-0.040036,0.581952,116.23893,48.380527,0.154932
29.959999,0.948174,0.618381,104.615036,42.411499,0.16899
29.959999,0.948174,0.618381,104.615036,36.756634,0.171291
20.290001,2.431228,1.30321,89.011787,10.890855,0.21501
20.290001,2.431228,1.30321,77.806778,11.100295,0.214626
25.549999,2.613724,1.646899,69.115036,-1.780236,0.207531
25.549999,2.894974,1.58203,81.367256,0.20944,0.203025
28.75,2.684926,1.626625,69.324478,-0.314159,0.182988
27.16,2.78675,1.606386,64.088493,-0.942478,0.17388
26.26,2.013353,1.635223,44.505894,2.094395,0.132654
26.26,2.013353,1.635223,45.448372,1.884956,0.12997
31.879999,-1.396918,3.386044,-47.961651,5.864306,-0.253046
31.879999,-1.396918,3.469157,-47.752209,11.100295,-0.265989
29.43,0.698211,3.995729,-92.467552,14.451325,-0.422455
25.76,1.57711,3.234993,-139.277267,84.927727,-0.614299
25.76,1.57711,3.234993,-138.648956,79.691727,-0.618038
27.669922,1.423475,2.942272,-135.612091,86.917404,-0.634528
27.67,1.423475,2.942272,-135.612091,86.917404,-0.634528
27.67,1.584379,2.843194,-147.654861,86.079628,-0.637308
31.690001,1.627392,2.964567,-144.617981,85.660759,-0.639609
31.690001,1.627392,2.823942,-139.800873,86.917404,-0.641719
21.690001,1.900066,2.686188,-144.408569,98.122414,-0.65121
28.530001,1.414088,2.621207,-150.482315,97.703529,-0.661756
28.530001,1.414088,2.621207,-150.482315,101.368729,-0.663099
30.819824,1.76834,1.543471,-147.235962,116.553093,-0.682465
30.82,1.76834,1.543471,-147.235962,116.553093,-0.682465
30.82,1.980682,1.679128,-142.209442,113.202057,-0.682369
28.02,1.95437,1.46587,-151.634201,108.384956,-0.682753
32.0,1.764555,1.505303,-147.235962,118.333328,-0.683136
32.209999,1.764555,1.505303,-147.235962,118.333328,-0.683136
32.209999,1.897367,1.584339,-145.874649,116.343651,-0.683136
29.219999,2.15783,1.429179,-144.408569,120.741867,-0.683711
29.219999,2.15783,1.429179,-151.635132,120.741867,-0.683807
26.42,3.739092,0.56015,-166.085556,83.880516,-0.576333
26.42,3.739092,0.56015,-159.280869,83.042778,-0.564924
28.200001,4.954335,-0.33658,-137.392319,100.740402,-0.478733
28.200001,4.954335,-0.078654,-131.842194,95.085541,-0.460134
25.200001,4.009096,-0.193169,-123.150444,97.912971,-0.398199
25.190001,3.834118,-0.08741,-115.610603,100.53096,-0.362055
27.85,4.2069,-0.070759,-100.740402,97.912971,-0.286794
27.85,4.2069,-0.070759,-100.740402,107.412971,-0.267811
22.719999,5.835794,-0.839466,-80.110619,94.666656,-0.188236
22.719999,5.835794,-0.839466,-76.026634,89.325943,-0.176731
35.490002,3.053951,-1.165697,48.904129,130.585541,-0.105401
35.490002,3.053951,-1.353655,57.700596,143.256638,-0.105401
20.610001,-2.673021,-2.870778,199.491119,256.982269,-0.139628
20.610001,-2.673021,-2.870778,199.491119,249.127853,-0.139148
25.59,-1.44915,-2.434766,160.849548,216.03685,-0.116906
25.59,-1.44915,-2.434766,160.011795,208.811203,-0.11633
20.48,-1.801295,-2.50162,120.113564,172.368729,-0.099265
20.48,-1.949733,-2.642199,119.485245,166.504425,-0.094855
26.809999,-2.212135,-3.375629,92.781715,125.0354,-0.049698
29.290001,0.592668,-2.746,84.194687,59.794975,0.145501
29.290001,0.592668,-2.751396,88.592911,58.852505,0.156143
28.02,1.118695,-1.745273,89.22123,25.55162,0.247703
28.02,1.118695,-1.745273,89.22123,25.55162,0.252691
30.379999,3.33765,-0.703224,94.038338,-83.77581,0.553061
30.379999,3.33765,-0.703224,93.038338,-76.55014,0.558142
24.700001,1.229224,2.071506,48.066372,-114.249268,0.409058
24.700001,1.229224,2.071506,48.066372,-112.887901,0.402922
24.25,-1.748188,-1.074275,117.495575,150.901184,-0.113262
24.25,-1.748188,-1.074275,117.495575,150.901184,-0.114317
21.959999,-2.036848,-1.449939,114.03981,157.498505,-0.114317
21.959999,-2.036848,-1.449939,114.03981,157.498505,-0.115782
24.74,-3.07103,-2.616975,136.97345,187.762512,-0.117097
24.74,-3.07103,-2.861305,151.529495,189.01918,-0.117193
34.68,-3.177307,-2.861305,151.529495,189.01918,-0.117193
34.68,-3.177307,-2.90818,158.231552,206.402649,-0.117289
28.24,-2.837907,-2.911976,158.231552,206.402649,-0.117289
28.24,-2.837907,-2.911976,176.231552,206.821533,-0.117577
28.15,-3.292984,-3.2519,174.672562,221.691727,-0.117193
28.15,-3.292984,-3.2519,174.672562,221.691727,-0.117097
23.299999,-3.627446,-3.107331,187.02948,227.241867,-0.117097
33.419998,-3.186606,-3.346386,190.694702,240.541275,-0.117193
26.809999,-2.937573,-2.499375,135.926254,167.342178,-0.071174
26.809999,-2.937573,-2.499375,132.926254,164.095871,-0.070215
24.17,-2.669193,-2.478153,128.07225,159.488205,-0.068777
28.59,0.050076,0.088377,79.168137,111.735985,-0.059189
28.59,0.801212,0.938321,76.969032,103.358406,-0.058135
32.27,1.774274,1.321813,69.743355,96.55162,-0.056697
32.27,1.774274,1.321813,70.163277,79.4823,-0.055834
29.77,4.454233,3.40498,21.572271,45.762535,-0.053054
24.1,3.348332,2.001254,-7.853982,17.069319,-0.053245
30.219999,1.48311,1.07483,16.022123,59.585537,-0.065901
30.219999,1.48311,0.373604,31.206488,71.628319,-0.072804
44.639999,-0.119929,-0.425426,110.688782,140.848083,-0.088335
79.470001,-0.648722,-0.665456,154.147476,175.510315,-0.094663
79.470001,-1.120329,-1.365397,163.362823,203.05162,-0.099361
26.209999,-3.742186,-3.050287,207.135696,249.966049,-0.118631
26.209999,-3.742186,-3.050287,207.135696,249.966049,-0.124575
27.23,-4.221513,-2.200814,254.887894,301.907074,-0.169732
27.23,-4.221513,-2.200814,252.887894,304.106171,-0.182196
21.610001,-3.796594,-1.63877,248.814148,304.734497,-0.191399
21.610001,-3.796594,-1.63877,248.814148,304.734497,-0.199162
31.040001,-4.280909,-0.857419,193.103241,245.148941,-0.268482
31.040001,-4.280909,-0.857419,193.103241,245.148941,-0.281042
27.120001,-4.847059,-0.309221,152.995575,243.159302,-0.325239
27.120001,-4.757382,-0.164211,138.334808,242.530975,-0.33521
27.120001,-4.499674,-0.093773,129.53833,236.666656,-0.348249
27.120001,-4.499674,-0.206101,123.674026,231.325943,-0.356398
29.059999,-5.010026,-0.457864,80.005898,218.445404,-0.460421
29.059999,-5.010026,-0.457864,80.005898,218.445404,-0.46847
27.690001,-5.078541,-0.587729,56.758114,209.648956,-0.484773
29.940001,-3.580641,0.225691,11.414454,201.376083,-0.561472
29.940001,-3.580641,0.225691,13.194728,201.585556,-0.566074
32.59,-1.721186,1.568757,-24.923304,176.976379,-0.608738
32.59,-1.721186,1.568757,-24.923304,173.976379,-0.608163
21.0,-1.084203,1.649695,-38.117996,168.284653,-0.598288
21.0,-1.084203,1.875136,-41.783184,166.504425,-0.595316
28.73,-0.485857,1.795635,-38.117996,164.724182,-0.588125
28.73,-0.485857,1.795635,-37.175613,163.676987,-0.573361
28.01,0.975292,1.169651,-54.977871,134.460175,-0.519288
23.09,1.945418,2.468035,-84.299408,116.343651,-0.552077
30.299999,1.9327,2.574057,-109.327431,116.553093,-0.57058
23.375,3.629245,3.861382,-166.294983,65.449852,-0.608355
23.43,3.629245,3.861382,-166.294983,65.449852,-0.608355
23.43,3.42136,3.565177,-179.384949,59.376102,-0.608834
21.15,3.38041,3.281206,-192.998505,46.390858,-0.609026
21.15,3.38041,3.281206,-192.998505,28.902651,-0.608642
27.440001,2.884588,1.022099,-204.203552,31.311209,-0.572019
27.440001,2.884588,1.022099,-204.203552,125.244835,-0.568375
28.99,2.94842,0.011865,-170.483765,53.40707,-0.550543
22.4,4.908005,-0.879711,12.98525,203.784668,-0.309228
47.529999,4.713899,-1.225349,25.656342,206.402649,-0.295327
47.529999,4.713899,-1.575539,29.426252,211.429169,-0.279891
28.709999,4.806648,-1.485393,47.438049,216.455734,-0.270112
28.709999,4.806648,-1.485393,47.438049,222.843643,-0.255443
41.990002,4.473268,-1.74221,66.915924,225.04274,-0.232625
46.279999,4.520507,-1.633881,87.022118,234.676987,-0.208848
46.279999,4.445165,-1.750012,92.99115,237.085526,-0.200028
21.4,4.057539,-1.85084,105.033905,245.148941,-0.178552
21.4,4.057539,-1.85084,115.086639,245.358398,-0.170595
36.279999,4.137315,-2.095562,125.349548,252.165161,-0.159569
36.279999,4.137315,-2.095562,125.349548,252.165161,-0.152091
45.799999,2.647178,-2.585125,165.247772,272.376068,-0.121316
45.799999,2.647178,-2.877135,172.997055,276.250732,-0.114413
55.169998,2.326692,-2.877135,172.997055,276.250732,-0.114413
55.169998,2.326692,-2.877135,186.505875,279.601746,-0.107798
40.610001,1.947739,-2.957068,186.505875,279.601746,-0.107798
40.610001,1.947739,-2.957068,186.505875,278.868713,-0.100895
21.08,1.736404,-3.271254,186.296463,278.868713,-0.100895
21.08,1.736404,-3.271254,186.296463,280.868713,-0.095334
62.779999,1.46089,-3.396384,196.873138,280.858398,-0.095334
62.779999,1.46089,-3.396384,196.873138,280.858398,-0.089677
49.869999,1.149834,-3.514687,203.365768,284.628265,-0.089677
34.18,1.128689,-3.692108,208.497025,286.827423,-0.082774
50.23,0.658626,-3.758213,222.215302,297.089966,-0.076639
50.23,0.632163,-3.790654,237.399689,309.551605,-0.073571
46.810001,0.632163,-3.790654,237.399689,309.551605,-0.073571
46.810001,0.290691,-3.695583,240.227127,307.666626,-0.069352
30.99,0.289813,-3.695583,240.227127,307.666626,-0.069352
30.99,0.289813,-3.931178,245.253647,311.750732,-0.062066
59.490002,0.263209,-3.931161,245.253647,311.750732,-0.062066
59.490002,0.263209,-3.931161,252.898224,314.159271,-0.058135
71.470001,0.047769,-3.772878,252.898224,314.159271,-0.058135
71.470001,0.047769,-3.772878,252.898224,317.0914,-0.055067
78.360001,-0.095313,-3.763516,255.306763,317.0914,-0.055067
78.360001,-0.095313,-3.763516,255.306763,317.0914,-0.049219
53.580002,-0.529728,-3.622655,260.438019,320.547211,-0.049219
53.580002,-0.529728,-3.622655,260.438019,320.547211,-0.046533
30.780001,-0.47696,-3.79902,265.4646,319.499969,-0.046438
50.119999,-0.916795,-3.638797,273.946899,323.793488,-0.042891
46.32,-0.683046,-3.496791,273.737427,332.171112,-0.039344
46.32,-1.496738,-3.422656,284.104706,328.401154,-0.036659
35.130001,-1.496738,-3.422656,284.104706,328.401154,-0.036659
35.130001,-1.496738,-3.71785,284.314148,327.772858,-0.034358
33.029999,-0.982915,-3.71785,284.314148,327.772858,-0.034358
33.029999,-0.982915,-3.3116,294.995575,327.772858,-0.030715
30.530001,-1.405187,-3.309401,294.995575,327.772858,-0.030715
30.530001,-1.405187,-3.309401,300.964325,331.542755,-0.027168
25.4,-0.972505,-3.763771,300.96463,331.542755,-0.027168
25.4,-0.972505,-3.763771,300.96463,331.753693,-0.025538
60.119999,-1.631429,-3.564442,303.373138,331.752167,-0.025538
60.119999,-1.631429,-3.564442,303.373138,331.752167,-0.022853
75.150002,-1.421985,-3.803551,304.210938,338.55896,-0.022853
61.790001,-1.709073,-3.387052,314.47345,334.160736,-0.021607
36.98,-1.646927,-3.490482,314.264008,342.01474,-0.021511
41.619648,-1.579387,-3.443952,323.47937,349.030975,-0.017484
41.619999,-1.579387,-3.443952,323.47937,349.030975,-0.017484
41.619999,-2.315512,-3.195934,333.113525,353.42923,-0.015759
39.209999,-2.315516,-3.195934,333.113525,353.42923,-0.015759
39.209999,-2.315516,-3.475206,334.056061,363.901184,-0.017101
44.360001,-2.048577,-3.475206,334.056061,363.901184,-0.017101
44.360001,-2.048577,-3.475206,344.527985,361.492615,-0.018539
84.18,-2.576218,-3.546035,344.527985,361.492615,-0.018539
84.18,-2.576218,-3.546035,344.527985,368.50882,-0.02199
37.490002,-2.279201,-3.66615,353.743347,368.50882,-0.02199
37.490002,-2.279201,-3.66615,353.743347,374.50882,-0.027455
70.940002,-2.796566,-3.643685,364.52948,375.315613,-0.027455
70.940002,-2.796566,-3.643685,364.52948,375.315613,-0.032729
26.719999,-2.654051,-3.73432,372.802338,387.777252,-0.032728
66.43,-3.203762,-3.583805,383.06488,399.401184,-0.034262
51.360001,-3.282783,-3.718657,395.840668,412.386414,-0.034838
96.220001,-3.444674,-3.829161,404.846588,420.240387,-0.035029
96.190002,-3.444674,-3.829161,404.846588,420.240387,-0.035029
96.190002,-3.382174,-3.962315,420.554596,432.702057,-0.03618
63.23,-3.375062,-3.962315,420.554596,432.702057,-0.03618
63.23,-3.375062,-3.967686,434.586975,444.5354,-0.040878
95.309998,-3.412513,-3.96768,434.586975,444.5354,-0.040878
95.309998,-3.412513,-3.96768,445.58255,457.52063,-0.055642
94.690002,-4.032331,-3.78778,445.58255,457.52063,-0.055642
94.690002,-4.032331,-3.78778,445.58255,469.772858,-0.063216
69.300003,-4.110285,-3.791291,456.47345,469.772858,-0.063216
69.300003,-4.110285,-3.791291,456.47345,469.772858,-0.06523
79.010002,-4.010849,-3.73602,465.688782,478.98822,-0.06523
79.010002,-4.010849,-3.73602,465.688782,478.98822,-0.070601
50.169998,-3.844545,-3.223235,476.056,496.685791,-0.070407
27.059999,-3.592309,0.179991,163.572266,295.519165,-0.441055
27.059999,-3.592309,0.179991,158.572266,290.283173,-0.448821
22.23,0.495814,1.551558,56.548676,246.929184,-0.512385
22.23,1.983257,1.76873,50.056046,246.091415,-0.512002
29.030001,5.591172,-1.008774,-0.628319,7.644542,0.144351
29.030001,5.591172,-1.135852,0.314159,-0.314159,0.164868
28.01,5.202937,-1.018368,0.0,-0.523599,0.180016
28.01,5.202937,-1.018368,3.546875,-1.989676,0.196314
27.57,4.760959,-0.469028,61.36578,-91.629784,0.553923
27.57,4.760959,-0.469028,61.36578,-96.657127,0.560635
29.34,-3.529541,-4.275753,123.464592,-114.458702,0.622761
29.34,-3.529541,-4.275753,123.464592,-119.066124,0.616146
27.17,-4.40423,-1.273647,20.001474,-193.731567,0.452297
27.17,-4.40423,-1.105831,14.556046,-190.485229,0.441272
50.759998,-4.063041,1.299606,-219.702057,-237.399689,-0.109427
53.93,-3.721097,1.653048,-230.907059,-236.038345,-0.116906
43.41,-1.718413,2.65488,-263.789093,-252.479324,-0.150845
43.41,-1.718413,2.65488,-265.569305,-251.222717,-0.160624
65.779999,-0.993903,3.26428,-265.569305,-251.222717,-0.160624
65.779999,-0.993903,3.26428,-265.569305,-256.877563,-0.166856
50.790001,0.566278,4.013365,-280.648956,-258.448364,-0.172033
50.790001,0.566278,4.013365,-280.648956,-258.448364,-0.182771
128.139999,0.707128,4.621697,-292.901154,-267.663696,-0.182771
42.470001,1.964277,5.499004,-323.165131,-287.560455,-0.1937
35.189999,2.939734,4.488101,-394.793457,-337.51178,-0.228023
35.189999,2.939734,4.488101,-394.793457,-337.51178,-0.233883
22.940001,1.325686,2.330477,-395.945404,-296.775818,-0.25295
22.940001,1.325686,2.330477,-390.492279,-298.556061,-0.256402
22.73,0.884662,2.185949,-384.740356,-283.581146,-0.258415
22.73,0.884662,2.185949,-384.740356,-283.581146,-0.260333
22.030001,2.949602,0.611032,-309.551605,-206.926239,-0.209807
26.280001,1.796437,-0.349102,-200.852493,-149.01622,-0.088814
23.629999,1.119942,-0.131423,-182.945435,-140.115021,-0.067818
23.629999,1.119942,-0.131423,-182.945435,-142.115021,-0.065325
30.51,0.70481,-0.635543,-168.703522,-134.355453,-0.057943
30.51,0.176203,-0.379429,-170.693192,-127.339241,-0.055834
24.16,0.556109,-0.529799,-161.059006,-129.328918,-0.051903
24.16,0.556109,-0.529799,-152.051193,-127.339241,-0.051424
30.67,-0.37376,-1.148415,-144.827438,-122.522118,-0.046918
26.950001,-0.701946,-1.639235,-126.187309,-110.898224,-0.024483
28.92,4.071603,2.782719,-124.197632,-129.747787,0.027289
29.25,4.156321,2.792044,-108.908554,-108.280212,0.026713
29.26,4.156321,2.792044,-108.908554,-108.280212,0.026713
29.26,4.022776,3.03235,-102.101776,-90.163712,0.027001
39.889999,1.789029,1.047055,60.737457,60.423309,0.027864
43.450001,0.772205,-0.001897,115.924767,114.982292,0.028152
43.450001,0.772205,-0.001897,115.924767,119.591667,0.026809
46.540001,-0.464089,-1.261865,195.092926,184.935104,0.035438
46.540001,-0.464089,-1.261865,202.109131,183.783173,0.037835
28.33,-0.35428,-1.715351,200.95723,187.553085,0.039656
28.33,-0.35428,-1.715351,200.95723,187.553085,0.042245
45.09,-0.251835,-1.102341,212.790543,205.983765,0.048477
45.09,-0.251835,-1.164841,216.351028,201.794983,0.04886
38.73,-0.176663,-1.169324,216.351028,201.794983,0.04886
38.73,-0.176663,-1.169324,216.351028,209.020615,0.050202
40.52,0.026521,-1.118329,216.769913,209.020615,0.050202
40.52,0.026521,-1.118329,216.769913,206.403427,0.050969
36.970001,0.061851,-1.029498,216.979355,206.402649,0.050969
36.970001,0.061851,-1.029498,216.979355,206.402649,0.04886
58.779999,-0.312601,-1.134358,216.560425,211.010315,0.04886
62.529999,-0.282593,-0.97292,225.356903,221.063431,0.048477
65.730003,-0.273551,-1.093604,234.57225,220.644516,0.048573
55.115002,-0.310001,-1.125484,234.99115,223.681396,0.046751
55.060001,-0.310001,-1.125484,234.99115,223.681396,0.046751
55.060001,-0.728598,-1.280284,243.264008,226.718277,0.046559
55.299999,-0.728601,-1.280284,243.264008,226.718277,0.046559
55.299999,-0.728601,-1.324363,249.442474,232.05899,0.046559
54.540001,-0.523925,-1.324363,249.442474,232.05899,0.046559
54.540001,-0.523925,-1.324363,252.898224,238.551605,0.045505
56.380001,-0.848826,-1.223199,252.898224,238.551605,0.045505
56.380001,-0.848826,-1.223199,252.898224,242.530975,0.045025
67.309998,-1.038714,-1.628917,253.421829,242.530975,0.045025
67.309998,-1.038714,-1.628917,253.421829,242.530975,0.045217
49.790001,-1.424394,-1.753273,260.123901,242.530975,0.045217
49.790001,-1.424394,-1.753273,260.123901,242.530975,0.044546
72.900002,-1.554002,-2.105275,259.286133,248.918839,0.044546
34.09,-1.780985,-2.138066,266.092896,253.526535,0.04445
29.99,-1.74334,-2.182481,270.910004,258.134216,0.044834
29.99,-2.049814,-2.14282,282.533936,266.197632,0.043875
44.18,-2.181205,-2.072116,285.780212,275.412933,0.044258
44.18,-2.181205,-2.227267,290.178467,281.800873,0.044738
22.52,-2.090863,-2.227263,290.178467,281.800873,0.044738
22.52,-2.090863,-2.227263,303.582581,280.02063,0.043971
29.74,-2.690828,-1.972227,303.582581,280.02063,0.043971
29.74,-2.690828,-1.972227,303.582581,290.283173,0.043875
29.66,-2.226402,-2.545922,298.03244,290.283173,0.043875
29.66,-2.226402,-2.545922,298.03244,290.283173,0.04445
57.66,-2.438023,-2.687639,309.237427,295.100281,0.044258
58.560001,-2.840834,-2.596058,313.635681,294.681396,0.043204
44.260197,-3.327019,-2.406621,319.604736,300.650452,0.043779
44.259998,-3.327019,-2.406621,319.604736,300.650452,0.043779
44.259998,-2.708617,-2.780013,317.824432,310.912933,0.0433
42.869999,-2.708617,-2.780013,317.824432,310.912933,0.0433
42.869999,-2.708617,-2.548797,327.249237,306.724182,0.043587
39.049999,-3.65818,-2.548797,327.249237,306.724182,0.043587
39.049999,-3.65818,-2.783172,332.904114,317.929199,0.043875
27.23,-2.908272,-2.786844,332.904114,317.929199,0.043875
27.23,-2.908272,-2.786844,340.904114,314.159271,0.043971
64.32,-3.47049,-2.445184,340.339233,314.159271,0.043971
64.32,-3.47049,-2.445184,340.339233,325.151459,0.043779
36.279999,-3.036197,-2.561018,337.930695,325.154846,0.043779
36.279999,-3.036197,-2.561018,337.930695,325.154846,0.043108
48.459999,-3.017943,-2.73132,345.679932,327.353973,0.043108
52.169998,-3.015429,-2.474837,353.115021,329.553101,0.041957
29.139999,-2.92058,-2.296182,355.52356,334.160736,0.03841
33.029999,-2.931811,-2.01071,361.597321,332.799408,0.034287
33.169998,-2.931811,-2.01071,361.597321,332.799408,0.034287
33.169998,-2.881701,-2.216947,360.55014,338.768433,0.030261
26.27,-2.881683,-2.216947,360.55014,338.768433,0.030261
26.27,-2.881683,-2.055359,358.141602,338.977844,0.02959
44.509998,-2.551512,-2.055359,358.141602,338.977844,0.02959
44.509998,-2.551512,-0.51384,360.131226,339.187317,0.028631
42.389999,-2.690019,-1.954604,360.131226,339.187317,0.028631
42.389999,-2.690019,-1.954604,360.131226,340.234497,0.029302
49.16,-2.798828,-2.248874,356.361328,340.234497,0.029302
49.16,-2.798828,-2.248874,356.361328,344.234497,0.027864
33.68,-2.720086,-1.99258,357.932129,344.632751,0.027864
33.68,-2.720086,-1.99258,357.932129,344.632751,0.027481
41.84,-2.780948,-1.783769,358.351013,345.575195,0.02748
53.34,-3.066844,-2.12451,362.539764,346.622406,0.027768
41.02,-2.910467,-2.057216,365.57666,347.983765,0.028056
30.02,-2.667423,-2.120652,364.00589,348.821533,0.027289
30.02,-2.995548,-2.139046,366.414459,351.439514,0.027768
27.049999,-2.930121,-2.723813,368.613495,349.449799,0.026713
27.049999,-2.930121,-2.723813,366.414459,349.868683,0.024221
27.75,-2.896992,-2.441735,366.414459,349.868683,0.024221
27.75,-2.896992,-2.441735,366.414459,349.659302,0.023358
32.540001,-2.917168,-2.559354,367.985229,349.659302,0.023358
32.540001,-2.917168,-2.559354,367.985229,349.659302,0.022495
31.610001,-3.466144,-2.393144,371.9646,357.094391,0.022495
31.610001,-3.466144,-2.393144,371.9646,357.094391,0.022983
21.25,-3.345353,-2.965746,376.99115,358.036835,0.022974
25.83,-3.35518,-2.774509,380.865784,359.293488,0.02355
22.50041,-3.276826,-2.830234,386.834778,373.116455,0.025659
22.5,-3.276826,-2.830234,386.834778,373.116455,0.025659
22.5,-3.325281,-3.242666,394.688782,377.305298,0.02633
32.25,-3.325281,-3.242666,394.688782,377.305298,0.02633
32.25,-3.325281,-3.116442,393.013275,378.876099,0.024796
37.400002,-3.723468,-3.116442,393.013275,378.876099,0.024796
37.400002,-3.723468,-3.225817,397.620911,385.892334,0.024604
33.09,-3.168823,-3.224498,397.620911,385.892334,0.024604
33.09,-3.168823,-3.224498,406.519348,384.530975,0.023741
20.309999,-3.520753,-3.226657,410.082611,390.709412,0.02355
20.309999,-3.520753,-3.226657,410.082611,390.709412,0.025275
27.74,-2.701381,-1.276289,233.210907,203.784668,0.032945
23.969999,0.689249,0.46772,175.824478,143.46608,0.093537
23.969999,0.689249,0.46772,175.824478,134.460175,0.102645
29.57,2.138586,0.622255,156.765488,111.735985,0.149528
29.57,2.138586,0.622255,150.377563,109.7463,0.15854
29.77,3.19478,0.110696,147.969009,84.718285,0.195547
27.375,3.534111,-0.140825,141.162216,76.026543,0.216544
27.48,3.534111,-0.140825,141.162216,76.026543,0.216544
27.48,3.560784,-0.180901,144.513275,79.691727,0.225268
28.52,4.649062,-0.457469,117.076683,34.138638,0.351342
28.52,4.649062,-0.457469,117.076683,30.892328,0.362463
28.690001,4.778823,-0.53205,117.076683,14.660766,0.383747
30.219999,4.784988,-0.905683,115.296455,-17.38348,0.502535
30.219999,4.784988,-0.817227,110.060463,-23.038343,0.50915
20.77,3.078456,2.832784,68.172562,-171.426254,0.650564
20.77,3.078456,2.832784,68.172562,-174.043442,0.643182
28.15,2.41311,4.101897,43.039814,-185.668137,0.527271
126.099998,-0.215533,3.574855,84.613564,-84.822998,0.338591
126.099998,-0.215533,3.574855,89.613564,-63.774334,0.328908
32.0,-0.153864,2.101465,137.915909,20.106194,0.20686
36.310001,-0.153864,2.101465,137.915909,20.106194,0.20686
36.310001,-0.619364,2.080856,140.324478,22.305307,0.203121
40.0,-2.810379,-1.007725,189.647491,116.553093,0.120862
40.119999,-2.810379,-1.007725,189.647491,116.553093,0.120862
40.119999,-3.175979,-1.347476,192.265488,121.160751,0.11904
40.290001,-3.118709,-1.718739,208.182861,143.884933,0.1037
40.290001,-3.118709,-1.718739,208.182861,143.884933,0.100536
41.02,-3.49215,-2.163959,218.131256,172.578171,0.08836
41.02,-3.49215,-2.163959,220.53981,173.730057,0.086251
31.059999,-2.895225,-1.795017,245.881973,210.591446,0.066885
31.059999,-2.895225,-1.795017,245.881973,210.591446,0.066309
36.330002,-3.493231,-1.793056,280.963104,259.600281,0.005909
36.330002,-3.493231,-1.746181,269.862823,260.752197,0.0038
47.82,-2.964237,-1.746339,269.862823,260.752197,0.0038
47.82,-2.964237,-1.746339,268.503448,256.563416,0.000156
41.939999,-3.041913,-1.92066,268.501434,256.563416,0.000156
41.939999,-3.041913,-1.92066,268.501434,258.971954,-0.001569
30.889999,-3.126209,-1.958814,275.727142,258.971954,-0.001569
30.889999,-3.126209,-1.958814,275.727142,258.971954,-0.00387
33.860001,-3.329957,-2.141647,270.491119,252.584061,-0.00387
33.860001,-3.329957,-2.141647,270.491119,252.584061,-0.015481
33.200001,-3.164005,-1.906555,276.774323,263.998535,-0.008376
34.080002,-3.074327,-1.985937,273.528015,265.778748,-0.010773
33.050705,-2.835916,-2.083499,274.365784,266.616516,-0.01317
33.049999,-2.835916,-2.083499,274.365784,266.616516,-0.01317
33.049999,-2.692679,-2.154604,281.172577,269.234497,-0.017197
35.099998,-2.692679,-2.154604,281.172577,269.234497,-0.017197
35.099998,-2.692679,-2.101337,275.5177,272.166626,-0.020552
31.43,-3.115475,-2.101337,275.5177,272.166626,-0.020552
31.43,-3.115475,-0.525334,282.324432,271.643066,-0.024291
27.23,-2.970788,-1.96949,282.324432,271.643066,-0.024291
27.23,-2.970788,-1.96949,272.324432,277.193207,-0.028318
20.629999,-2.93321,-2.177242,273.946899,277.193207,-0.028318
20.629999,-2.93321,-2.177242,273.946899,277.193207,-0.034838
21.32,-3.042954,-2.088026,275.727142,277.193207,-0.034838
21.32,-3.042954,-2.088026,275.727142,277.193207,-0.038289
36.169998,-3.251948,-2.12344,282.743347,287.036804,-0.058806
36.169998,-3.251948,-1.766554,287.769867,293.634186,-0.065805
37.07,-3.417422,-1.766561,287.769867,293.634186,-0.065805
37.07,-3.417422,-1.766561,288.921814,299.498505,-0.070886
38.970001,-3.572922,-2.274218,288.921814,299.498505,-0.070886
38.970001,-3.572922,-2.274218,288.921814,304.94397,-0.075392
34.400002,-4.002376,-2.572841,300.231567,327.353973,-0.089294
36.580002,-4.746335,-2.875144,313.007355,330.181396,-0.094567
36.580002,-4.718991,-2.980355,316.881989,335.417419,-0.096293
32.810001,-4.718991,-2.980355,316.881989,335.417419,-0.096293
32.810001,-4.718991,-3.041537,322.013245,344.423279,-0.098594
25.799999,-4.497807,-3.041537,322.013245,344.423279,-0.098594
25.799999,-4.497807,-2.854037,329.238922,355.628296,-0.102812
28.23,-3.283505,-2.681163,239.179901,270.177002,-0.084404
28.23,-3.283505,-2.681163,239.179901,269.025055,-0.082774
27.51,-2.941684,-2.636331,195.721237,225.252182,-0.075776
26.26,-2.42029,-2.214884,185.249252,206.193207,-0.073762
26.26,-2.42029,-2.15942,180.01326,208.392319,-0.075009
29.43,-1.149135,-0.487909,145.560455,174.777267,-0.074625
29.43,-1.149135,-0.487909,145.560455,173.777267,-0.073571
28.709999,-0.976174,-0.321221,141.162216,166.294983,-0.0752
25.040001,-0.065499,0.345178,123.883484,155.927719,-0.073187
25.040001,-0.065499,0.345178,126.500671,152.053085,-0.07683
24.83,0.519198,1.240205,108.699112,137.601746,-0.089486
24.83,0.519198,1.423812,108.280212,131.842194,-0.092074
27.99,1.343439,2.584758,64.716805,97.494095,-0.148448
28.16,0.979197,3.24095,43.66814,100.321526,-0.210191
28.16,0.979197,3.24095,43.66814,100.321526,-0.218003
25.879999,0.93561,3.279095,32.882004,97.075218,-0.250937
25.879999,0.93561,3.279095,24.190264,93.51474,-0.260812
25.540001,0.616375,3.028856,21.991148,92.467552,-0.265702
25.540001,0.616375,3.028856,21.991148,87.336693,-0.269728
23.07,3.879697,1.461093,-30.578169,55.606197,-0.2332
23.07,3.879697,1.824832,-25.55162,53.825954,-0.227927
21.309999,3.254981,0.720847,-53.825954,35.499996,-0.178744
21.309999,3.254981,0.720847,-53.825954,45.343746,-0.174334
32.169998,-2.662221,-4.096076,87.964592,145.874649,-0.07846
32.169998,-2.662221,-4.096076,87.964592,145.667618,-0.078844
30.43,-4.197394,-1.325421,48.066372,98.331848,-0.207314
30.43,-4.197394,-1.184796,47.438049,101.578171,-0.220353
22.349609,-4.760055,-0.575326,43.877579,107.128311,-0.286506
22.35,-4.760055,-0.575326,43.877579,107.128311,-0.286506
22.35,-4.683639,-0.532065,31.206488,109.117989,-0.295902
20.43,-4.031114,-0.004735,4.921828,113.202057,-0.393022
20.43,-4.031114,-0.004735,5.340708,115.610603,-0.402801
31.0,-3.155663,0.227556,-52.359879,127.025055,-0.568375
31.1,-3.155663,0.227556,-52.359879,127.025055,-0.568375
31.1,-3.108788,0.217243,-54.035393,129.643066,-0.574511
20.58,-1.653657,-0.122033,-87.859879,139.800873,-0.635295
20.58,-1.653657,-0.122033,-89.325943,133.831848,-0.636637
24.059999,5.448659,-0.709475,-98.75074,107.75663,-0.36426
24.059999,5.448659,-0.709475,-92.886429,100.949852,-0.352659
30.379999,5.379421,-0.771885,-83.671089,100.53096,-0.334156
30.379999,5.379421,-0.771885,-83.671089,101.53096,-0.323801
27.200001,4.907779,-1.110005,-44.610615,117.600296,-0.273372
27.200001,5.314029,-1.191976,-36.128319,122.207954,-0.258319
20.0,4.31607,0.866776,84.613564,189.333313,-0.122658
20.07,4.31607,0.866776,84.613564,189.333313,-0.122658
20.07,4.540679,0.620677,96.446907,193.626846,-0.116234
53.799999,4.407162,0.688222,107.442474,194.778763,-0.107222
53.799999,4.407162,0.688222,118.438042,196.977859,-0.100799
39.07,4.500295,0.583702,118.438042,196.977859,-0.100799
39.07,4.500295,0.583702,118.438042,195.825943,-0.095909
58.990002,4.441436,0.302328,123.674026,195.825943,-0.095909
58.990002,4.441436,0.302328,123.674026,200.825943,-0.087664
26.299999,4.141159,0.346959,126.29203,200.224182,-0.087664
26.299999,4.141159,0.346959,126.29203,200.224182,-0.081528
31.67,4.107244,0.304383,130.899704,204.831863,-0.081528
41.91,3.479005,-0.144349,149.749252,220.435089,-0.071557
41.91,3.339078,-0.190397,158.440994,221.901169,-0.067914
56.970001,3.339078,-0.190397,158.440994,221.901169,-0.067914
56.970001,3.010953,-0.106649,165.98082,225.252182,-0.064463
35.279999,3.002966,-0.106649,165.98082,225.252182,-0.064463
35.279999,3.002966,-0.440269,181.269882,231.116501,-0.058422
48.16,2.678746,-0.439586,181.269882,231.116501,-0.058422
48.16,2.678746,-0.439586,188.285507,235.305283,-0.056601
40.139999,2.174192,-0.567749,197.292007,239.912949,-0.051711
40.139999,2.174192,-0.567749,197.292007,239.912949,-0.047972
28.24,1.73046,-0.785915,190.485229,248.499985,-0.047972
28.24,1.73046,-0.785915,190.485229,248.499985,-0.046996
64.919998,1.530748,-0.880447,201.690247,247.138626,-0.046918
57.59,1.062372,-0.876775,213.104736,260.961639,-0.044041
63.799961,0.889536,-1.219921,217.607651,258.553101,-0.041549
63.799999,0.889536,-1.219921,217.607651,258.553101,-0.041549
63.799999,0.389938,-1.362852,230.174042,262.218262,-0.040782
53.880001,0.389938,-1.362852,230.174042,262.218262,-0.040782
53.880001,0.097484,-1.765509,234.781693,266.407074,-0.038577
50.560001,0.099565,-1.765509,234.781693,266.407074,-0.038577
50.560001,0.099565,-1.960821,238.446884,271.643066,-0.035317
31.860001,-0.214431,-1.95339,238.446884,271.643066,-0.035317
31.860001,-0.214431,-1.95339,247.446884,280.648956,-0.034262
52.669998,-0.954374,-1.985199,247.871674,280.648956,-0.034262
52.669998,-0.954374,-1.985199,247.871674,284.625519,-0.032632
41.650002,-0.646533,-2.461452,254.259583,284.628265,-0.032632
41.650002,-0.646533,-2.461452,254.259583,284.628265,-0.031003
69.220001,-1.332723,-2.671975,267.663696,288.293488,-0.031003
53.650002,-1.394292,-3.103186,272.690247,292.691711,-0.030044
45.43,-1.81098,-3.779674,285.151917,309.342163,-0.025634
45.34,-1.81098,-3.779674,285.151917,309.342163,-0.025634
45.34,-2.333875,-4.052654,296.985229,315.730042,-0.024387
27.43,-2.479042,-4.041196,297.613525,323.584045,-0.024387
27.43,-2.479042,-4.041196,306.200562,329.343597,-0.022566
35.560001,-2.822818,-3.807534,306.200562,329.343597,-0.022566
35.560001,-2.822818,-3.807534,306.200562,337.407043,-0.021895
22.41,-2.42452,-3.987235,315.415894,337.407043,-0.021895
22.41,-2.42452,-3.987235,315.415894,343.407043,-0.022662
45.139999,-2.738482,-4.028327,335.103241,343.376099,-0.022662
45.139999,-2.738482,-4.028327,335.103241,343.376099,-0.021319
30.43,-2.782621,-3.904787,336.674072,356.466064,-0.021319
55.029999,-2.844492,-3.856439,348.716797,359.817078,-0.021128
33.889999,-3.060924,-3.440238,346.308228,363.272827,-0.021607
27.49,-2.546512,-3.61211,348.507355,371.859863,-0.021799
27.49,-2.765262,-3.3159,358.769897,372.278687,-0.019977
22.01,-2.60434,-3.353171,362.120911,379.294983,-0.021032
22.01,-2.60434,-3.353171,366.620911,385.682892,-0.021511
34.540001,-2.677767,-2.971265,372.802338,384.949829,-0.020744
34.540001,-2.677767,-2.971265,372.802338,384.949829,-0.021415
38.880001,-2.667797,-3.261809,382.855438,386.730072,-0.021415
38.880001,-2.667797,-3.261809,382.855438,386.730072,-0.020561
23.370001,-2.529713,-3.036289,378.247772,391.337738,-0.020552
21.610001,-2.34223,-2.731189,381.389404,397.516205,-0.019785
28.41,-2.656211,-3.164948,385.787628,400.971954,-0.020456
28.41,-2.656211,-2.890481,389.662201,404.741882,-0.020744
29.200001,-2.661726,-2.890481,389.662201,404.741882,-0.020744
29.200001,-2.661726,-2.952981,392.07074,405.160736,-0.019977
34.450001,-2.729653,-2.94218,392.07074,405.160736,-0.019977
34.450001,-2.729653,-2.94218,394.07074,403.799408,-0.020169
26.040001,-3.261381,-2.962511,394.898193,403.799408,-0.020169
26.040001,-3.261381,-2.962511,394.898193,406.627533,-0.019881
26.450001,-3.039567,-3.029498,397.306763,406.626801,-0.019881
26.450001,-3.039567,-3.029498,397.306763,406.626801,-0.018635
20.02,-3.014016,-2.760639,405.265503,406.836304,-0.018635
20.469999,-3.096058,-2.501209,305.781677,311.750732,-0.014416
20.469999,-3.096058,-2.501209,299.812927,305.886414,-0.015471
32.0,-1.162609,-1.469698,207.554565,191.218292,0.026905
32.290001,-1.162609,-1.469698,207.554565,191.218292,0.026905
32.290001,-1.061047,-1.101939,202.946869,189.542755,0.028919
26.42,-0.254382,-0.393592,182.107666,158.859863,0.055284
27.280001,0.948387,0.206193,162.001465,128.176987,0.093633
27.809999,3.798019,0.379184,129.119461,77.911499,0.227857
27.809999,3.798019,0.379184,32.279865,67.648972,0.240416
29.75,4.597386,-0.21132,115.71534,39.584068,0.314431
29.75,4.597386,-0.344516,120.32299,41.573746,0.324497
28.459999,4.838044,-0.662805,117.286125,17.069319,0.377132
29.869629,4.997769,-0.951456,115.087021,12.042772,0.399279
29.870001,4.997769,-0.951456,115.087021,12.042772,0.399279
29.870001,5.210172,-1.162271,118.438042,5.235988,0.413564
29.870001,5.527396,-1.26126,119.275803,-0.523599,0.457379
29.870001,5.527396,-1.26126,119.275803,-0.523599,0.46764
27.040001,4.058681,-0.114248,115.924767,-116.448372,0.693228
29.15,3.543799,0.666003,100.845123,-161.373154,0.733399
29.15,3.543799,0.666003,98.645905,-156.765488,0.734166
154.449997,1.043061,4.607359,127.339241,-158.022125,0.531489
154.449997,1.043061,4.607359,119.065804,-155.194687,0.512602
182.070007,1.157515,3.847038,119.066368,-155.194687,0.512602
182.070007,1.157515,3.847038,119.066368,-160.640106,0.49707
31.309999,0.304672,3.763682,133.727142,-130.271378,0.405223
31.309999,0.304672,2.604862,121.893784,-134.146011,0.387582
51.279999,-0.777118,2.741504,130.690247,93.72419,-0.111632
51.279999,-0.777118,2.741504,143.151917,118.542763,-0.11077
38.73,-0.0616,2.267175,147.131256,134.460175,-0.110961
38.73,-0.0616,2.267175,147.131256,154.460175,-0.110194
43.43,0.385939,1.879337,157.603241,154.04277,-0.110194
43.43,0.385939,1.879337,157.603241,154.04277,-0.10962
60.52,-0.096582,1.487607,156.765488,175.929184,-0.109619
94.629997,-0.966307,-0.802185,197.920334,229.650406,-0.115276
94.629997,-0.966307,-0.802185,197.920334,229.650406,-0.11674
25.370001,-1.785265,-1.879771,206.716812,258.762543,-0.124575
43.099998,-2.223334,-2.068989,213.942474,261.589966,-0.131191
43.099998,-2.223334,-2.209614,222.005875,266.407074,-0.134163
118.32,-2.473287,-2.337478,228.184341,274.99408,-0.138094
118.32,-2.473287,-2.337478,228.184341,283.267517,-0.142791
178.970001,-2.953417,-2.60876,231.221207,283.266937,-0.142791
178.970001,-2.953417,-2.60876,231.221207,283.266937,-0.147681
47.360001,-3.40208,-1.899055,270.072235,331.333313,-0.179224
47.360001,-3.40208,-1.899055,270.072235,338.977844,-0.185359
50.720001,-3.394803,-2.078401,282.952789,343.585541,-0.191304
50.720001,-3.394803,-2.078401,282.952789,343.585541,-0.195233
24.629999,-3.525904,-1.77222,287.560455,346.622406,-0.195234
32.0,-2.747973,-1.921602,290.597321,365.681396,-0.208848
61.720001,-2.747973,-1.921602,290.597321,365.681396,-0.208848
61.720001,-3.232348,-1.319991,301.383453,363.901184,-0.211341
41.709999,-2.786927,-1.435566,289.968994,372.488159,-0.214122
41.709999,-2.786927,-1.435566,297.822998,370.707947,-0.215943
59.849998,-1.957524,-2.739671,315.415894,393.536835,-0.168965
37.5,-2.049178,-3.418051,341.072235,403.799408,-0.126589
37.529999,-2.049178,-3.418051,341.072235,403.799408,-0.126589
37.529999,-1.548027,-3.279206,342.538361,406.626801,-0.125726
52.040001,-4.081647,-4.961877,458.463104,504.016174,-0.092266
52.040001,-4.081647,-4.325952,471.238892,510.508881,-0.089677
44.529999,-3.874347,-4.325952,471.238892,510.508881,-0.089677
44.529999,-3.874347,-4.325952,483.700531,511.660736,-0.088719
54.610001,-3.621593,-3.929651,483.700531,511.660736,-0.088719
54.610001,-3.621593,-3.929651,483.700531,516.896729,-0.086226
45.299999,-3.108999,-3.94439,482.129761,516.896729,-0.086226
45.299999,-3.108999,-3.94439,482.129761,516.896729,-0.0845
24.51,-2.74882,-3.564646,480.873138,519.724182,-0.0845
24.51,-2.74882,-3.564646,480.873138,519.724182,-0.08335
27.530001,-0.744903,1.158267,193.103241,227.660751,-0.135122
27.530001,-0.744903,1.158267,193.103241,226.508835,-0.140682
22.92,-0.625216,1.312545,182.631271,223.262558,-0.150461
23.440001,-0.089902,2.395297,160.430664,208.078171,-0.194947
23.440001,-0.089902,2.395297,151.00589,207.449844,-0.207219
22.625,0.577412,3.395278,116.448372,196.977859,-0.271742
22.709999,0.577412,3.395278,116.448372,196.977859,-0.271742
22.709999,0.760991,3.307431,108.489677,188.390839,-0.280946
22.370001,0.732635,3.882321,32.253685,174.148956,-0.408074
21.120001,0.701402,3.043043,0.0,157.917389,-0.498579
21.120001,0.701402,3.043043,-0.418879,154.880524,-0.503756
28.85,1.640566,2.995948,-42.725662,148.702057,-0.555912
28.85,1.640566,2.995948,-42.725662,148.702057,-0.559747
32.720001,1.974639,2.377569,-83.042778,142.837753,-0.60567
32.720001,1.974639,2.377569,-83.042778,141.999985,-0.60893
21.620001,2.50711,2.579465,-102.311211,126.606186,-0.625037
21.620001,2.50711,2.579465,-102.311211,126.606186,-0.627146
25.639999,2.655075,2.309586,-111.317108,123.988197,-0.627146
24.23,2.520265,2.31302,-115.191734,121.789085,-0.628776
24.41,2.49413,2.097486,-112.364311,125.768425,-0.63031
23.530117,2.195809,2.094549,-115.401192,122.626823,-0.631844
23.530001,2.195809,2.094549,-115.401192,122.626823,-0.631844
23.530001,2.281882,2.180317,-120.008835,127.025055,-0.63309
21.950001,2.281882,2.180317,-120.008835,127.025055,-0.63309
21.950001,2.281882,2.215025,-124.616508,126.606186,-0.634145
24.07,2.365881,2.215025,-124.616508,126.606186,-0.634145
24.07,2.365881,2.215025,-120.951324,124.825951,-0.635103
21.959999,2.100665,2.089464,-120.951324,124.825951,-0.635103
21.959999,2.100665,2.089464,-121.951324,123.778748,-0.635966
22.139999,2.39044,2.181245,-121.99852,123.778748,-0.635966
22.139999,2.39044,2.181245,-121.99852,125.768982,-0.636446
21.610001,2.618838,2.437816,-120.218285,125.768425,-0.636446
21.610001,2.618838,2.437816,-120.218285,125.768425,-0.637308
20.92,2.102026,1.917539,-121.789085,121.579651,-0.638075
24.440001,3.953672,3.219472,-178.128296,87.859879,-0.654757
24.440001,3.953672,3.031661,-187.553085,77.073738,-0.653703
21.98,4.202737,2.639353,-201.166672,69.638634,-0.652361
21.98,4.202737,2.639353,-205.252609,58.014748,-0.650827
31.02,5.119435,-0.19434,-85.241882,115.191734,-0.351605
31.02,5.119435,-0.19434,-85.241882,119.379234,-0.335977
28.959999,5.879877,-0.553479,-69.848083,116.553093,-0.30827
32.599998,4.412004,0.286884,105.452797,185.144547,-0.098977
32.599998,4.412004,0.286884,105.452797,185.144547,-0.093225
42.330002,3.781827,-0.039604,123.25515,194.98819,-0.083541
40.770432,3.77164,-0.149646,128.910034,199.595856,-0.079994
40.77,3.77164,-0.149646,128.910034,199.595856,-0.079994
40.77,3.550022,-0.261748,136.135681,202.842178,-0.073571
52.549999,3.550047,-0.261748,136.135681,202.842178,-0.073571
52.549999,3.550047,-0.349526,138.96312,211.429169,-0.071557
36.580002,3.108366,-0.349526,138.96312,211.429169,-0.071557
36.580002,3.108366,-0.349526,148.178452,215.408554,-0.066668
21.75,2.819848,-0.374458,148.178452,215.408554,-0.066668
21.75,2.819848,-0.374458,158.178452,218.864304,-0.062545
32.32,2.644129,-0.609945,162.839218,219.283188,-0.059189
32.32,2.644129,-0.609945,162.839218,219.283188,-0.057176
26.790001,2.296256,-0.813602,167.02803,222.634216,-0.057176
29.33,1.806892,-1.165931,178.442459,230.697617,-0.048931
42.259998,1.179905,-1.515556,188.495575,236.143036,-0.041453
42.259998,1.179905,-1.75463,199.491119,242.530975,-0.037426
34.119999,1.195881,-1.754632,199.491119,242.530975,-0.037426
34.119999,1.195881,-1.754632,206.926239,246.929184,-0.034358
45.82,0.750422,-1.91189,206.926239,246.929184,-0.034358
45.82,0.750422,-1.91189,206.926239,250.908554,-0.030236
42.580002,0.64712,-1.813303,213.314163,250.908554,-0.030236
42.580002,0.64712,-1.813303,213.314163,257.817108,-0.023141
51.759998,0.272019,-2.313523,215.199112,256.144501,-0.023141
51.759998,0.272019,-2.313523,215.199112,256.144501,-0.018624
37.759998,0.329178,-2.407818,221.796448,259.809692,-0.018635
46.049999,-0.059332,-2.598931,227.974915,265.98819,-0.012499
64.919998,-0.344329,-3.089769,236.247787,268.606171,-0.006651
64.919998,-0.38162,-3.328461,239.598801,270.805298,0.000732
51.130001,-0.38162,-3.328461,239.598801,270.805298,0.000732
51.130001,-0.38162,-3.479329,247.033905,273.842163,0.008114
56.240002,-0.462211,-3.479329,247.033905,273.842163,0.008114
56.240002,-0.462211,-3.682454,252.898224,278.868713,0.014729
54.740002,-0.682288,-3.67199,252.898224,278.868713,0.014729
54.740002,-0.682288,-3.67199,265.67926,282.219757,0.022687
35.470001,-1.388099,-3.939485,265.674011,282.219757,0.022687
35.470001,-1.388099,-3.939485,265.674011,293.110626,0.031891
22.17,-1.105827,-4.283939,263.893799,293.110626,0.031891
22.17,-1.105827,-4.283939,263.893799,293.110626,0.037931
54.639999,-1.172523,-4.168332,277.297913,297.927704,0.037931
51.939999,-1.686944,-4.355236,283.162231,299.289063,0.046751
67.18,-1.589442,-4.323961,290.178467,303.477875,0.057585
54.880039,-1.300279,-4.330879,301.802368,307.666626,0.064871
54.880001,-1.300279,-4.330879,301.802368,307.666626,0.064871
54.880001,-1.450484,-4.448643,310.389374,311.750732,0.073979
31.700001,-1.450484,-4.448643,310.389374,311.750732,0.073979
31.700001,-1.450484,-4.731336,314.997009,317.510284,0.085484
56.830002,-1.44353,-4.731336,314.997009,317.510284,0.085484
56.830002,-1.44353,-4.731336,318.662231,324.00293,0.092675
39.599998,-1.41153,-4.692655,318.662231,324.00293,0.092675
39.599998,-1.41153,-4.692655,328.662231,323.584045,0.101974
47.73,-1.20731,-4.418268,328.50589,323.584045,0.101974
47.73,-1.20731,-4.418268,328.50589,318.34967,0.113479
46.950001,-1.323722,-4.831801,334.893768,318.348053,0.113479
46.950001,-1.323722,-4.831801,334.893768,318.348053,0.122108
55.650002,-1.194916,-4.431715,341.49115,321.384949,0.122108
28.74,-0.914492,-4.453573,339.082611,328.401154,0.132942
37.299999,-0.887424,-4.187477,345.889343,319.709442,0.144255
26.275,-0.743644,-4.168368,348.08847,325.5737,0.152692
26.35,-0.743644,-4.168368,348.08847,325.5737,0.152692
26.35,-1.2451,-4.005869,355.942444,316.777283,0.161608
36.110001,-1.245176,-4.005869,355.942444,316.777283,0.161608
36.110001,-1.245176,-4.531748,351.125336,321.908539,0.173113
40.869999,-0.470448,-4.531818,351.125336,321.908539,0.173113
40.869999,-0.470448,-4.531818,352.905579,317.0914,0.182413
25.15,-0.613663,-4.211977,352.905579,317.0914,0.182413
25.15,-0.613663,-4.211977,352.905579,317.0914,0.190754
34.009998,-0.240917,-4.373487,355.52356,317.0914,0.190754
34.009998,-0.240917,-4.373487,355.52356,317.0914,0.199478
31.280001,-0.895091,-3.880148,362.120911,318.138611,0.199478
31.280001,-0.895091,-3.880148,362.120911,318.138611,0.207291
40.57,-0.898328,-3.86342,363.586975,316.567841,0.207436
30.25,-0.825796,-4.213937,360.969025,320.128265,0.214434
36.59,-0.704022,-3.938264,361.387878,310.912933,0.220187
36.59,-1.049623,-3.637904,367.147491,311.960144,0.224693
32.869999,-1.049623,-3.637904,367.147491,311.960144,0.224693
32.869999,-1.049623,-3.976245,368.613495,304.525024,0.229966
39.689999,-0.98749,-3.976245,368.613495,304.525024,0.229966
39.689999,-0.98749,-3.882495,371.440979,303.05899,0.23265
30.620001,-1.5448,-3.880656,371.440979,303.05899,0.23265
30.620001,-1.5448,-3.880656,373.636292,305.676971,0.233321
30.620001,-1.326501,-3.754296,373.640076,305.676971,0.233321
30.620001,-1.326501,-3.754296,373.640076,300.859833,0.234855
36.040001,-1.466726,-3.622489,376.362823,300.859833,0.234855
36.040001,-1.466726,-3.622489,376.362823,300.859833,0.235622
29.950001,-1.699906,-3.567157,382.436584,307.352509,0.235622
32.720001,-2.119099,-3.315946,380.865784,307.143066,0.234855
22.25,-1.913907,-3.527883,380.656342,308.923279,0.23313
22.769531,-2.202128,-3.46378,383.58847,308.713898,0.230062
22.77,-2.202128,-3.46378,383.58847,308.713898,0.230062
22.77,-2.930886,-3.369021,390.081085,304.315643,0.228815
23.82,-2.930886,-3.369021,390.081085,304.315643,0.228815
23.82,-2.930886,-3.687534,389.662201,304.734497,0.227377
31.73,-2.766793,-3.687534,389.662201,304.734497,0.227377
31.73,-2.766793,-3.687534,391.651886,308.294952,0.224693
28.379999,-3.253566,-3.482724,406.103241,313.321503,0.216639
28.379999,-3.253566,-3.482724,406.103241,314.680878,0.20408
23.49,-3.390124,-3.449063,405.893738,314.682861,0.20408
23.49,-3.390124,-3.449063,405.893738,314.682861,0.190751
24.125,-3.894339,-1.373388,247.033905,185.9823,0.088456
24.139999,-3.894339,-1.373388,247.033905,185.9823,0.088456
24.139999,-3.565054,-1.203598,243.99704,184.725647,0.08673
20.1,-3.565021,-1.203598,243.99704,184.725647,0.08673
20.1,-3.565021,-1.151474,238.656342,187.971954,0.08558
24.290001,-2.428444,-0.668319,210.905594,161.687317,0.071966
26.610001,0.882591,1.253177,168.179932,128.595871,0.065638
26.610001,0.882591,1.253177,168.179932,128.595871,0.06515
28.639999,3.271439,2.752565,112.678452,84.299408,0.063145
28.639999,3.271439,2.752565,110.060463,78.435097,0.061803
28.66,3.492032,3.106294,101.054565,74.45575,0.061132
28.66,3.492032,3.106294,101.054565,69.428406,0.061228
25.48,2.854425,0.855339,94.98082,79.901184,0.080211
25.48,2.854425,0.855339,94.98082,79.901184,0.080978
32.139999,2.705111,0.145545,115.50589,102.311211,0.096222
32.139999,2.705111,0.145545,121.892609,106.185844,0.10207
22.690001,-2.108991,-5.156165,235.619446,166.085556,0.252976
22.690001,-2.108991,-5.156165,235.619446,166.085556,0.259591
31.280001,-2.29378,-4.995469,239.598801,166.294983,0.266302
27.27,-1.628695,-3.930223,236.457214,131.00441,0.318745
29.540001,-1.443539,-3.730511,205.774323,90.268433,0.356328
29.540001,-1.443539,-3.730511,205.774323,90.268433,0.362271
28.290001,-1.276199,-2.897622,185.249252,27.960175,0.444148
28.290001,-1.276199,-2.897622,181.249252,24.504421,0.450188
29.5,-0.706921,-2.311911,170.797913,3.874631,0.484415
29.5,-0.706921,-2.162786,172.263992,1.047198,0.491414
26.870001,-0.466821,-2.265829,170.797913,-7.749262,0.512698
27.18,-0.157498,-2.153547,166.190231,-15.184364,0.524682
28.76,1.524983,-1.295664,151.00589,-47.438049,0.585754
28.76,1.524983,-1.295664,152.369171,-55.710911,0.589397
28.219999,1.589756,-1.055403,144.722717,-57.281708,0.59793
23.68,2.378896,-0.103753,139.591431,-87.964592,0.635896
23.68,2.488271,-0.076734,136.345123,-80.005898,0.638484
31.02,2.275148,0.036572,131.946899,-88.174042,0.640306
31.02,2.275148,0.036572,131.318573,-94.038338,0.64299
21.42,2.925329,0.589407,129.957214,-93.619469,0.653057
32.41,4.046293,2.411832,69.743355,-167.865784,0.646442
25.620001,3.088986,2.442907,52.674038,-177.290543,0.619981
25.620001,3.088986,2.442907,43.249264,-177.604721,0.616529
36.400002,1.496732,0.004325,86.184364,-131.318573,0.48336
32.139999,0.915833,3.975385,92.781715,-112.678452,0.466966
39.669998,0.897985,2.166023,174.253677,57.595867,0.22709
28.149902,0.055959,1.279561,191.53244,86.289085,0.226802
28.15,0.055959,1.279561,191.53244,86.289085,0.226802
28.15,-0.233953,0.413177,197.50148,93.305305,0.226706
37.880001,-2.470391,-2.253676,235.410019,128.595871,0.229487
37.880001,-2.470391,-2.253676,235.410019,128.595871,0.232843
47.5,-3.052218,-3.215154,245.46312,148.702057,0.232842
56.060001,-3.815774,-4.12433,276.355469,184.202072,0.24358
26.9,-4.252028,-4.938622,305.048676,214.256622,0.263713
26.9,-4.252028,-4.665551,324.107697,228.707962,0.26659
27.27,-1.856197,-2.59492,325.05014,205.460159,0.315965
27.27,-1.856197,-2.59492,325.05014,198.443924,0.320279
23.59,-1.282253,-2.958702,303.582581,189.01918,0.326223
28.870001,-1.409625,-3.184023,273.1091,144.408569,0.361121
28.870001,-1.409625,-3.184023,263.684387,134.460175,0.367161
23.875,-1.772269,-3.865436,242.635681,101.892334,0.406278
23.940001,-1.772269,-3.865436,242.635681,101.892334,0.406278
23.940001,-1.612753,-3.892223,242.635681,96.55162,0.416057
25.67,-1.306968,-3.363558,214.361343,40.526546,0.49918
25.68,-0.119578,-1.967707,199.700592,-0.523599,0.550951
25.68,-0.119578,-1.883516,182.631271,-1.780236,0.553348
27.43,3.25989,1.225653,133.936584,-60.109142,0.490359
29.25,0.964527,4.059096,90.163712,-82.414444,0.372147
29.360001,0.964527,4.059096,90.163712,-82.414444,0.372147
29.360001,0.965916,3.921902,90.163712,-76.969032,0.360067
20.73,-0.197118,3.118283,143.57077,11.309734,0.218653
20.73,-0.197118,3.118283,143.359833,10.681416,0.200341
37.200001,-1.044263,2.572408,181.060455,153.100281,-0.049219
37.200001,-1.044263,2.572408,181.060455,161.100281,-0.061107
33.27,-1.146841,2.249485,176.452789,161.896744,-0.061107
33.27,-1.146841,2.249485,176.452789,161.896744,-0.071749
31.51,-1.082113,2.265624,176.033936,161.896744,-0.071749
22.08,-1.327756,2.039508,188.076675,169.960159,-0.087089
22.940001,-1.884283,1.299282,185.668137,190.171082,-0.107222
22.940001,-1.899908,1.14147,186.296463,194.98819,-0.118535
20.360001,-1.904999,1.14147,186.296463,194.98819,-0.118535
20.360001,-1.904999,0.97404,183.887894,205.460159,-0.128698
33.990002,-3.145209,0.008971,194.674026,224.100296,-0.164459
43.18,-3.254664,-0.163272,196.663696,227.451294,-0.1728
29.250156,-3.228031,-0.170196,197.50148,234.467545,-0.18047
29.25,-3.228031,-0.170196,197.50148,234.467545,-0.18047
29.25,-3.454462,-0.579626,199.491119,242.321503,-0.18766
29.950001,-3.454462,-0.579626,199.491119,242.321503,-0.18766
29.950001,-3.454462,-0.723596,199.281677,244.101761,-0.194947
20.549999,-3.746298,-0.723596,199.281677,244.101761,-0.194947
20.549999,-3.746298,-0.950158,197.50148,251.327423,-0.20137
41.889999,-3.746775,-0.963598,203.679932,257.924774,-0.208848
41.889999,-3.746775,-0.963598,203.679932,258.971649,-0.215368
35.779999,-3.950562,-0.949252,202.318573,258.971954,-0.215368
35.779999,-3.950562,-0.949252,202.318573,258.971954,-0.220449
30.190001,-4.223782,-1.332579,202.318573,271.643066,-0.226297
30.74,-4.457825,-2.033989,207.764008,277.402649,-0.250745
30.74,-4.457825,-2.033989,215.932129,278.868713,-0.255156
39.470001,-4.262709,-2.226861,215.932129,278.868713,-0.255156
39.470001,-4.262709,-2.226861,210.932129,281.800873,-0.259949
32.830002,-3.943145,-2.43712,210.381973,281.800873,-0.259949
32.830002,-3.943145,-2.43712,210.381973,285.800873,-0.264743
20.23,-4.077716,-2.085807,215.722687,285.04718,-0.264743
20.23,-4.077716,-2.085807,215.722687,285.04718,-0.269153
30.52,-4.096199,-2.241262,214.570786,292.691711,-0.269153
25.83,-3.877045,-2.280887,217.188766,296.461639,-0.272317
35.080002,-3.548494,-2.391159,211.952774,302.325958,-0.27644
21.469999,-3.097276,-1.858214,211.952774,314.159271,-0.287465
21.469999,-3.097276,-1.858214,211.952774,317.0914,-0.289382
20.59,-2.924927,-1.391615,220.749237,317.0914,-0.289382
20.59,-2.924927,-1.391615,220.749237,317.0914,-0.291683
34.400002,-3.199854,-1.523389,221.587006,323.165131,-0.291683
34.400002,-3.199854,-1.523389,221.587006,323.165131,-0.293637
21.129921,-3.118257,-1.970905,213.733047,333.00885,-0.294751
21.129999,-3.118257,-1.970905,213.733047,333.00885,-0.294751
21.129999,-3.594689,-1.881907,227.974915,333.218262,-0.295135
39.25,-3.336864,-2.161937,229.755142,337.407043,-0.295518
39.25,-3.336864,-2.646312,231.430679,340.025024,-0.29571
29.98,-3.709692,-2.64578,231.430679,340.025024,-0.29571
29.98,-3.709692,-2.64578,240.852554,350.601746,-0.29571
35.709999,-3.535343,-2.90745,240.855453,350.601746,-0.29571
35.709999,-3.535343,-2.90745,240.855453,356.047058,-0.295902
21.174999,-3.956854,-3.373682,280.334808,389.766937,-0.296765
21.24,-3.956854,-3.373682,280.334808,389.766937,-0.296765
21.24,-3.856146,-3.277943,278.554535,399.610565,-0.297052
23.57,-3.797038,-2.871451,295.414459,408.407104,-0.299833
23.57,-3.797038,-2.871451,295.414459,409.349548,-0.302134
24.35,-3.421906,-2.945383,294.367249,409.349548,-0.302134
24.35,-3.421906,-2.945383,294.367249,409.349548,-0.304435
30.67,-3.292382,-0.991954,220.330368,340.234497,-0.351892
30.67,-3.292382,-0.991954,220.330368,340.234497,-0.359705
24.120001,-4.320623,-1.546514,164.410019,300.336243,-0.406157
24.120001,-4.320623,-1.546514,164.410019,296.880524,-0.414114
29.26,-3.790435,-0.455215,87.755157,260.019165,-0.521972
29.26,-3.790435,-0.326751,78.01622,256.353973,-0.52715
28.68,-1.555469,1.005165,28.797934,229.126831,-0.586783
28.68,-1.555469,1.005165,28.797934,229.126831,-0.591289
30.4,0.444463,2.982523,-26.703535,193.207947,-0.65006
30.4,0.444463,2.982523,-26.703535,186.207947,-0.654374
33.540001,1.650924,2.609859,-49.218285,180.95575,-0.665112
33.540001,1.650924,2.516109,-51.836281,179.908539,-0.667317
21.66,2.69886,2.856882,-88.697624,184.935104,-0.682753
21.66,2.69886,2.856882,-88.697624,184.935104,-0.683241
22.49,2.514243,1.778592,-139.800873,138.439514,-0.688985
22.49,2.514243,1.613837,-138.230072,137.811218,-0.688985
21.08,2.539583,1.687032,-138.230072,137.392319,-0.688985
21.08,2.539583,1.687032,-138.230072,139.067841,-0.689464
21.450001,2.023166,1.998203,-143.04718,132.994095,-0.689656
21.450001,2.577965,2.063341,-146.502945,127.234512,-0.68956
20.9,3.314206,2.512912,-159.907074,105.138649,-0.689943
22.489843,3.519871,2.407058,-164.305313,101.159286,-0.689943
22.49,3.519871,2.407058,-164.305313,101.159286,-0.689943
22.49,3.308059,2.328446,-168.912964,92.467552,-0.689943
20.67,4.041714,0.887886,-115.820061,165.666656,-0.587167
20.67,4.041714,0.887886,-115.820061,165.666656,-0.571635
36.150002,4.788651,-0.68527,-81.681412,158.126831,-0.518041
36.150002,4.788651,-0.516152,-68.486725,160.744812,-0.505961
21.02,4.645682,-0.944473,9.424778,225.252182,-0.354193
21.02,4.645682,-0.944473,9.424778,232.268417,-0.341346
22.360001,2.995572,-3.511171,112.469025,264.836243,-0.213834
65.709999,2.360564,-4.415241,135.50737,276.983765,-0.186893
42.855,1.642422,-4.778105,146.398224,281.800873,-0.173663
42.91,1.642422,-4.778105,146.398224,281.800873,-0.173663
42.91,1.428616,-5.207341,154.775803,281.5914,-0.155926
73.370003,1.428603,-5.207341,154.775803,281.5914,-0.155926
73.370003,1.428603,-5.441608,162.839218,285.466034,-0.14423
28.860001,0.717551,-5.441608,162.839218,285.466034,-0.14423
28.860001,0.717551,-5.441608,165.03833,293.634186,-0.129657
37.18,0.470496,-5.923112,165.03833,293.634186,-0.129657
37.18,0.470496,-5.923112,165.03833,305.886414,-0.112208
36.959999,-0.26823,-5.876388,310.389374,324.317078,0.067076
36.959999,-0.26823,-5.876388,310.389374,324.317078,0.085101
31.9,1.401388,-5.230518,350.287598,316.358368,0.085101
24.389999,2.093815,-5.908604,318.871674,320.966064,0.108877
25.77,2.263739,-5.706788,294.57666,309.551605,0.172346
34.509998,0.504518,-5.692138,294.57666,309.551605,0.172346
34.509998,0.504518,-5.692138,290.178223,297.299377,0.18922
35.32,1.262403,-5.464945,290.178467,297.299377,0.18922
35.32,1.262403,-5.464945,290.178467,299.291565,0.208586
29.25,1.50364,-5.874162,295.938019,299.289063,0.208586
29.25,1.50364,-5.874162,295.938019,299.289063,0.223351
37.490002,0.951664,-5.744833,295.938019,292.063416,0.223351
44.139999,0.356343,-5.940403,320.651886,288.293488,0.271671
44.150002,0.356343,-5.940403,320.651886,288.293488,0.271671
44.150002,0.375096,-5.993603,320.861328,288.084076,0.28471
38.41,0.375092,-5.993603,320.861328,288.084076,0.28471
32.43,-0.317452,-5.791246,349.554535,274.784637,0.339358
32.43,-0.317452,-5.791246,349.554535,274.784637,0.349139
34.919998,0.087797,-5.771838,358.141602,276.04129,0.349137
26.530001,-0.172536,-5.425155,364.00589,263.998535,0.358053
22.709999,-2.375618,-3.230659,311.227112,168.912964,0.389596
22.709999,-2.375618,-2.918159,308.399689,163.886429,0.384419
21.1,-3.966505,-2.253988,283.162231,127.234512,0.330729
26.02,-1.311613,0.397468,173.415924,75.29351,0.175126
26.02,-1.311613,0.397468,173.415924,77.910698,0.169374
29.540001,-0.794256,0.9331,155.613556,64.402649,0.157102
27.73,4.221589,4.138771,44.505894,-1.780236,0.118848
27.73,4.221589,4.005959,28.797934,-6.597345,0.114726
26.5,4.273848,3.813312,14.974925,-19.582594,0.114246
26.5,4.273848,3.813312,3.743731,-27.646017,0.113479
30.01,3.528279,2.754766,-12.461652,-40.631268,0.106289
25.809999,1.822576,0.68382,28.274338,1.884956,0.099769
41.59,2.483639,0.217393,110.479332,93.51474,0.094784
28.5,1.357439,0.951869,175.196152,158.650436,0.059694
28.5,1.357439,0.951869,175.196152,158.650436,0.050661
40.57,-2.466815,-0.876018,224.414429,214.884949,-0.015567
40.57,-2.466815,-0.876018,224.414429,223.47197,-0.029756
50.16,-3.449324,-1.248051,237.818558,232.05899,-0.045288
57.25,-5.166993,-1.706474,279.706451,288.293488,-0.118248
57.25,-5.166993,-1.706474,286.722687,297.089966,-0.137423
22.48,-3.787281,-0.596357,311.645996,388.92923,-0.286123
22.48,-3.787281,-0.522138,297.613525,382.750702,-0.285547
24.309999,-2.701763,-1.713214,218.131256,321.59436,-0.24854
24.309999,-2.701763,-1.713214,211.952774,307.666626,-0.245952
30.879999,-2.62442,-2.245403,206.297913,302.849548,-0.235693
30.879999,-2.62442,-2.245403,206.297913,293.638611,-0.230804
21.625,-2.666683,-2.982985,176.662247,266.825958,-0.212396
21.68,-2.666683,-2.982985,176.662247,266.825958,-0.212396
21.68,-2.76501,-3.10739,176.033936,265.569305,-0.207027
35.619999,-2.357819,-3.091122,166.818573,245.148941,-0.190441
35.619999,-2.357819,-3.091122,166.818573,245.148941,-0.187511
31.040001,-2.400253,-2.997276,152.157822,234.467545,-0.181237
25.700001,-0.071618,-2.090223,129.957214,178.966064,-0.065517
25.700001,-0.071618,-2.090223,123.25515,170.169617,-0.051903
20.59,0.916876,-1.841699,119.904121,160.116501,-0.022182
20.59,0.916876,-1.841699,119.904121,160.116501,-0.010294
22.52,3.199378,-0.657229,115.71534,89.5354,0.166977
27.059999,3.552839,-0.457882,118.123894,78.225662,0.196314
27.059999,3.552839,-0.426152,121.684364,69.848083,0.214722
28.99,4.306708,-0.702223,120.113564,55.396751,0.27263
28.450001,4.755466,-0.976099,123.674026,24.713865,0.36697
28.450001,4.755466,-0.976099,123.674026,24.713865,0.380488
34.18,5.065458,0.119697,119.275803,-90.163712,0.629184
34.18,5.065458,0.20344,117.705009,-85.765472,0.632732
28.4,5.196502,-0.018269,116.448372,-91.839226,0.641073
28.4,5.196502,-0.018269,116.448372,-99.339226,0.644908
32.619999,3.343731,-0.138883,95.609146,-146.607651,0.703391
32.619999,3.343731,-0.135117,96.237457,-144.722717,0.706842
29.82,3.380827,-0.135117,96.237457,-144.722717,0.706842
29.82,3.380827,-0.135117,99.588486,-144.722717,0.708472
20.219999,0.596455,2.181579,154.566376,-52.255154,0.464953
21.790001,0.604092,1.996759,158.022125,-47.123894,0.459104
21.790001,0.498718,1.69818,156.346588,-33.405598,0.451626
23.690001,0.498718,1.69818,156.346588,-33.405598,0.451626
23.690001,0.498718,1.605289,155.194687,-33.405598,0.441655
24.059999,0.430241,1.605289,155.194687,-33.405598,0.441655
24.059999,0.430241,1.566226,154.775803,-31.625362,0.431301
22.290001,0.359506,1.565062,154.775803,-31.625362,0.431301
22.290001,0.359506,1.565062,155.193771,-30.054571,0.414331
22.84,0.305082,1.642076,155.194687,-30.054571,0.414331
22.84,0.305082,1.642076,155.194687,-20.629791,0.410113
21.08,0.238007,1.20039,161.163696,-21.991148,0.409538
22.99,0.337402,0.702888,159.383453,-8.377581,0.411167
25.74,0.482706,0.259015,168.179932,-3.769911,0.410113
25.639999,0.482706,0.259015,168.179932,-3.769911,0.410113
25.639999,0.13567,-0.308816,159.174026,0.20944,0.410304
21.940001,0.135672,-0.308816,159.174026,0.20944,0.410304
21.940001,0.135672,-0.623914,161.163696,0.20944,0.410784
24.92,-0.100918,-0.623914,161.163696,0.20944,0.410784
24.92,-0.100918,-0.623914,162.629776,0.628319,0.411071
22.299999,-0.482811,-1.091498,162.629776,0.628319,0.411071
22.299999,-0.482811,-1.091498,161.629776,2.827434,0.411263
24.219999,-0.597517,-1.255241,161.792023,2.827434,0.411263
24.219999,-0.597517,-1.255241,161.792023,13.927654,0.412222
25.27,-1.044551,-1.405975,172.997055,13.927728,0.412222
25.27,-1.044551,-1.405975,172.997055,13.927728,0.412993
24.51,-1.286135,-1.784949,175.196152,20.525072,0.412989
28.219999,-1.707287,-2.486104,186.296463,23.876104,0.414906
28.01,-2.125056,-2.897791,192.684357,34.976398,0.419604
35.27,-2.578098,-3.336308,201.480804,33.510323,0.426603
35.360001,-2.578098,-3.336308,201.480804,33.510323,0.426603
35.360001,-2.484348,-3.717953,206.297913,43.982296,0.432451
29.950001,-2.48317,-3.717953,206.297913,43.982296,0.432451
29.950001,-2.48317,-3.817074,207.554565,47.333328,0.433794
25.209999,-2.520734,-3.817066,207.554565,47.333328,0.433794
25.209999,-2.520734,-3.817066,213.733047,48.171089,0.435807
31.530001,-2.618106,-3.737907,213.733047,48.171089,0.435807
31.530001,-2.618106,-3.737907,213.733047,56.967548,0.438683
26.290001,-2.738064,-4.010021,221.796448,56.967548,0.438683
26.290001,-2.738064,-4.010021,221.796448,56.967548,0.440217
22.639999,-2.946019,-3.873071,229.440994,56.653385,0.440217
22.639999,-2.946019,-3.873071,229.440994,56.653385,0.44217
27.01,1.365465,0.537591,23.771385,18.535397,0.045121
27.01,1.365465,0.537591,23.771385,38.327629,0.044929
30.620001,1.592154,0.38879,30.997049,38.327431,0.044929
30.620001,1.592154,0.38879,30.997049,38.327431,0.044067
50.549999,1.456799,0.182956,50.056046,53.825954,0.044067
45.27,1.488516,0.269839,81.367256,67.439529,0.045121
49.009998,1.699437,0.05598,90.79203,85.241882,0.044738
32.009998,1.857935,0.852363,110.060463,101.368729,0.043971
32.200001,1.857935,0.852363,110.060463,101.368729,0.043971
32.200001,2.205434,0.91704,125.873146,117.600296,0.044738
53.02,2.205401,0.91704,125.873146,117.600296,0.044738
53.02,2.205401,0.578981,133.5177,131.632736,0.044834
48.240002,2.578631,0.578991,133.5177,131.632736,0.044834
48.240002,2.578631,0.578991,157.603241,145.03688,0.044067
83.199997,1.989311,0.800382,157.603241,145.03688,0.044067
83.199997,1.989311,0.800382,157.603241,150.691727,0.04445
62.599998,2.220116,0.91372,155.613556,150.691727,0.04445
62.599998,2.220116,0.91372,155.613556,163.691727,0.044642
41.470001,2.447835,1.021676,167.237442,163.467545,0.044642
41.470001,2.447835,1.021676,167.237442,163.467545,0.043875
29.450001,2.176086,0.869769,174.672562,168.284653,0.043875
35.98,1.936118,0.659599,182.107666,177.709427,0.043683
56.259998,1.619117,0.462282,190.904114,181.374619,0.044354
58.009998,1.426021,-0.070097,202.946869,198.02507,0.044067
58.080002,1.426021,-0.070097,202.946869,198.02507,0.044067
58.080002,1.285396,-0.199805,215.932129,203.784668,0.043587
26.66,1.286523,-0.199805,215.932129,203.784668,0.043587
26.66,1.286523,-0.473905,225.56636,217.084061,0.043875
46.369999,0.850318,-0.473906,225.56636,217.084061,0.043875
46.369999,0.850318,-0.473906,232.374954,229.336288,0.044258
55.990002,0.845371,-0.648652,232.373154,229.336288,0.044258
55.990002,0.845371,-0.648652,232.373154,236.143036,0.043587
66.300003,0.0606,-0.954736,235.828903,236.143036,0.043587
66.300003,0.0606,-0.954736,235.828903,236.143036,0.043204
71.010002,0.201221,-0.99835,244.834808,242.321503,0.043204
71.010002,0.201221,-0.99835,244.834808,242.321503,0.04418
96.339996,-0.224545,-1.668383,255.830368,244.939529,0.043971
76.739998,-0.563263,-1.821573,264.731598,254.783173,0.042916
81.671638,-0.82736,-1.93079,274.679901,265.150452,0.0433
81.669998,-0.82736,-1.93079,274.679901,265.150452,0.0433
81.669998,-1.071453,-2.36412,283.162231,275.412933,0.044354
104.589996,-1.071453,-2.36412,283.162231,275.412933,0.044354
104.589996,-1.071453,-2.882775,289.340698,284.837769,0.043395
104.050003,-1.357416,-2.882775,289.340698,284.837769,0.043395
104.050003,-1.357416,-2.882775,301.383453,294.890869,0.044738
98.809998,-2.089843,-2.816093,301.383453,294.890869,0.044738
98.809998,-2.089843,-2.816093,301.383453,304.315643,0.044929
105.209999,-1.792804,-3.07101,301.592896,304.315643,0.044929
105.209999,-1.792804,-3.07101,301.592896,303.682831,0.045217
41.150002,-2.11681,-3.04429,309.656311,303.687317,0.045217
41.150002,-2.11681,-3.04429,309.656311,303.687317,0.046463
37.669998,-2.297171,-2.91512,319.604736,314.159271,0.046463
49.389999,-2.483395,-2.862944,328.296417,324.52652,0.046751
101.620003,-2.503816,-3.204175,337.092896,333.00885,0.047614
79.120003,-2.345555,-3.486352,345.365753,337.825928,0.048381
79.459999,-2.345555,-3.486352,345.365753,337.825928,0.048381
79.459999,-2.904943,-3.292952,354.162262,333.951294,0.049723
98.32,-2.904914,-3.292952,354.162262,333.951294,0.049723
98.32,-2.904914,-3.896121,357.932129,348.402649,0.052791
70.32,-2.264958,-3.896121,357.932129,348.402649,0.052791
70.32,-2.264958,-3.896121,378.771362,353.848083,0.054229
60.849998,-3.784591,-3.51711,378.771362,353.848083,0.054229
60.849998,-3.784591,-3.51711,400.771362,374.687225,0.053942
106.650002,-3.532394,-4.852884,400.029449,374.687225,0.053942
106.650002,-3.532394,-4.852884,400.029449,386.7341,0.054133
133.889999,-4.735141,-4.673688,436.157806,386.730072,0.054133
133.889999,-4.735141,-4.673688,436.157806,386.730072,0.05586
145.490005,-3.480529,-5.854442,441.184326,416.784637,0.055859
125.32,-5.34079,-5.997252,486.737457,466.945374,0.055667
85.349998,-5.819152,-5.313845,544.123779,507.681366,0.055667
88.839996,-5.824031,-5.313845,544.123779,507.681366,0.055667
88.839996,-5.824031,-5.874514,546.846558,534.384949,0.055955
36.400002,-3.506445,-5.874571,546.846558,534.384949,0.055955
36.400002,-3.506445,-5.874571,569.565308,535.327393,0.055092
99.199997,-4.277517,-4.834482,569.570801,535.327393,0.055092
99.199997,-4.277517,-4.834482,569.570801,555.852478,0.055188
82.559998,-2.71615,-4.541136,569.780151,555.852478,0.055188
82.559998,-2.71615,-4.541136,569.780151,555.852478,0.054709
59.299999,-2.998698,-3.765346,571.351013,550.406982,0.054709
59.299999,-2.998698,-3.765346,571.351013,550.406982,0.054464
60.09,-2.473506,-3.099517,564.54425,548.626709,0.054517
35.130001,-2.157336,-2.019878,559.098816,542.762573,0.052887
20.26,-2.469738,-0.926159,432.178436,406.836304,0.041478
20.33,-2.469738,-0.926159,432.178436,406.836304,0.041478
20.33,-2.537853,-1.155063,428.932098,402.542786,0.036972
31.43,-1.205302,-2.14392,260.647461,242.112076,0.067556
31.08,-0.255013,-2.144124,242.845108,216.246307,0.113192
31.08,-0.255013,-2.144124,233.845108,211.219742,0.1223
26.58,2.972898,-0.591722,197.710922,125.768425,0.274547
26.58,2.972898,-0.411543,203.365768,120.741867,0.285285
26.370001,4.436376,-0.295192,198.339218,84.299408,0.348658
26.9,4.53799,-0.162373,182.107666,63.669621,0.398608
26.9,4.53799,-0.162373,182.107666,60.919621,0.406661
30.049999,4.977099,-0.285254,177.081131,57.595867,0.418454
31.26,4.136148,-0.056402,156.55603,-28.588495,0.569743
31.26,4.136148,0.056402,158.755142,-30.054571,0.573482
30.870001,3.476723,0.232905,150.168121,-43.039814,0.582686
30.870001,3.476723,0.232905,150.168121,-43.039814,0.586912
30.360001,3.638557,0.655307,143.989685,-60.318577,0.604737
30.360001,3.638557,0.655307,151.948364,-65.345123,0.60675
33.34,3.218527,0.824763,136.764008,-102.625366,0.650181
26.48,2.772591,0.732451,118.123894,-128.700592,0.65392
26.48,2.772591,0.732451,118.123894,-133.5177,0.652961
29.33,2.833471,0.97389,116.867241,-124.302353,0.648551
30.540001,1.952441,1.730138,107.861343,-123.674026,0.607805
30.540001,1.952441,1.730138,103.672562,-122.940987,0.597642
33.0,2.367314,3.284235,92.572273,-132.889374,0.537529
33.169998,2.367314,3.284235,92.572273,-132.889374,0.537529
33.169998,2.370732,3.517044,76.759575,-140.743347,0.526408
30.940001,1.264107,3.970325,0.0,-182.107666,0.376365
30.940001,1.264107,3.970325,0.0,-181.060455,0.362655
29.940001,1.361004,3.53379,-2.094395,-171.426254,0.337632
41.02,0.632958,2.387441,72.570793,-12.356933,0.207627
41.02,0.632958,2.387441,72.570793,-3.769911,0.202163
52.330002,0.910636,1.755051,141.162216,45.762535,0.169278
52.330002,0.910636,1.950364,154.566376,56.443951,0.165059
43.919998,0.854713,1.948493,154.566376,56.443951,0.165059
43.919998,0.854713,1.948493,157.187469,74.665192,0.159307
28.450001,0.335737,1.695538,161.582565,89.744835,0.153938
28.450001,0.335737,1.695538,161.582565,89.744835,0.149815
31.92,-2.515069,-1.309338,231.849533,173.52063,0.113863
25.48,-2.96202,-1.687698,238.656342,185.772858,0.111754
35.950001,-3.565548,-2.75756,389.452789,352.800873,0.066213
22.18,-2.574315,-1.276067,351.963104,319.709442,0.045217
22.9,-2.440554,-1.329159,320.442474,289.235962,0.040519
22.9,-2.440554,-1.209411,310.389374,282.010284,0.038027
20.76,-2.946162,-1.377409,290.387909,261.589966,0.032178
20.76,-2.946162,-1.377409,290.387909,261.589966,0.027768
26.07,-3.832807,-1.539563,272.480835,233.315628,0.022207
26.07,-3.582807,-1.951313,258.657837,231.744843,0.018948
24.32,-4.174844,-1.995089,256.877563,219.911484,0.017797
24.32,-4.174844,-1.995089,246.824478,216.455734,0.016838
23.76,-4.435424,-2.368947,229.964584,201.166672,0.009169
26.209999,-4.282159,-1.90574,192.474915,183.154861,-0.004829
24.5,-1.804643,-0.714163,146.921814,134.983765,-0.013937
24.5,-1.804643,-0.714163,146.921814,136.868713,-0.015375
23.399902,-1.043506,-0.110974,104.615036,101.892334,-0.016334
23.4,-1.043506,-0.110974,104.615036,101.892334,-0.016334
23.4,-0.755744,0.090365,115.087021,114.563416,-0.01643
27.25,0.975102,0.765934,88.802361,90.896744,-0.015088
26.9,1.664786,1.302799,70.162239,82.519165,-0.014225
26.9,1.664786,1.302799,70.162239,82.519165,-0.014033
31.1,2.089246,1.732136,61.156338,61.994099,-0.012595
31.1,2.089246,1.496389,57.281708,62.203537,-0.011828
27.76,2.230594,1.356818,55.920349,59.585537,-0.008568
27.76,2.230594,1.356818,54.663513,64.821533,-0.004829
24.98,1.564007,0.293612,62.308254,72.884941,0.001307
27.43,-0.504866,-1.579461,68.172562,77.911499,0.001882
27.43,-0.504866,-1.579461,67.672562,82.519165,0.002457
30.26,-3.724197,-3.805028,70.162239,78.853973,0.002457
28.82,-4.199843,-3.560872,53.721237,50.160763,0.001403
21.75,0.398667,0.934416,-23.666664,-30.473446,0.000827
25.77,2.268678,2.075498,-43.353981,-53.092922,0.001307
25.77,2.268678,2.191678,-49.218285,-59.271381,0.002074
22.83,3.289821,-0.181625,-67.439529,-65.135689,0.097181
22.83,3.289821,-0.181625,-67.439529,-65.135689,0.107343
30.379999,3.893084,-0.797483,-56.443951,-65.97345,0.147419
30.379999,3.893084,-0.43764,-50.789085,-68.382004,0.161991
27.030001,3.659933,-0.779042,-49.008842,-63.146015,0.172154
27.030001,3.659933,-0.779042,-48.758842,-68.172562,0.183851
30.889999,5.554214,-1.119277,-15.707964,-85.346596,0.322484
31.940001,5.524852,-0.92929,-10.681416,-92.781715,0.357382
31.940001,5.462352,-1.000668,-10.890855,-94.98082,0.368887
28.43,5.549668,-0.410022,-1.466077,-104.615036,0.422672
22.15,2.071072,1.454122,29.845133,-116.867241,0.387007
24.450001,1.950318,1.267565,23.771385,-92.048668,0.277615
24.450001,1.950318,1.31444,20.839231,-85.556046,0.271671
20.24,1.928477,1.365973,19.582594,-79.796455,0.261221
20.24,1.928477,1.365973,19.582594,-83.356926,0.24962
27.759766,2.129029,1.139715,14.346607,-81.576683,0.241471
27.76,2.129029,1.139715,14.346607,-81.576683,0.241471
27.76,2.162764,1.307469,12.356933,-76.131256,0.239074
23.0,2.707649,0.773289,7.958703,-69.324478,0.227569
23.040001,2.707649,0.773289,7.958703,-69.324478,0.227569
23.040001,2.622261,0.772387,9.21534,-66.70649,0.227281
21.110001,2.769096,0.458726,5.759586,-62.936573,0.226898
28.110001,2.212139,1.289098,13.823009,-54.140106,0.203601
28.110001,2.212139,1.675411,3.560472,-65.345123,0.200724
25.83,2.954401,2.647362,-6.073746,-83.147491,0.189507
25.83,2.954401,2.647362,-6.073746,-81.368195,0.18433
20.58,2.124761,1.824302,-37.90855,-78.01622,0.128915
31.549999,2.159136,2.100709,35.604721,5.235988,0.085963
31.549999,2.159136,2.100709,35.604721,5.235988,0.082991
27.5,2.064443,1.196934,125.873146,107.128311,0.06305
27.5,2.064443,1.196934,129.957214,115.191734,0.062858
53.52,1.902246,1.002915,144.722717,127.234512,0.058352
53.52,1.902246,1.002915,144.722717,127.234512,0.057375
22.18,-0.514854,-1.020836,192.05603,183.154861,0.04723
22.18,-0.514854,-1.020836,192.05603,183.154861,0.045792
44.220001,-0.790581,-1.145241,202.318573,191.951309,0.045792
73.550003,-2.50083,-2.548874,242.426239,227.870193,0.042245
73.550003,-2.50083,-2.548874,245.881973,238.132736,0.042724
68.050003,-2.58742,-3.197293,245.881973,238.132736,0.042724
68.050003,-2.58742,-3.197293,253.881973,244.939529,0.040999
44.16,-2.838628,-2.588474,311.0177,293.843628,0.029877
44.16,-2.838628,-2.588474,311.0177,293.843628,0.028412
40.419998,-2.797669,-2.168895,315.625366,294.262512,0.023645
40.419998,-2.797669,-2.00128,311.645996,293.110626,0.023166
35.299999,-3.818498,-2.962292,328.50589,316.358368,0.006292
35.299999,-3.818498,-2.962292,331.856903,320.756622,0.005334
37.73,-3.891688,-2.95661,331.856903,320.756622,0.005334
37.73,-3.891688,-2.95661,331.856903,326.935089,0.005717
39.869999,-3.800112,-2.955555,340.129761,326.935089,0.005717
39.869999,-3.800112,-2.955555,340.129761,326.935089,0.005813
39.150002,-3.880183,-3.116872,338.663635,329.762543,0.005813
39.150002,-3.880183,-3.116872,338.663635,329.762543,0.005996
38.720001,-3.833481,-3.149546,344.946899,329.343597,0.006005
31.65,-3.463567,-2.98616,342.957153,330.809692,0.006484
27.15,-3.691539,-2.936103,343.480804,325.5737,0.007155
27.15,-3.541122,-2.86236,342.328857,331.333313,0.008689
21.940001,-3.541122,-2.86236,342.328857,331.333313,0.008689
21.940001,-3.541122,-2.925477,340.862823,329.343597,0.010798
20.16,3.79601,0.208907,121.265488,-47.85693,0.565141
20.690001,3.413028,0.305202,116.867241,-53.930672,0.571085
26.15,0.51601,2.436115,35.290554,-7.539822,0.137735
26.15,0.51601,2.436115,43.249264,3.246313,0.131312
25.75,1.072718,1.863678,43.249264,3.246313,0.131312
25.75,1.072718,1.863678,43.249264,8.4823,0.125847
38.27,0.503282,2.050009,66.497047,8.4823,0.125847
38.27,0.503282,2.050009,66.497047,8.4823,0.120095
39.669998,1.546427,1.761993,74.351028,15.498525,0.120095
39.669998,1.546427,1.761993,74.351028,15.498525,0.112999
27.65,0.840763,2.024127,102.206482,23.666664,0.113
46.110001,1.440869,1.843072,137.706467,73.617981,0.094496
46.110001,1.440869,1.444168,142.314133,88.069313,0.088552
25.5,1.417818,1.454429,160.221237,115.191734,0.075417
25.5,1.417818,1.454429,160.221237,128.176987,0.069569
29.98,0.65529,1.571851,178.023575,128.176987,0.069569
29.98,0.65529,1.571851,178.023575,128.176987,0.0642
27.99,0.740193,0.980974,175.615036,141.685822,0.0642
27.99,0.740193,0.980974,175.615036,141.685822,0.055538
67.239998,0.059722,0.836946,186.296463,148.911499,0.055476
77.709999,-0.572374,0.152946,197.710922,164.305313,0.050394
102.989296,-1.449012,-0.58215,204.5177,181.584061,0.04445
102.989998,-1.449012,-0.58215,204.5177,181.584061,0.04445
102.989998,-2.179779,-1.17406,221.377563,206.402649,0.037068
80.379997,-2.179779,-1.17406,221.377563,206.402649,0.037068
80.379997,-2.179779,-1.839507,243.054535,221.063431,0.03074
44.860001,-3.204556,-1.839507,243.054535,221.063431,0.03074
44.860001,-3.204556,-2.694638,259.286133,244.730103,0.0247
68.110001,-3.98946,-2.700284,259.286133,244.730103,0.0247
68.110001,-3.98946,-2.700284,277.286133,267.977844,0.017989
100.489998,-4.517196,-3.873374,276.774323,267.977844,0.017989
100.489998,-4.517196,-3.873374,276.774323,297.923157,0.012716
124.82,-5.806497,-4.013739,307.980835,297.927704,0.012716
124.82,-5.806497,-4.013739,307.980835,297.927704,0.007059
132.970001,-5.338474,-4.941674,332.694702,323.584045,0.007059
104.940002,-5.858745,-5.494858,394.688782,384.321533,-0.004637
47.57,-5.668392,-4.784117,441.393799,424.638611,-0.016909
67.940002,-5.671809,-4.784117,441.393799,424.638611,-0.016909
67.940002,-5.671809,-4.540098,454.58844,437.833313,-0.02199
127.360001,-5.456683,-4.540059,454.58844,437.833313,-0.02199
127.360001,-5.456683,-4.540059,462.233002,444.849579,-0.027455
121.489998,-5.147659,-3.655888,462.233002,444.849579,-0.027455
121.489998,-5.147659,-3.655888,462.233002,445.477875,-0.032537
57.380001,-3.832297,-3.32437,454.064911,445.477875,-0.032537
57.380001,-3.832297,-3.32437,454.064911,445.477875,-0.037714
30.629999,-3.508999,-2.448733,453.227081,445.268433,-0.037714
30.629999,-3.508999,-2.448733,453.227081,445.268433,-0.041864
21.299999,-3.066106,-1.957314,443.592896,444.325928,-0.041836
31.02,-4.098419,-1.917083,222.948364,250.384933,-0.126014
31.02,-4.098419,-1.917083,222.948364,246.5103,-0.129465
31.16,-4.077137,-2.172234,204.727127,235.305283,-0.132245
27.799999,2.297696,2.492433,116.23893,158.126831,-0.131958
27.799999,2.297696,2.952049,104.405602,144.827438,-0.130328
26.4,3.359469,3.297299,89.430672,134.04129,-0.128123
26.4,3.359469,3.297299,70.930672,118.961655,-0.127835
30.17,4.23266,2.729573,39.269909,90.687309,-0.1031
39.52,2.249263,0.146674,87.441002,139.067841,-0.079898
39.52,2.249263,0.146674,101.054283,155.299393,-0.076063
25.77,1.964468,0.081348,126.50145,172.159256,-0.074529
25.77,1.964468,0.081348,126.50145,172.159256,-0.074041
38.669998,1.783269,-0.026247,142.104706,186.610611,-0.074338
38.57,2.294291,0.520239,185.458679,238.342148,-0.06801
30.469999,1.693636,0.046242,233.420334,274.784637,-0.05545
48.049999,-3.658673,-4.353787,344.527985,373.325928,-0.049314
44.57,-4.740758,-5.01799,394.688782,422.858337,-0.049123
44.57,-4.740758,-5.01799,413.328857,439.718262,-0.049506
83.540001,-4.72806,-4.845243,413.328857,439.718262,-0.049506
83.540001,-4.72806,-4.845243,413.328857,448.933655,-0.049314
81.139999,-4.695377,-4.381312,428.722687,448.933655,-0.049314
81.139999,-4.695377,-4.381312,428.722687,462.933655,-0.048835
71.510002,-4.133516,-4.655264,436.157806,462.756622,-0.048835
71.510002,-4.133516,-4.655264,436.157806,462.756622,-0.049698
35.759998,-3.889194,-3.812585,448.619476,464.746307,-0.049698
24.4,-3.310634,-3.554964,443.802338,469.772858,-0.04989
24.690001,-5.268377,-1.336745,246.196136,282.010284,-0.162542
24.690001,-5.268377,-1.336745,246.196136,274.051605,-0.172512
27.700001,-4.979374,1.110533,214.151901,284.418884,-0.238186
27.700001,-4.635624,0.825884,205.774323,273.004425,-0.24902
26.389999,-3.703068,1.682615,143.361343,231.116501,-0.365794
26.389999,-3.703068,1.682615,143.361343,230.697617,-0.377586
28.48,-3.241531,2.2347,123.674026,232.05899,-0.396378
28.110001,-0.771259,3.167731,57.700596,205.250732,-0.501168
28.110001,-0.829853,3.135667,51.312683,208.078171,-0.508454
30.24,-0.807917,3.249082,51.522121,211.219742,-0.514686
30.24,-0.807917,3.249082,40.107666,206.193207,-0.521205
31.1,1.49325,2.605734,-43.353981,170.902649,-0.599055
31.1,1.49325,2.605734,-41.853981,167.342178,-0.602602
25.49,1.41718,2.499657,-68.486725,162.52507,-0.629159
34.119999,3.866397,0.126009,-70.05751,168.703522,-0.548625
43.66,4.341787,-0.612843,44.715336,230.278748,-0.333868
43.43,4.126082,-0.616862,55.920349,235.724197,-0.324185
43.43,4.126082,-0.877574,66.915924,241.169601,-0.315652
43.93,0.852924,-1.879492,126.29203,277.193207,-0.318241
43.93,0.852924,-1.879492,126.29203,282.63858,-0.324856
42.66,-0.188072,-1.901523,136.97345,285.675507,-0.338086
48.59,-4.599898,-4.345225,253.840683,403.171112,-0.380558
25.24,2.141241,1.171481,-65.868729,162.315613,-0.565883
27.360001,4.507813,-0.878546,-6.073746,133.412979,-0.240008
22.610001,4.17167,-0.654362,31.83481,154.461639,-0.15909
26.639999,4.396302,-0.522624,30.054571,159.069305,-0.147202
21.530136,4.315734,-0.749857,41.469021,157.498505,-0.133779
21.530001,4.315734,-0.749857,41.469021,157.498505,-0.133779
21.530001,4.961374,-0.989,54.140106,169.331818,-0.114509
25.73,4.961374,-0.989,54.140106,169.331818,-0.114509
25.73,4.961374,-1.022835,66.70649,169.331818,-0.098977
25.34,4.377251,-1.861934,83.77581,171.112091,-0.065805
25.34,4.377251,-1.861934,83.77581,174.776154,-0.04989
34.77,4.076307,-2.005716,84.613564,174.777267,-0.04989
34.77,4.076307,-2.005716,84.613564,174.777267,-0.035317
32.849998,3.66744,-2.390922,87.755157,175.091431,-0.035317
32.849998,3.66744,-2.390922,87.755157,175.091431,-0.008829
30.209999,3.737437,-2.873207,102.206482,177.918884,-0.014033
40.290001,3.237866,-3.204463,106.81414,186.191727,0.002745
33.290001,2.563979,-3.830782,122.312675,191.741882,0.018756
33.490002,2.563979,-3.830782,122.312675,191.741882,0.018756
33.490002,2.417312,-4.524801,128.700592,185.353973,0.04004
26.690001,2.417332,-4.524801,128.700592,185.353973,0.04004
26.690001,2.417332,-5.408287,135.50737,188.390839,0.056914
37.610001,1.75547,-5.408287,135.50737,188.390839,0.056914
37.610001,1.75547,-5.408287,142.104706,190.589951,0.073404
31.92,1.505542,-5.72789,142.104706,190.589951,0.073404
31.92,1.505542,-5.72789,142.104706,191.741882,0.094113
24.77,0.146233,-5.745659,262.322998,187.553085,0.346453
30.339844,-2.865254,-1.494543,197.292007,7.435103,0.445682
30.34,-2.865254,-1.494543,197.292007,7.435103,0.445682
30.34,-2.729817,-1.174807,193.52211,3.874631,0.43945
26.690001,-1.534478,0.539175,138.334808,-3.141593,0.30561
27.389999,-0.146476,0.430351,112.469025,-1.361357,0.260933
27.389999,-0.146476,0.430351,112.469025,-1.361357,0.262179
29.129999,1.057868,0.309501,97.179932,-0.314159,0.253743
29.129999,1.057868,0.328418,93.619469,0.0,0.254126
29.639999,1.232526,0.278756,89.849556,-0.523599,0.254989
29.639999,1.232526,0.278756,86.849556,-0.314159,0.257002
28.57,5.016124,0.545377,72.570793,-57.700596,0.425548
32.580002,4.84014,1.439814,30.68289,-99.797928,0.429959
32.580002,4.84014,1.439814,27.227139,-101.682884,0.428712
28.76,3.365812,1.274552,9.005899,-124.092911,0.387487
28.76,3.365812,1.534528,20.210915,-121.893784,0.380488
30.709999,1.527278,2.176417,63.355457,-40.631268,0.270712
26.870001,1.594348,1.860665,78.958694,-18.221235,0.24473
26.870001,1.594348,1.860665,77.806778,-13.613569,0.23591
34.709999,0.499542,2.711069,22.828909,42.202061,0.201683
34.709999,0.499542,2.242319,62.308254,57.805302,0.199862
31.09,-3.457619,2.40239,208.915909,95.085541,0.202067
31.09,-3.457619,2.40239,208.915909,380.342163,0.202642
20.76,-4.80317,3.661094,891.060364,475.427643,0.481539
20.76,-4.80317,3.661094,899.060364,452.703491,0.480197
48.43,-1.000905,2.085055,899.437988,452.703491,0.480197
48.43,-1.000905,2.085055,899.437988,427.047241,0.480005
75.080002,2.287601,-0.336911,911.480774,427.04715,0.480005
75.080002,2.287601,-0.336911,911.480774,427.04715,0.477224
25.889999,5.544416,-4.30038,92.048668,0.418879,0.458625
30.129999,5.814421,-2.493919,56.548676,-15.812681,0.418646
30.129999,5.814421,-2.493919,56.548676,-26.598995,0.417207
27.52,4.276716,0.561016,23.771385,-55.292034,0.315006
27.52,4.214216,1.145014,37.070793,-62.308254,0.314527
23.16,3.483578,0.549785,25.656342,-70.790558,0.239745
23.16,3.483578,0.549785,25.656342,-70.790558,0.233609
22.459999,3.792103,0.370176,20.001474,-70.371674,0.233609
21.76,3.758121,0.044719,11.938052,-68.172562,0.22987
21.219999,4.248259,0.02533,6.597345,-67.963127,0.227186
21.23,4.52204,-0.201288,-7.435103,-61.156338,0.215681
21.23,4.52204,-0.201288,-7.435103,-61.156338,0.211366
21.219999,4.781886,0.233591,-10.262536,-61.156338,0.211366
21.219999,4.781886,0.233591,-10.262536,-61.156338,0.209352
21.23,4.607107,0.137191,-22.095867,-64.926254,0.208203
25.360001,0.898096,2.372735,62.5177,-93.410019,0.382405
27.030001,0.9681,2.520956,134.355453,2.094395,0.257961
27.030001,0.9681,2.520956,134.355453,6.0738,0.248661
22.07,0.97509,2.704402,141.790573,6.073746,0.248661
22.07,0.97509,2.704402,141.790573,6.073746,0.24195
21.65,1.11643,2.433467,158.9646,41.992626,0.224597
37.779999,0.259231,1.830823,181.688797,81.47197,0.18922
37.779999,0.259231,1.830823,181.688797,90.97197,0.179249
33.799999,-0.007752,1.760555,178.233032,90.687309,0.179249
33.799999,-0.007752,1.760555,178.233032,90.687309,0.17551
33.950001,-0.32754,1.418965,192.05603,100.112091,0.17551
33.27,-0.481178,1.029378,193.103241,106.918877,0.174934
27.129999,-0.6652,0.391764,198.339218,114.144524,0.175797
108.519997,-0.609668,-0.126052,208.497025,124.407074,0.174455
34.540001,-0.609668,-0.126052,208.497025,124.407074,0.174455
34.540001,-1.227149,-0.72051,216.351028,137.392319,0.172633
61.970001,-1.227707,-0.72051,216.351028,137.392319,0.172633
61.970001,-1.227707,-1.111401,227.346603,147.235962,0.167456
50.48,-1.801421,-1.111417,227.346603,147.235962,0.167456
50.48,-1.801421,-1.111417,238.237457,154.252182,0.153842
61.389999,-2.650658,-1.632753,238.237457,154.252182,0.153842
61.389999,-2.650658,-1.632753,238.237457,173.311203,0.15365
71.639999,-2.797626,-2.012374,240.645981,173.311203,0.15365
71.639999,-2.797626,-2.012374,240.645981,173.311203,0.155376
41.049999,-3.2602,-2.741225,255.097336,186.610611,0.155376
41.049999,-3.2602,-2.741225,255.097336,186.610611,0.156433
49.57,-4.440426,-3.100046,268.920349,203.261047,0.156431
55.16,-4.307873,-4.076221,283.790558,225.04274,0.15691
81.879997,-5.079428,-3.712315,325.887878,236.352493,0.156718
81.879997,-4.495941,-4.055902,328.50589,253.735962,0.158156
77.150002,-4.495941,-4.055902,328.50589,253.735962,0.158156
77.150002,-4.495941,-4.572023,347.564911,276.04129,0.159211
48.09,-3.758453,-4.572023,347.564911,276.04129,0.159211
48.09,-3.758453,-4.447023,357.199127,290.073761,0.160553
66.849998,-4.5368,-4.444489,357.199127,290.073761,0.160553
66.849998,-4.5368,-4.444489,366.20694,305.676971,0.163525
41.450001,-3.622094,-4.539831,366.204956,305.676971,0.163525
41.450001,-3.622094,-4.539831,366.204956,300.864471,0.16947
50.349998,-3.880963,-3.669007,381.808228,300.859833,0.16947
50.349998,-3.880963,-3.669007,381.808228,300.859833,0.184234
33.080002,-2.786195,-3.975628,383.06488,315.101715,0.184234
25.66,-2.451846,-3.677665,386.206482,309.132751,0.191904
28.82,-1.051608,-3.2854,279.706451,180.95575,0.281546
28.82,-1.051608,-3.2854,279.706451,172.368729,0.292667
31.780001,-1.51352,-3.800333,243.682846,137.078156,0.343864
31.780001,-1.51352,-3.675333,236.038345,130.794983,0.351342
25.110001,-1.535145,-3.868981,239.389374,112.364311,0.384706
27.0,-1.439312,-3.879328,229.022095,97.703529,0.399758
27.040001,-1.439312,-3.879328,229.022095,97.703529,0.399758
27.040001,-1.848125,-3.689339,229.231552,90.687309,0.407141
30.34,1.674222,-1.176131,195.302353,-30.054571,0.63695
30.34,1.674222,-1.176131,195.302353,-30.054571,0.633044
30.125,-1.412791,0.823213,189.438049,0.418879,0.412414
30.17,-1.412791,0.823213,189.438049,0.418879,0.412414
30.17,-1.440959,1.440644,180.851013,1.884956,0.386336
29.459999,-1.471023,1.616273,178.651886,1.256637,0.36697
29.459999,-1.471023,1.616273,174.044235,0.418879,0.348178
21.23,-1.229512,2.67025,176.243362,9.110618,0.280779
32.040001,-2.293828,2.626544,152.995575,86.079628,0.007155
32.040001,-2.293828,2.626544,149.749252,91.315636,-0.009143
31.67,-4.258859,0.252454,125.140106,139.067841,-0.163213
31.67,-4.258859,0.252454,125.140106,141.067841,-0.177018
29.360001,-5.060147,-1.504451,124.721237,172.892319,-0.231954
29.360001,-5.060147,-1.285701,126.920341,177.5,-0.244705
23.59,-5.121623,-1.65014,132.679932,185.9823,-0.262442
23.59,-5.121623,-1.65014,132.679932,185.9823,-0.270016
30.5,-3.583457,-0.857958,97.389381,210.06781,-0.342305
27.549999,-3.376258,-1.028643,87.964592,198.758102,-0.352276
27.549999,-3.376258,-1.21172,73.722717,189.961639,-0.356302
31.059999,-3.540272,-1.400723,51.312683,176.766937,-0.370683
27.92,-2.841335,-1.298844,37.280235,165.352493,-0.38401
27.92,-2.841335,-1.298844,28.588495,163.258118,-0.385832
28.450001,-2.152256,-0.659533,28.797934,161.059006,-0.387941
28.450001,-2.152256,-0.659533,28.797934,161.059006,-0.389762
26.799999,4.656305,1.019887,-69.848083,94.352501,-0.276056
26.799999,4.656305,1.019887,-69.848083,82.852501,-0.26551
29.799999,4.599476,0.568591,-56.443951,83.880516,-0.25343
36.220001,4.152682,-1.68232,5.969026,111.945427,-0.137518
36.220001,4.152682,-1.68232,5.969026,111.945427,-0.121982
32.169998,2.790045,-5.390563,123.674026,167.761032,0.096126
32.169998,2.790045,-5.816394,135.088501,167.761032,0.118081
25.99,0.458048,-4.173307,230.174042,84.927727,0.455461
25.99,0.458048,-4.173307,224.205002,72.675514,0.46246
23.719999,0.439152,-4.205683,209.753662,68.277275,0.467445
23.719999,0.439152,-4.205683,209.753662,51.388638,0.470417
28.375,1.591525,-2.086941,192.265488,28.483774,0.482306
28.41,1.591525,-2.086941,192.265488,28.483774,0.482306
26.120001,3.784746,1.510377,156.55603,-10.786136,0.479334
22.639999,2.693421,-0.072579,215.722687,41.154865,0.487483
22.639999,2.693421,-0.072579,215.722687,48.589966,0.490072
39.099998,1.40561,-0.90446,225.356903,55.396751,0.494194
48.490002,1.291434,-1.15371,234.781693,59.376102,0.49544
48.490002,0.849488,-1.688344,241.588501,70.999992,0.495536
41.639999,0.849488,-1.688344,241.588501,70.999992,0.495536
41.639999,0.212372,-2.086926,243.99704,72.466072,0.49592
37.580002,0.152053,-2.086926,243.99704,72.466072,0.49592
37.580002,0.152053,-2.461926,254.678482,76.026543,0.49592
46.169998,-0.083555,-2.462228,254.678482,76.026543,0.49592
46.169998,-0.083555,-2.462228,259.286652,74.874626,0.495728
36.93,-0.905118,-2.836669,259.286133,74.874626,0.495728
36.93,-0.905118,-2.836669,259.286133,86.917404,0.494482
44.48,-1.330045,-3.148356,254.887894,86.917404,0.494482
44.48,-1.330045,-3.148356,254.887894,86.917404,0.491797
33.84,-1.820463,-3.224337,259.286133,86.079628,0.491797
38.0,-2.264457,-3.838058,274.156311,94.352501,0.486428
29.629999,-2.930021,-3.640747,275.936554,97.912971,0.473198
32.090076,-3.077304,-3.733725,283.371643,102.73008,0.4592
32.09,-3.077304,-3.733725,283.371643,102.73008,0.4592
32.09,-3.52402,-3.347826,287.560455,109.327431,0.447408
26.889999,-3.524007,-3.347826,287.560455,109.327431,0.447408
26.889999,-3.524007,-3.514882,291.749298,118.019173,0.438204
22.860001,-3.918207,-3.514882,291.749298,118.019173,0.438204
22.860001,-3.918207,-3.514882,294.995575,119.589951,0.434369
24.620001,-3.995655,-3.297035,294.995575,119.589951,0.434369
24.620001,-3.995655,-3.297035,298.995575,123.150444,0.427562
21.17,-3.880985,-3.173712,298.03244,123.150444,0.427562
21.17,-3.880985,-3.173712,298.03244,124.197319,0.416728
20.33,-3.129701,-3.190537,306.410034,123.569313,0.40925
26.135,-0.98588,-3.210829,292.377563,66.601768,0.357766
26.23,-0.98588,-3.210829,292.377563,66.601768,0.357766
26.23,-2.006021,-2.518698,278.554535,55.815639,0.343864
22.610001,-2.015557,-2.518698,278.554535,55.815639,0.343864
22.610001,-2.015557,-2.762717,272.480835,61.994099,0.319416
29.450001,-5.459013,0.58699,60.318577,172.159256,-0.428112
29.99,-3.918262,-0.556889,30.264009,169.331818,-0.459079
29.99,-3.918262,-0.556889,30.264009,165.144318,-0.459175
24.75,-2.888873,-0.780626,8.16814,161.687317,-0.452464
24.790001,-2.888873,-0.780626,8.16814,161.687317,-0.452464
24.790001,-2.66292,-0.984382,3.769911,160.744812,-0.44652
29.15,-2.253718,-1.124145,2.513274,162.106186,-0.440575
29.15,-2.253718,-1.124145,0.0,158.126831,-0.436645
20.389999,-1.570987,-0.534243,-13.508848,138.858398,-0.418429
20.389999,-1.570987,-0.104866,-12.671091,134.983765,-0.41862
20.125,-0.937709,1.891832,-36.756634,113.202057,-0.473364
20.190001,-0.937709,1.891832,-36.756634,113.202057,-0.473364
20.190001,-0.93011,2.014857,-45.553093,111.945427,-0.47835
30.690001,-0.721718,2.663637,-57.176991,113.202057,-0.512002
31.9,-0.117775,2.4795,-71.418877,103.777283,-0.544599
24.9,4.443188,2.822715,-150.482315,77.911499,-0.541339
24.9,4.443188,2.572715,-157.707947,64.821533,-0.531368
26.26,4.260595,2.568574,-157.707947,64.821533,-0.531368
26.26,4.260595,2.568574,-166.707947,52.988194,-0.518137
22.08,4.758254,2.173014,-166.713852,52.988194,-0.518137
22.08,4.758254,2.173014,-166.713852,38.118076,-0.512577
22.26,4.586786,2.115642,-173.101761,38.117996,-0.512577
22.26,4.586786,2.115642,-173.101761,38.117996,-0.504236
21.219999,4.754662,1.684673,-182.52655,39.374626,-0.504236
21.219999,4.754662,1.684673,-182.52655,39.374626,-0.126059
24.889999,4.26995,-1.09382,-119.589951,36.966076,-0.28641
24.889999,4.26995,-1.09382,-119.589951,36.966076,-0.276645
31.76,2.4527,-2.10501,73.199112,167.342178,-0.099648
31.76,2.4527,-2.10501,89.011787,174.567841,-0.093129
46.75,2.063584,-2.634516,89.011787,174.567841,-0.093129
46.75,2.063584,-2.634516,89.011787,183.992615,-0.085171
48.02,1.263699,-3.309343,101.997047,183.992615,-0.085171
48.02,1.263699,-3.309343,101.997047,183.992615,-0.073954
27.889999,0.704159,-4.029108,114.458702,196.55899,-0.073954
27.889999,0.704159,-4.029108,114.458702,196.55899,-0.067606
31.09,-0.798019,-5.413451,139.382019,217.50293,-0.058998
45.419998,-1.824069,-5.84461,257.296448,304.315643,0.002553
45.419998,-1.824069,-5.84461,257.296448,304.315643,0.010213
37.959999,-1.769778,-5.189707,266.721222,298.660767,0.008306
38.349998,-1.127249,-4.910081,262.846588,305.258087,0.014154
22.174999,-0.845071,-4.646954,273.946899,296.880524,0.024412
22.23,-0.845071,-4.646954,273.946899,296.880524,0.024412
22.23,-0.765359,-4.540833,266.51178,290.702057,0.030836
20.690001,-0.765365,-4.540833,266.51178,290.702057,0.030836
20.690001,-0.765365,-3.982406,258.238922,287.45575,0.034287
28.940001,-4.035714,-1.306553,126.710915,114.772858,-0.057464
31.040001,-4.139079,-0.423896,100.635696,112.992615,-0.125055
31.040001,-4.139079,-0.423896,98.855461,116.553093,-0.140107
25.940001,-3.475986,0.262104,65.554565,120.427727,-0.222846
25.940001,-3.475986,0.499622,72.98967,123.778748,-0.240583
26.32,-1.873864,0.769315,5.550148,123.359856,-0.396186
24.9,-0.737499,1.943283,-40.317108,120.427727,-0.509701
24.9,-0.737499,1.943283,-40.317108,120.427727,-0.518137
20.530001,2.823242,2.021076,-139.277267,104.929192,-0.636062
20.530001,2.823242,2.069416,-143.256638,94.352501,-0.637213
25.02,4.807255,-0.485888,-122.836273,111.945427,-0.494936
25.02,4.869755,-0.115609,-121.370201,113.725647,-0.484582
27.48,5.496184,-0.857906,-77.492622,124.407074,-0.390817
22.5,-0.013688,-3.746967,139.905594,197.187317,-0.058231
22.5,-0.064273,-3.939721,142.733017,202.00441,-0.05593
26.889999,-0.314112,-4.004875,140.952789,202.842178,-0.050561
26.889999,-0.314112,-4.004875,150.587021,208.811203,-0.046918
26.35,-0.433565,-3.824655,150.587021,208.811203,-0.046918
26.35,-0.433565,-3.824655,150.587021,210.277298,-0.044425
28.469999,-0.649176,-3.870599,150.168121,210.277298,-0.044425
28.469999,-0.649176,-3.870599,150.168121,207.277298,-0.040686
23.07,-0.540831,-3.986884,158.440994,207.868729,-0.040686
23.07,-0.540831,-3.986884,158.440994,207.868729,-0.038097
24.1,-1.048974,-3.990028,161.792023,206.402649,-0.038097
35.82,-1.240794,-3.611269,161.373154,207.868729,-0.032441
27.280001,-1.036699,-3.866301,161.582565,213.209442,-0.029277
27.280001,-1.575761,-3.778118,165.03833,214.047195,-0.025634
32.639999,-1.572299,-3.778118,165.03833,214.047195,-0.025634
32.639999,-1.572299,-3.832744,170.588501,215.09436,-0.024387
33.220001,-1.602458,-3.832724,170.588501,215.09436,-0.024387
33.220001,-1.602458,-3.832724,170.06488,214.256622,-0.021895
23.790001,-1.839247,-3.389433,170.06488,214.256622,-0.021895
23.790001,-1.839247,-3.389433,170.06488,216.874603,-0.021607
21.639999,-1.353397,-3.665593,177.814148,216.874603,-0.021607
21.639999,-1.353397,-3.665593,177.814148,216.874603,-0.019881
31.42,-2.161944,-3.502079,188.076675,210.277298,-0.019881
31.42,-2.161944,-3.502079,188.076675,210.277298,-0.016829
21.84,-1.436145,-3.891964,182.107666,215.408554,-0.016813
32.5,-2.249279,-3.483194,190.485229,209.439514,-0.016142
26.189941,-1.529215,-3.639733,193.52211,218.026535,-0.015279
26.190001,-1.529215,-3.639733,193.52211,218.026535,-0.015279
26.190001,-1.690254,-3.648942,199.491119,212.685822,-0.014225
28.27,-1.690254,-3.648942,199.491119,212.685822,-0.014225
28.27,-1.690254,-3.71785,201.899704,221.063431,-0.012115
22.370001,-1.798335,-3.494786,205.145996,225.252182,-0.008185
22.370001,-1.798335,-3.494786,205.145996,225.252182,-0.007609
25.34,-2.1088,-3.493404,210.381973,227.870193,-0.007034
24.77,-1.78639,-3.726323,227.346603,242.740402,-0.000227
24.77,-1.78639,-3.726323,226.194702,246.300888,0.002937
26.559999,-1.441013,-3.832363,226.194702,246.300888,0.002937
26.559999,-1.441013,-3.832363,226.194702,250.594376,0.004375
34.91,-1.886254,-3.725836,232.792038,250.594376,0.004375
34.91,-1.886254,-3.725836,232.792038,252.594376,0.007251
29.34,-1.670408,-3.773319,238.028,252.165161,0.007251
29.34,-1.670408,-3.773319,238.028,252.165161,0.011661
25.83,-1.662743,-3.594494,239.389374,254.783173,0.011661
34.32,-1.754969,-3.868965,244.206482,259.809692,0.015304
38.720001,-2.07034,-3.976465,255.830368,263.998535,0.021824
31.549999,-2.244216,-4.090234,257.505859,271.643066,0.026522
31.549999,-1.53617,-4.243782,260.856934,275.831818,0.03237
21.610001,-2.064379,-4.218251,273.737427,279.811188,0.039944
21.610001,-2.064379,-4.218251,278.973419,277.612091,0.047518
30.35,-2.334745,-4.251975,278.973419,277.612091,0.047518
30.35,-2.334745,-4.251975,278.973419,287.45575,0.055955
25.5,-2.163038,-4.474291,285.989655,287.45575,0.055955
25.5,-2.163038,-4.474291,285.989655,287.45575,0.065351
24.450001,-1.836826,-4.644039,291.749298,292.691711,0.065351
24.450001,-1.836826,-4.644039,291.749298,292.691711,0.074628
23.26955,-1.436303,-4.370715,307.771362,295.309723,0.094209
23.27,-1.436303,-4.370715,307.771362,295.309723,0.094209
23.27,-0.964445,-4.374503,306.619446,292.691711,0.104851
29.27,-0.054143,-2.404258,212.790543,17.697639,0.557854
31.18,0.317149,-1.99056,211.115036,6.283185,0.57655
31.18,0.317149,-1.99056,207.973434,3.874631,0.580481
28.73,1.948609,-1.011877,173.625381,-41.678463,0.628417
29.969999,2.548303,-0.669979,173.206482,-34.03392,0.6358
27.469999,3.959116,0.534541,159.174026,-71.314156,0.678943
27.469999,3.959116,0.534541,156.346588,-73.722717,0.681819
30.80957,4.078539,-0.156844,139.382019,-112.887901,0.715854
30.809999,4.078539,-0.156844,139.382019,-112.887901,0.715854
30.809999,4.333773,0.098237,137.706467,-118.438042,0.717197
27.99,4.323333,0.287162,121.474915,-115.50589,0.727743
32.040001,4.117929,0.528179,124.721237,-132.365799,0.73733
32.040001,4.117929,0.528179,124.721237,-133.308258,0.737905
35.360001,3.858001,0.670384,124.302353,-135.716797,0.738576
26.959999,3.565568,-0.190984,114.249268,-154.775803,0.746726
26.959999,3.565568,-0.190984,113.749268,-152.995575,0.747493
25.16,4.049052,1.093948,101.054565,-172.682877,0.75545
29.370001,4.492889,1.342081,84.404121,-182.421799,0.755163
29.370001,4.305389,1.274041,83.77581,-193.103241,0.754971
22.959999,4.007636,1.040157,50.893799,-208.182861,0.753916
22.959999,4.007636,1.040157,50.893799,-208.182861,0.75001
33.299999,1.894405,2.515919,130.899704,1.466077,0.283655
24.540001,1.924103,0.906626,155.822998,40.317108,0.310596
24.540001,1.924103,0.906626,160.221237,45.343655,0.313568
38.139999,0.56238,-0.862974,188.286118,74.036873,0.34233
38.139999,0.56238,-0.862974,190.694702,72.466072,0.344727
27.99,-0.928271,-2.29162,218.759552,92.886429,0.349425
27.99,-0.928271,-2.29162,218.759552,87.861038,0.345494
27.030001,-1.462328,-2.083005,217.607651,87.859879,0.345494
27.030001,-1.462328,-2.083005,217.607651,87.859879,0.331017
33.66,-1.858489,-2.011785,223.576675,88.48819,0.331017
28.99,-1.923301,-1.888205,221.587006,88.907074,0.324785
39.27,-2.070657,-1.920678,221.796448,88.069313,0.321429
32.02,-2.079817,-1.899357,225.56636,99.483772,0.316444
32.0,-2.079817,-1.899357,225.56636,99.483772,0.316444
32.0,-2.502058,-1.537797,223.367249,100.112091,0.310692
28.66,-2.502038,-1.537797,223.367249,100.112091,0.310692
28.66,-2.502038,-1.427467,222.215302,99.169609,0.303501
22.889999,-2.745039,-1.427467,222.215302,99.169609,0.303501
22.889999,-2.745039,-1.427467,221.168137,102.939522,0.29842
22.719999,-2.627508,-1.429513,221.168137,102.939522,0.29842
22.719999,-2.627508,-1.429513,229.168137,102.101776,0.291709
24.67,-2.739364,-1.466076,229.022095,102.101776,0.291709
24.67,-2.739364,-1.466076,229.022095,103.101776,0.280683
25.540001,-2.757875,-1.505485,228.812668,103.148956,0.280683
25.540001,-2.757875,-1.505485,228.812668,103.148956,0.276464
21.68,-3.032216,-1.240651,225.985229,105.766968,0.267836
23.459999,-3.677332,-0.549935,226.613541,123.778748,0.168223
26.429726,-3.928776,-0.519065,227.346603,133.831848,0.150582
26.43,-3.928776,-0.519065,227.346603,133.831848,0.150582
26.43,-3.842012,-0.636715,228.603241,131.842194,0.140036
21.360001,-3.842012,-0.636715,228.603241,131.842194,0.140036
21.360001,-3.842012,-0.502821,227.765488,138.020645,0.127189
22.040001,-3.620652,-0.46901,230.383469,141.05751,0.097756
22.040001,-3.620652,-0.46901,230.383469,145.248917,0.08673
23.809999,-3.962831,-0.487324,226.613541,149.644531,0.06861
25.030001,-4.09098,-0.684558,225.147476,157.498505,0.057585
21.51,-4.496931,-0.480388,223.576675,185.144547,-0.017772
21.51,-4.496931,-0.480388,221.576675,187.553085,-0.032632
21.129999,-5.953434,-0.804843,224.205002,243.578171,-0.193029
26.190001,-5.516757,-1.229937,241.274307,276.250732,-0.24739
26.190001,-5.516757,-1.17525,240.855453,287.874603,-0.260141
27.870001,-5.654392,-0.950168,247.033905,292.901154,-0.275864
27.870001,-5.654392,-0.950168,247.033905,304.526154,-0.289478
26.129999,-4.287633,0.285177,201.480804,314.368683,-0.410855
29.309999,-4.403286,-0.993746,83.77581,256.772827,-0.524657
29.309999,-4.403286,-0.993746,83.77581,250.384933,-0.528492
27.219999,-4.289436,-1.21274,69.53392,254.5737,-0.530218
29.690001,-3.171923,-1.339715,58.747787,240.122437,-0.528588
29.690001,-3.171923,-1.339715,51.312683,238.342148,-0.525711
25.75,-1.29497,-1.489944,25.446899,213.418869,-0.479308
25.83,-1.29497,-1.489944,25.446899,213.418869,-0.479308
25.83,-1.058184,-1.264358,31.83481,210.591446,-0.474898
30.91,2.126224,-0.367606,0.314159,156.870193,-0.338278
28.969999,2.561387,0.15766,0.0,131.842194,-0.276727
28.969999,2.561387,0.15766,0.0,131.842194,-0.266756
21.08,2.995389,0.558669,-2.617994,113.202057,-0.239145
21.08,2.995389,0.601958,0.523599,108.908554,-0.233392
27.030001,3.112443,0.645133,-0.20944,103.358406,-0.22764
27.030001,3.112443,0.645133,-0.837758,101.892334,-0.220737
25.619629,2.491808,1.381467,-75.29351,-1.151917,-0.16072
25.620001,2.491808,1.381467,-75.29351,-1.151917,-0.16072
25.620001,2.411412,1.548699,-74.45575,2.408554,-0.160241
28.059999,2.110153,1.005866,-60.842182,0.20944,-0.156885
28.059999,2.110153,1.005866,-60.842182,0.20944,-0.156406
29.82,2.154916,0.801606,-30.159288,28.169613,-0.156789
29.82,2.154916,0.801606,-30.159288,28.902651,-0.157077
28.9,1.668233,0.016295,9.738937,93.305305,-0.186606
28.9,1.668233,0.046451,6.806785,91.734505,-0.188331
29.620001,-2.318505,-2.583388,83.985252,169.750748,-0.222558
29.620001,-2.318505,-2.583388,83.985252,163.465591,-0.226393
30.32,-2.774449,-2.243532,47.647488,137.601746,-0.261292
30.32,-2.774449,-0.560883,42.306782,132.261047,-0.266852
30.85,-3.011454,-1.297743,41.678463,132.994095,-0.282384
30.85,-3.011454,-1.297743,41.678463,132.994095,-0.29044
29.799805,-3.126109,-1.380319,0.523599,126.187309,-0.377586
29.799999,-3.126109,-1.380319,0.523599,126.187309,-0.377586
29.799999,-2.978672,-1.590086,0.0,126.187309,-0.384106
29.450001,-3.265983,-1.514307,0.314159,128.386414,-0.395323
29.450001,-3.265983,-1.592432,-1.047198,126.187309,-0.401075
22.02,1.751404,1.301874,-62.622417,164.095871,-0.610464
20.43,1.747498,0.966439,-56.025074,172.578171,-0.612381
20.43,1.747498,0.465268,-55.396751,175.510315,-0.612861
37.18,0.616458,-0.192134,-51.417404,198.02507,-0.616312
32.52,-1.328299,-2.437738,-24.294983,216.455734,-0.626762
32.52,-1.328299,-2.437738,-24.294983,221.455734,-0.627913
22.389999,-2.527053,-3.115487,0.733038,252.793488,-0.617175
22.389999,-2.527053,-3.193612,-1.047198,246.929184,-0.604999
24.93,-0.628594,-2.514103,-23.666664,204.831863,-0.511906
24.93,-0.628594,-2.514103,-23.666664,204.831863,-0.500492
27.01,0.421362,-2.322434,-20.525072,206.612061,-0.490142
24.389999,4.226374,-0.532291,-3.874631,172.578171,-0.311242
24.389999,4.226374,-0.365755,-1.675516,171.740402,-0.295135
29.459999,5.35254,-0.329949,0.314159,161.687317,-0.273467
29.459999,5.35254,-0.329949,0.314159,161.687317,-0.257361
30.129999,4.278908,-0.125389,108.280212,173.101761,-0.033687
30.129999,4.278908,-0.125389,108.280212,173.101761,-0.024579
24.299999,3.493092,-0.291907,145.97934,170.169617,0.06909
36.849998,3.658745,-0.41246,154.356949,169.122406,0.0828
31.940001,3.478098,-0.502344,160.849548,163.676987,0.091045
36.380001,3.379349,-0.471585,167.656326,169.122406,0.101207
36.330002,3.379349,-0.471585,167.656326,169.122406,0.101207
36.330002,3.408401,-0.587161,165.457214,169.331818,0.113575
29.860001,3.408437,-0.587161,165.457214,169.331818,0.113575
29.860001,3.408437,-0.920856,178.861343,170.902649,0.123354
33.18,2.998771,-0.920855,178.861343,170.902649,0.123354
33.18,2.998771,-0.920855,184.306747,165.666656,0.133804
26.540001,2.86572,-0.880488,184.306747,165.666656,0.133804
26.540001,2.86572,-0.880488,184.306747,169.960159,0.145885
32.619999,2.811408,-1.118852,183.887894,169.960159,0.145885
32.619999,2.811408,-1.118852,183.887894,168.960159,0.156335
32.810001,2.584109,-1.175981,182.840698,168.284653,0.156335
32.810001,2.584109,-1.175981,182.840698,168.284653,0.165124
24.799999,2.235729,-1.339642,187.02948,166.923294,0.165826
26.0,2.495562,-1.396667,196.140106,163.676987,0.179057
32.48,2.323463,-1.476998,200.538345,167.55162,0.189795
31.959999,2.190022,-1.80563,201.899704,168.075195,0.198615
31.959999,2.002522,-1.763067,209.125366,165.143066,0.212229
39.84,2.006547,-1.763067,209.125366,165.143066,0.212229
39.84,2.006547,-1.817755,216.141571,168.284653,0.220858
30.58,1.776203,-1.8173,216.141571,168.284653,0.220858
30.58,1.776203,-1.8173,216.348602,167.55162,0.231021
35.779999,1.660991,-2.251713,216.351028,167.55162,0.231021
35.779999,1.660991,-2.251713,216.351028,162.734512,0.243963
26.23,1.450886,-2.289415,217.607651,162.734512,0.243963
26.23,1.450886,-2.289415,217.607651,162.734512,0.252017
31.76,1.268359,-2.159742,221.377563,166.294983,0.252017
31.76,1.268359,-2.159742,221.377563,166.294983,0.259829
39.619999,1.14791,-2.452778,229.231552,159.488205,0.260646
34.080002,0.790798,-2.703334,232.582581,160.325943,0.271575
30.390099,0.520436,-2.518212,230.383469,161.896744,0.279245
30.389999,0.520436,-2.518212,230.383469,161.896744,0.279245
30.389999,0.545406,-2.468601,240.855453,157.498505,0.288161
36.169998,0.545406,-2.468601,240.855453,157.498505,0.288161
36.169998,0.136352,-2.722507,242.845108,161.896744,0.297557
30.370001,0.380555,-2.722507,242.845108,161.896744,0.297557
30.370001,0.380555,-2.722507,244.625351,159.278748,0.304268
35.099998,0.233949,-2.778275,244.625351,159.278748,0.304268
35.099998,0.233949,-2.778275,249.625351,160.5354,0.312513
25.15,0.121023,-2.936564,249.233017,160.5354,0.312513
25.15,0.121023,-2.936564,249.233017,161.058838,0.320662
36.669998,-0.118858,-2.939521,252.688782,161.059006,0.320662
36.669998,-0.118858,-2.939521,252.688782,161.059006,0.325744
28.66,-0.408499,-3.129769,259.07666,161.059006,0.325744
34.23,-0.596752,-3.3824,264.312653,156.660751,0.331976
34.599998,-0.591163,-3.288347,261.694672,153.833313,0.341467
30.424999,-0.659246,-3.303094,264.103241,155.718262,0.345877
30.42,-0.659246,-3.303094,264.103241,155.718262,0.345877
30.42,-1.138743,-3.054042,268.920349,159.697617,0.349329
29.860001,-1.138734,-3.054042,268.920349,159.697617,0.349329
29.860001,-1.138734,-3.382936,271.119476,155.50885,0.357382
32.349998,-0.81164,-3.382936,271.119476,155.50885,0.357382
32.349998,-0.81164,-3.382936,272.480835,153.51915,0.363997
26.93,-0.701963,-3.443859,272.480835,153.51915,0.363997
26.93,-0.701963,-3.443859,272.480835,155.089966,0.368312
28.34,-0.878559,-3.423391,278.973419,155.089966,0.368312
28.34,-0.878559,-3.423391,278.973419,153.089966,0.372914
22.889999,-1.18255,-3.500584,282.952789,153.309723,0.372914
22.889999,-1.18255,-3.500584,282.952789,153.309723,0.377705
25.02,-1.28822,-3.670496,284.733002,155.299393,0.377707
23.950001,-1.080101,-3.812925,288.188782,149.853973,0.381926
25.030001,-1.321885,-3.948189,285.570801,151.843658,0.388733
25.030001,-1.552514,-3.96097,286.513275,152.890839,0.392568
25.190001,-1.552514,-3.96097,286.513275,152.890839,0.392568
25.190001,-1.740014,-4.079526,282.952789,151.424774,0.397074
20.120001,-1.741003,-4.079526,282.952789,151.424774,0.397074
20.120001,-1.741003,-4.205503,280.54422,146.817093,0.401196
24.49,-1.861994,-4.205447,280.54422,146.817093,0.401196
24.49,-1.861994,-4.205447,282.114532,149.435089,0.405319
20.49,-1.785701,-4.256481,282.115021,149.435089,0.405319
20.49,-1.785701,-4.256481,282.115021,148.073746,0.408195
29.040001,-1.8435,-4.388263,286.722687,148.073746,0.408195
29.040001,-1.8435,-4.388263,286.722687,148.073746,0.413852
25.75,-1.990581,-4.558752,287.769867,149.644531,0.413852
25.75,-1.990581,-4.558752,287.769867,149.644531,0.417758
27.43,-2.23404,-4.627457,292.168091,150.272873,0.417207
21.34,-2.284785,-4.570848,290.178467,153.309723,0.421905
23.429844,-2.088877,-4.420626,303.163666,163.467545,0.425548
23.43,-2.088877,-4.420626,303.163666,163.467545,0.425548
23.43,-2.46791,-4.371438,307.457245,164.095871,0.429
27.59,-2.46791,-4.371438,307.457245,164.095871,0.429
27.59,-2.46791,-4.29254,311.227112,158.859863,0.432355
23.389999,-2.534852,-4.29254,311.227112,158.859863,0.432355
23.389999,-2.534852,-4.38629,313.216797,166.713852,0.437149
25.35,-2.145465,-4.396275,313.216797,166.713852,0.437149
25.35,-2.145465,-4.396275,319.216797,163.676987,0.440601
27.98,-2.236169,-4.353228,319.604736,163.676987,0.440601
27.98,-2.236169,-4.353228,319.604736,166.712143,0.444627
23.24,-2.440525,-4.15645,326.097351,166.713852,0.444627
23.24,-2.440525,-4.15645,326.097351,166.713852,0.4499
31.07,-2.170474,-4.441385,328.715302,178.547195,0.4499
22.379999,-2.456318,-4.262407,329.867279,183.992615,0.453256
26.93,-2.301898,-4.608703,338.663635,183.573746,0.457474
27.305,-2.414087,-4.362151,349.764008,182.945435,0.463514
27.26,-2.414087,-4.362151,349.764008,182.945435,0.463514
27.26,-2.502161,-4.28476,353.324493,190.589951,0.467349
31.629999,-2.502159,-4.28476,353.324493,190.589951,0.467349
31.629999,-2.502159,-4.062406,362.330383,183.783173,0.472622
22.639999,-1.330037,-3.289957,315.834778,125.977875,0.528613
22.639999,-1.330037,-3.289957,315.834778,125.977875,0.533119
27.74,-1.643403,-3.450194,304.420319,110.793503,0.537817
25.450001,-1.169821,-3.188766,250.48967,34.138638,0.595437
25.450001,-1.169821,-3.188766,250.48967,37.90855,0.598121
30.129999,-0.387774,-2.514295,236.247787,19.268435,0.613365
28.75,-0.039849,-2.528717,233.420334,5.235988,0.618542
28.75,-0.083605,-2.361516,228.393799,4.08407,0.622665
30.639999,1.877598,-1.260106,200.119446,-25.237463,0.658234
30.639999,1.877598,-1.260106,200.119446,-41.259106,0.660631
27.940001,3.422652,-1.838509,199.491119,-41.259583,0.660631
27.940001,3.422652,-1.838509,199.491119,-41.259583,0.663603
30.83,3.06077,-0.927684,191.113556,-48.694691,0.672615
30.83,3.06077,-0.594655,188.286118,-53.302361,0.675396
32.740002,2.545938,-0.303253,186.505875,-58.957226,0.677409
32.740002,2.545938,-0.303253,178.505875,-57.91003,0.679614
34.290001,3.330452,0.536896,160.849548,-91.420349,0.704062
30.07,3.530056,0.361122,149.330383,-102.834808,0.710485
30.07,3.530056,0.165981,141.581116,-101.264,0.711636
24.51,3.850027,0.30379,134.774353,-118.123894,0.727743
24.51,3.850027,0.30379,134.774353,-126.623894,0.729852
28.690001,4.164606,0.311503,127.548668,-121.684364,0.732249
30.459999,3.988009,0.787711,123.25515,-129.957214,0.73733
30.459999,3.988009,0.787711,123.25515,-129.957214,0.736851
20.68,3.029948,0.312351,119.694687,-147.55014,0.730331
20.68,3.029948,0.312351,116.657578,-141.790573,0.72688
29.940001,2.455585,1.132066,115.296455,-141.790573,0.683641
31.18,1.598614,2.823546,34.871677,-114.668144,0.331017
31.18,1.598614,2.823546,33.824486,-110.269905,0.322868
28.41,1.91544,3.061672,27.017696,-114.03981,0.312609
28.41,1.91544,3.061672,27.017696,-112.678482,0.301775
33.75,2.486358,3.545115,-10.471976,-127.129791,0.26937
33.98,2.486358,3.545115,-10.471976,-127.129791,0.26937
33.98,2.751983,3.306111,-20.73451,-133.936584,0.26055
25.27,2.903751,2.67306,-44.610615,-145.560455,0.230158
25.27,2.903751,2.67306,-44.610615,-145.560455,0.226251
29.99,2.576598,2.168649,-58.643063,-125.873146,0.191233
29.99,2.576598,2.168649,-58.643063,-126.920341,0.186823
34.119999,1.864022,1.770622,30.473446,-0.733038,0.13275
34.119999,1.864022,1.770622,30.473446,-0.733038,0.131773
46.779999,-2.380176,-2.178314,287.141541,259.809692,0.073596
46.779999,-2.380176,-2.178314,289.141541,262.427734,0.072158
45.439999,-2.094737,-2.057652,288.921814,262.427734,0.072158
45.439999,-2.094737,-2.057652,288.921814,263.162109,0.070528
46.779999,-2.366178,-1.910908,295.414459,268.815643,0.069569
31.01,-1.987531,-2.097229,309.446899,285.04718,0.063721
31.01,-1.987531,-2.097229,309.446899,293.04718,0.062378
60.59,-2.649618,-2.111934,316.672546,292.691711,0.062378
60.59,-2.649618,-2.111934,316.672546,292.691711,0.060653
54.889999,-2.427902,-2.389621,313.216797,288.817139,0.060653
67.410004,-2.517724,-2.380882,322.013245,294.471924,0.060173
50.099998,-2.366792,-2.330749,321.489624,298.660767,0.058639
50.099998,-2.843192,-2.361257,328.715302,304.315643,0.056243
42.43,-2.843192,-2.361257,328.715302,304.315643,0.056243
42.43,-2.655692,-2.502875,334.684357,309.551605,0.054613
27.719999,-2.647297,-2.502875,334.684357,309.551605,0.054613
27.719999,-2.647297,-2.6435,346.936554,317.0914,0.053366
51.060001,-2.698005,-2.641738,346.936554,317.0914,0.053366
51.060001,-2.698005,-2.641738,350.499054,323.584045,0.051545
68.57,-3.060575,-2.694987,350.49704,323.584045,0.051545
68.57,-3.060575,-2.694987,350.49704,330.809692,0.050107
85.110001,-3.61423,-3.006815,358.97934,330.809692,0.050107
85.110001,-3.61423,-3.006815,358.97934,330.809692,0.050202
36.779999,-3.575907,-3.375064,363.796448,342.643036,0.050202
36.779999,-3.575907,-3.375064,363.796448,342.643036,0.050691
29.1,-3.525096,-3.491206,378.771362,351.858368,0.050586
49.699883,-3.891571,-3.518977,405.265503,370.917358,0.048956
49.700001,-3.891571,-3.518977,405.265503,370.917358,0.048956
49.700001,-3.919862,-3.567422,415.946869,385.368713,0.049627
48.27,-3.919862,-3.567422,415.946869,385.368713,0.049627
48.27,-3.919862,-3.683927,422.334778,396.5737,0.050394
27.299999,-3.246204,-3.683927,422.334778,396.5737,0.050394
27.299999,-3.246204,-3.683927,431.131287,400.762512,0.050682
32.57,-3.357739,-3.340718,431.131287,400.762512,0.050682
32.57,-3.357739,-3.340718,433.131287,407.359863,0.050874
25.58,-3.404021,-3.175028,433.539825,407.359863,0.050874
25.58,-3.404021,-3.175028,433.539825,405.367676,0.050778
30.16,-2.984805,-2.869909,434.377533,405.370178,0.050778
30.16,-2.984805,-2.869909,434.377533,405.370178,0.050682
29.709999,-2.761997,-1.56254,211.952774,205.983765,-0.000898
29.709999,-2.761997,-1.56254,207.973434,200.852493,-0.005596
25.459999,-2.186783,-0.164556,176.871674,177.709427,-0.063312
25.459999,-2.124283,0.169477,169.645996,175.091431,-0.076447
30.32,-0.971422,2.731703,91.420349,159.488205,-0.270208
27.5,-0.532472,3.013777,79.168137,156.870193,-0.299258
27.549999,-0.532472,3.013777,79.168137,156.870193,-0.299258
27.549999,-0.434434,3.055551,76.969032,159.907074,-0.311625
28.41,-0.23295,3.487389,46.914452,158.336273,-0.366273
28.41,-0.23295,3.487389,46.914452,158.336273,-0.377588
29.780001,0.699488,4.052929,17.17404,150.272873,-0.446232
29.780001,0.699488,4.052929,17.17404,150.272873,-0.455052
30.82959,2.163104,2.784005,-98.75074,133.203537,-0.646608
30.83,2.163104,2.784005,-98.75074,133.203537,-0.646608
30.83,2.319144,2.566458,-93.933624,133.831848,-0.650252
34.310001,2.208454,2.44294,-93.933624,133.412979,-0.653895
34.310001,2.208454,2.427315,-103.148956,126.187309,-0.656675
34.16,1.501549,1.943307,-152.681396,117.600296,-0.684478
34.16,1.501549,1.943307,-141.05751,118.333328,-0.685725
32.759998,2.407895,1.888786,-148.492615,119.7994,-0.686396
32.759998,2.407895,1.888786,-148.492615,119.7994,-0.686971
32.580002,2.111307,1.808755,-150.272873,116.343651,-0.687642
30.375,2.731435,1.705494,-162.734512,103.148956,-0.690327
30.48,2.731435,1.705494,-162.734512,103.148956,-0.690327
30.48,2.99706,1.451466,-170.693192,99.693214,-0.690327
23.52,2.689362,1.977683,-174.148956,101.368729,-0.690231
24.360001,2.872434,2.06465,-177.709427,101.892334,-0.690614
24.360001,2.823234,2.131269,-174.777267,103.358406,-0.690423
24.540001,2.823234,2.131269,-174.777267,103.358406,-0.690423
24.540001,2.823234,2.041087,-177.709427,101.892334,-0.690423
23.82,2.69749,2.041087,-177.709427,101.892334,-0.690423
23.82,2.69749,2.275462,-179.175507,104.300873,-0.690518
23.49,2.553853,2.271403,-179.175507,104.300873,-0.690518
23.49,2.553853,2.271403,-171.530975,98.122414,-0.690423
20.530001,2.443162,2.261484,-171.530945,98.122414,-0.690423
20.530001,2.443162,2.261484,-171.530945,100.740402,-0.690614
20.860001,2.429384,2.352448,-182.317108,95.923302,-0.690806
24.49,2.842258,1.818896,-184.725647,73.617981,-0.700489
24.49,2.842258,1.818896,-184.725647,76.654861,-0.700681
21.01,2.585016,2.017466,-195.616516,76.654861,-0.700681
22.040001,2.630049,2.369735,-200.014725,88.907074,-0.700681
24.52,2.82653,2.692834,-206.402649,87.859879,-0.700393
21.190001,3.257289,2.730183,-217.50293,89.5354,-0.699339
29.449766,3.194875,2.769482,-225.252182,95.504417,-0.697038
29.450001,3.194875,2.769482,-225.252182,95.504417,-0.697038
29.450001,3.080781,2.38141,-230.278748,98.75074,-0.692915
21.23,3.080781,2.38141,-230.278748,98.75074,-0.692915
21.23,3.080781,2.477021,-240.960175,89.744835,-0.687259
21.9,4.8956,-0.619225,-171.530945,76.026543,-0.494169
21.9,4.8956,-0.99012,-164.93364,79.691727,-0.480842
32.52,5.111848,-1.311113,-106.499992,114.982292,-0.370683
29.25,5.574049,-0.977768,-53.40707,134.250717,-0.283918
25.15,1.783049,-4.455613,134.146011,225.671097,-0.041357
25.15,1.783049,-4.455613,134.146011,226.717972,-0.030044
57.59,1.024472,-5.003678,151.529495,226.718277,-0.030044
57.59,1.024472,-5.003678,151.529495,226.718277,-0.016046
23.549999,1.18028,-5.366168,158.440994,234.467545,-0.016046
23.549999,1.18028,-5.366168,158.440994,234.467545,-0.004012
31.280001,0.433283,-5.664823,173.834808,235.933609,-0.00387
47.610001,-1.149387,-5.473419,330.07666,317.719727,0.136489
42.299999,-1.149366,-5.473419,330.07666,317.719727,0.136489
42.299999,-1.149366,-5.572296,328.715302,326.516235,0.144638
35.189999,0.01095,-5.572279,328.715302,326.516235,0.144638
35.189999,0.01095,-5.572279,333.324677,322.327393,0.154226
33.709999,-0.273335,-4.870334,333.322998,322.327393,0.154226
33.709999,-0.273335,-4.870334,333.322998,311.960144,0.165347
22.76,0.36127,-4.976135,333.113525,311.960144,0.165347
22.76,0.36127,-4.976135,333.113525,311.960144,0.173976
22.65,-0.139907,-4.210238,328.296417,306.095856,0.173976
22.65,-0.139907,-4.210238,328.296417,306.095856,0.186671
20.040001,0.417018,-4.184125,325.678436,296.252197,0.18711
26.360001,-3.042346,-3.136941,228.812668,142.209442,0.206669
26.360001,-3.354846,-2.606789,222.738937,132.994095,0.18922
29.450001,-3.278824,-2.24201,209.96312,129.224182,0.183179
29.450001,-3.278824,-2.24201,209.96312,129.224182,0.181226
27.52,-2.809835,-2.013649,205.564911,120.427727,0.175893
29.110001,-1.875418,-0.852131,154.775803,84.718285,0.123834
29.110001,-1.875418,-0.852131,140.115021,83.461647,0.122012
31.18,-1.531777,-0.689149,138.54425,86.917404,0.111849
31.18,-1.531777,-0.689149,138.54425,86.917404,0.105042
25.779785,-3.868866,-3.471508,133.098816,95.504417,0.093058
25.780001,-3.868866,-3.471508,133.098816,95.504417,0.093058
25.780001,-4.195579,-3.199572,131.318573,89.325943,0.092675
30.870001,-4.066492,-3.176358,124.302353,92.886429,0.091045
30.870001,-4.066492,-3.004483,118.123894,80.843658,0.089223
32.779999,-3.006633,-2.240804,93.619469,43.772858,0.08395
28.379999,0.448275,0.745693,44.924778,5.864306,0.073116
28.379999,0.448275,0.745693,44.924778,5.864306,0.072157
28.709999,3.440371,1.616471,-1.466077,-33.09145,0.070048
28.709999,3.440371,1.616471,-6.911548,-26.598818,0.070048
29.799999,3.138627,0.404021,-3.036873,-17.17404,0.070815
21.23,2.830054,0.202006,-4.50295,-11.623894,0.068514
31.200001,1.604751,-0.458068,-0.837758,-10.157817,0.056051
31.200001,1.604751,-0.458068,-0.837758,-14.782817,0.051353
31.530001,1.04477,0.572915,-21.46755,-30.997049,-0.019018
25.59,1.64227,2.83847,-61.575222,-39.688786,-0.094471
25.59,1.64227,2.83847,-60.075222,-44.505894,-0.107606
31.01,1.531054,2.117242,-106.185844,-18.221235,-0.268865
21.49,0.650031,-0.908874,-82.833328,-5.550148,-0.161295
28.110001,0.650031,-0.908874,-82.833328,-5.550148,-0.161295
28.32,0.650031,-0.908874,-82.833328,-5.550148,-0.161295
27.950001,0.650031,-0.908874,-82.833328,-5.550148,-0.161295
20.08,0.650031,-0.908874,-82.833328,-5.550148,-0.161295
25.33,0.650031,-0.908874,-82.833328,-5.550148,-0.161295
30.610001,0.650031,-0.908874,-82.833328,-5.550148,-0.161295
22.625,0.650031,-0.908874,-82.833328,-5.550148,-0.161295
22.690001,0.650031,-0.908874,-82.833328,-5.550148,-0.161295
22.879999,0.650031,-0.908874,-82.833328,-5.550148,-0.161295
27.440001,0.650031,-0.908874,-82.833328,-5.550148,-0.161295
23.25,0.650031,-0.908874,-82.833328,-5.550148,-0.161295
28.15,0.650031,-0.908874,-82.833328,-5.550148,-0.161295
26.040001,0.650031,-0.908874,-82.833328,-5.550148,-0.161295
30.59,0.650031,-0.908874,-82.833328,-5.550148,-0.161295
24.450001,0.650031,-0.908874,-82.833328,-5.550148,-0.161295
28.85,0.650031,-0.908874,-82.833328,-5.550148,-0.161295
25.875,0.650031,-0.908874,-82.833328,-5.550148,-0.161295
25.879999,0.650031,-0.908874,-82.833328,-5.550148,-0.161295
23.780001,0.650031,-0.908874,-82.833328,-5.550148,-0.161295
23.59,0.650031,-0.908874,-82.833328,-5.550148,-0.161295
27.799999,0.650031,-0.908874,-82.833328,-5.550148,-0.161295
29.17,0.650031,-0.908874,-82.833328,-5.550148,-0.161295
22.9,0.650031,-0.908874,-82.833328,-5.550148,-0.161295
22.875,0.650031,-0.908874,-82.833328,-5.550148,-0.161295
29.91,0.650031,-0.908874,-82.833328,-5.550148,-0.161295
22.540001,0.650031,-0.908874,-82.833328,-5.550148,-0.161295
29.360001,0.650031,-0.908874,-82.833328,-5.550148,-0.161295
24.469999,0.650031,-0.908874,-82.833328,-5.550148,-0.161295
26.93,0.650031,-0.908874,-82.833328,-5.550148,-0.161295
22.18,0.650031,-0.908874,-82.833328,-5.550148,-0.161295
24.1,0.650031,-0.908874,-82.833328,-5.550148,-0.161295
26.559999,0.650031,-0.908874,-82.833328,-5.550148,-0.161295
21.65,0.650031,-0.908874,-82.833328,-5.550148,-0.161295
28.48,0.650031,-0.908874,-82.833328,-5.550148,-0.161295
23.589844,0.650031,-0.908874,-82.833328,-5.550148,-0.161295
25.0,0.650031,-0.908874,-82.833328,-5.550148,-0.161295
29.889648,0.650031,-0.908874,-82.833328,-5.550148,-0.161295
29.889999,0.650031,-0.908874,-82.833328,-5.550148,-0.161295
24.48,0.650031,-0.908874,-82.833328,-5.550148,-0.161295
26.23,0.650031,-0.908874,-82.833328,-5.550148,-0.161295
20.609863,0.650031,-0.908874,-82.833328,-5.550148,-0.161295
20.610001,0.650031,-0.908874,-82.833328,-5.550148,-0.161295
23.5,0.650031,-0.908874,-82.833328,-5.550148,-0.161295
23.57,0.650031,-0.908874,-82.833328,-5.550148,-0.161295
27.43,0.650031,-0.908874,-82.833328,-5.550148,-0.161295
29.559999,0.650031,-0.908874,-82.833328,-5.550148,-0.161295
30.43,0.650031,-0.908874,-82.833328,-5.550148,-0.161295
