:020000040800F2
:1000000048C5002031030008518D0008CD6100086B
:10001000A18B0008850F00085DDC000800000000CF
:100020000000000000000000000000007102000855
:100030008123000800000000CD02000809B4000878
:100040004B0300084B0300084B0300084B03000858
:100050004B0300084B030008EB2300084B03000888
:100060004B030008F1230008F72300084B030008A6
:10007000252000084B0300084B0300084B03000831
:100080004B0300084B0300084B0300084B03000818
:10009000A90F00084B0300084B030008FD230008CC
:1000A0004B0300084B0300084B0300084B030008F8
:1000B000D9B40008E5B400084B0300084B0300085E
:1000C0004B0300084B0300084B0300084B030008D8
:1000D0004B0300084B0300084B03000831BF000826
:1000E0004B0300084B0300084B0300084B030008B8
:1000F0004B0300084B0300084B0300084B030008A8
:100100004B0300084B0300084B0300084B03000897
:100110004B0300084B0300084B0300084B03000887
:100120004B030008312000083D200008492000084A
:100130004B0300084B0300084B0300084B03000867
:100140004B030008B50F00084B0300088D8F000813
:1001500055200008612000086D2000083DBF000800
:100160004B0300084B0300084B0300084B03000837
:100170004B0300084B0300084B030008000000007D
:100180004B0300084B03000800F002F800F060F891
:100190000AA090E8000C82448344AAF10107DA45E2
:1001A00001D100F055F8AFF2090EBAE80F0013F0D4
:1001B000010F18BFFB1A43F001031847C02A0100C2
:1001C000E02A01000A444FF0000C10F8013B13F044
:1001D000070408BF10F8014B1D1108BF10F8015BA0
:1001E000641E05D010F8016B641E01F8016BF9D193
:1001F00013F0080F1EBF10F8014BAD1C0C1B09D1EA
:100200006D1E58BF01F801CBFAD505E014F8016B5B
:1002100001F8016B6D1EF9D59142D6D370470000ED
:100220000023002400250026103A28BF78C1FBD8FF
:10023000520728BF30C148BF0B6070471FB511F08F
:1002400072FE9DE8030000F047FA1FBD10B510BD17
:1002500000F0AEFA1146FFF7F1FF0FF03BFC00F0A3
:10026000CCFA03B4FFF7F2FF03BC00F0FDFA000084
:100270002C4B19680868B0E8F04F80F30988BFF389
:100280006F8F4FF0000080F311887047000000006E
:1002900008480068006880F308884FF0000080F389
:1002A000148862B661B6BFF34F8FBFF36F8F00DF64
:1002B00000BF00BF08ED00E0DFF80C00016841F46A
:1002C00070010160704700BF88ED00E0EFF3098026
:1002D000BFF36F8F134B1A681EF0100F08BF20ED8D
:1002E000108A20E9F04F106009B44FF0500080F3FD
:1002F0001188BFF34F8FBFF36F8F10F003FB4FF0E8
:10030000000080F3118809BC19680868B0E8F04F54
:100310001EF0100F08BFB0EC108A80F30988BFF3FD
:100320006F8F704798000020EFF305807047000042
:100330000948804709480047FEE7FEE7FEE7FEE779
:10034000FEE7FEE7FEE7FEE7FEE7FEE704480549B5
:10035000054A064B70470000C9B40008890100082F
:1003600048B1002048C5002048C1002048C10020F5
:1003700070B5064600F094F9056806F10B0020F010
:100380000704B4429CBF002070BD2B466A68BAB116
:100390001068A04210D304F1080188423CBF5068A5
:1003A000586007D35168101941601168091B01603A
:1003B00058601460101D70BD13465268002AE7D1C2
:1003C0002146284600F074F90028DED170BD70B5D2
:1003D0000446051F00F064F90068002C14BF44684F
:1003E00070BD002C18BFAC423CBF20466468F8D3F7
:1003F00001680A18AA4218BF456003D12A68054659
:100400001144016028684119A1421CBF6C6070BD95
:100410006168696021680844286070BD53EA020C75
:1004200000F069802DE9F04B4FF00006002B1FBF54
:10043000B3FA83F503FA05F424FA05F65E4012BF19
:100440001643B2FA82F502FA05F4C5F120051EBF83
:1004500022FA05FC44EA0C04203556EA044C4FEA23
:10046000144418BF641C4FF000084FF0000990427C
:1004700071EB030C39D3002919BFB1FA81F701FAE6
:1004800007F6B0FA80F700FA07F6C7F120071EBF9B
:1004900020FA07FC46EA0C062037B6FBF4FCA7EB73
:1004A0000507103F07F01F0BCBF120060CFA0BFBE2
:1004B0002CFA06F644BFB3460026202FA4BF5E46A2
:1004C0004FF0000B5BEA060C08BF4FF0010B19EB75
:1004D0000B09ABFB027C48EB0608C01B06FB02CCF9
:1004E0000BFB03CC71EB0C01C1E70B460246414606
:1004F0004846BDE8F08B13B54FF000004FF0000107
:10050000AFF30080BDE81C407047032A40F2308002
:1005100010F0030C00F0158011F8013BBCF1020F44
:10052000624498BF11F801CB00F8013B38BF11F8C5
:10053000013BA2F1040298BF00F801CB38BF00F8DC
:10054000013B11F0030300F02580083AC0F0088059
:1005500051F8043B083A51F804CBA0E80810F5E73D
:10056000121D5CBF51F8043B40F8043BAFF3008020
:10057000D20724BF11F8013B11F801CB48BF11F895
:10058000012B24BF00F8013B00F801CB48BF00F865
:10059000012B704710B5203AC0F00B80B1E818501D
:1005A000203AA0E81850B1E81850A0E81850BFF45D
:1005B000F5AF5FEA027C24BFB1E81850A0E81850FC
:1005C00044BF18C918C0BDE810405FEA827C24BF50
:1005D00051F8043B40F8043B08BF7047D20728BFDE
:1005E00031F8023B48BF11F8012B28BF20F8023B2D
:1005F00048BF00F8012B704702F0FF0343EA0322D3
:1006000042EA024200F002B84FF000020429C0F0B2
:10061000128010F0030C00F01B80CCF1040CBCF134
:10062000020F18BF00F8012BA8BF20F8022BA1EB86
:100630000C0100F00DB85FEAC17C24BF00F8012B6B
:1006400000F8012B48BF00F8012B70474FF0000263
:1006500000B5134694469646203922BFA0E80C50B8
:10066000A0E80C50B1F12001BFF4F7AF090728BF93
:10067000A0E80C5048BF0CC05DF804EB890028BF0F
:1006800040F8042B08BF704748BF20F8022B11F038
:10069000804F18BF00F8012B7047704770477047B4
:1006A00000487047ECB000207047704770477047B3
:1006B00038B504460A4600206946AFF3008000289A
:1006C00008BF38BD02460099204600F04FF80120CF
:1006D00038BD012000F064B8F8B5AFF300800546DE
:1006E00000200C46102000BF0646A819A0420DD9D4
:1006F000324669460020AFF30080070008BF00F0D3
:100700004FF80098A04218BF0546C419FFF7C8FF6C
:1007100005600746F01D20F007004619284600F046
:100720000AF8B44208BFF8BDA21B31463868BDE8DC
:10073000F84000F01BB800210160C0E901107047CB
:100740001020704710B500F00DF8006810BD10B50E
:10075000044600F007F8046010BD00000048704730
:10076000E4B0002000487047E4B000200346406831
:100770008C46002818BF88423CBF03464068F8D327
:1007800018681844884207D00CF1030020F00700D5
:10079000001D411A521A0146081D0A60FFF717BED4
:1007A00010B500F039F8BDE8104000F02FB87047E0
:1007B0007546FFF7D3FFAE4605006946534620F065
:1007C0000700854618B020B5FFF7C0FDBDE8204002
:1007D0004FF000064FF000074FF000084FF0000BFD
:1007E00021F00701AC46ACE8C009ACE8C009ACE8B0
:1007F000C009ACE8C0098D46704710B50446AFF398
:1008000000802046BDE81040FFF72BBD002801D036
:1008100000F02AB87047000010B5012805D000216B
:1008200003A000F027F8012010BD09A1F8E700009F
:1008300053494752544D454D3A204F7574206F66C9
:100840002068656170206D656D6F72790000000031
:100850003A2048656170206D656D6F727920636F15
:10086000727275707465640001491820ABBEFEE7B2
:100870002600020070B505460C460A2000E06D1CFB
:1008800000F011F835B128780028F8D102E0641C96
:1008900000F009F814B120780028F8D1BDE87040C4
:1008A0000A20AFF3008008B569468DF800000320E8
:1008B000ABBE08BDF0B5146891F800E0DFF8C8C021
:1008C000324FA4680125324EBEF1000F43D0BC4226
:1008D00011D2DFF8C0E074450DDA52689268BA426E
:1008E00009D2724507DA90ED1D0AB0EEC00A10EE8B
:1008F000100A604500DB0D711868284F284A90EDFA
:10090000020A2548B0EEC00A10EE104A844208DB05
:1009100097ED000AB0EEC00A10EE104A944200DBD8
:1009200035705B6893ED020AB0EEC00A10EE103A23
:10093000834208DB97ED120AB0EEC00A10EE100AEF
:10094000904200DB75703078002803D07078002862
:1009500000D04D72F0BDBC4210D2124B9C420DDA59
:1009600052689268BA4209D29A4207DA90ED1D0A9B
:10097000B0EEC00A10EE100A604500DB0D710020D9
:10098000307070704872F0BD0000B442CDCC8CBFA6
:10099000D70800209A9919406666A640E8A1002071
:1009A0009A99993ECDCC8C3F01221021014803F049
:1009B00087B900000000024000221021014803F026
:1009C0007FB900000000024001221146014803F0F7
:1009D00077B900000004024000220121014803F021
:1009E0006FB900000004024070B50446FFF7E4FF51
:1009F000922000F031F906226549122000F00EF92C
:100A0000FFF7D2FF624DA5F11C0668782978000235
:100A100000B2084300EE100AD6ED030AB8EEC00A91
:100A200060EE200A94ED080A60EE800AC4ED000A28
:100A3000E878A978000200B2084300EE900AB8EE08
:100A4000E01AD6ED030A21EE201A21EE001A84EDF9
:100A5000011A68792979000200B2084301EE100AF0
:100A60003081B8EEC11A61EE200A20EE800A84EDD2
:100A7000020AFFF7B1FF08222946002000F0CEF855
:100A8000FFF7A2FF28780F285AD1F078A97800281C
:100A9000E8784FEA002000B240EA01002BD000EED7
:100AA000100AD4ED090AB8EEC01A96ED040A51EE08
:100AB000000AC4ED030A68792979000200B20843EC
:100AC00000EE900A94ED0A1AF8EEE00A10EE801A91
:100AD00084ED041AE879A979000200B2084300EE17
:100AE000900A308194ED0B1AF8EEE00A10EE801AAD
:100AF00084ED051A24E000EE100AF8EEC00A96ED27
:100B0000040A60EE800AC4ED030A687929790002BC
:100B100000B2084300EE900AF8EEE00A60EE800AA8
:100B2000C4ED040AE879A979000200B2084300EE96
:100B3000900A3081F8EEE00A20EE800A84ED050A82
:100B4000FFF73AFFA22000F087F802221049222086
:100B500000F064F8FFF728FF28786978C00040EAC1
:100B600051103081B0F5806F02DBA0F5006030815C
:100B7000B6F90800B4EE001A00EE100AF8EEC00A4A
:100B8000B3EE070A00EE810A84ED070A70BD00008B
:100B9000C001002070B50D461749184C08600020B0
:100BA000A0700EF0D7FCA1780843A0700EF066FD8F
:100BB000A1780843A0701DB1114800F09FFA18E019
:100BC0000F489FED100A80ED090A9FED0F0A80ED96
:100BD0000A0A9FED0E0A80ED0B0A9FED0D0A80EDCB
:100BE0000C0A9FED0C0A80ED080A9FED0B0A80EDC0
:100BF000060AA07870BD0000EC010020A4010020CE
:100C00000896002058A3653A5BE555BBC3BD3F3B42
:100C1000E9FF1A416F9E813F0000204270B51446E3
:100C20000D4640F0800000F017F806E0552000F077
:100C300013F8641E05F8010BE4B2002CF6D170BD68
:100C400010B50C4640F0800000F006F8552000F08A
:100C500003F8207010BD000001B582B04FF47A7027
:100C600000900548012301AA02A9006804F0BAFA1D
:100C70009DF804000EBD0000EC01002010B50C46EC
:100C8000FFF7EAFF2046BDE81040FFF7E5BF000090
:100C900010B506490120064C487002E001200EF014
:100CA0005BFF20780028F9D010BD00002409002047
:100CB000CE08002009F0F8BCB6EE002A92ED020A38
:100CC000B0EE421AD2ED030A00EE401AD0ED001A3F
:100CD000D0ED013A00EEE01A21EE213A92ED011A30
:100CE000D2ED001A61EE002A41EEE02A61EE200A00
:100CF00041EE800A02EEA33A90ED020AF0EE002ADD
:100D000000EE803A23EE220A81ED000AD2ED010ABC
:100D1000D2ED021A92ED001A92ED030A20EEA13AEA
:100D2000D0ED003A90ED014A01EE003A23EE233A6D
:100D3000F0EE423A40EEE03A40EE403A21EE800AD0
:100D400001EE600A03EE843AD0ED020A00EE203A8A
:100D500023EE220A81ED010AD2ED010AD2ED031A37
:100D600092ED020A92ED001A20EEA13A60EE211AED
:100D7000D0ED003A00EEE02A01EE403A41EE201AB2
:100D800090ED011A00EE402A23EE233A90ED020A7C
:100D900001EE813A02EE003A23EE220A81ED020AC8
:100DA000704700002DE9F05F0F462DED048B804663
:100DB0001C460178674815464FF0000A002971D09B
:100DC00098F8091000296ED09FED630A814687EDDF
:100DD000030A0068DFF884B19FED619A614EB1EEBD
:100DE000088AFAEE0E8ADFED609A20B1012823D03E
:100DF00002284DD141E0286890ED020AB0EEC01AF9
:100E000011EE100A584508DBF0EE490A554808F083
:100E1000C9F92168706B486002E0206880ED018AA2
:100E20002868524990ED000AB0EEC00A10EE100A90
:100E300088422DDB01201DE028684D4A90ED000A14
:100E4000B0EEC00A10EE101A91420ADB90ED020AD1
:100E5000DFED480A434808F0A5F92168706B486047
:100E600002E02068C0ED018A286843490068884292
:100E70000EDC0220C9F800000AE02868F0EE690ADA
:100E800090ED020A374808F08DF92168706B4860D0
:100E90003448D9F80410AE3031B1012927D00229E5
:100EA0003CD130E050E04BE0696891ED020AB0EED1
:100EB000C01A11EE101A594508DBF0EE490A08F085
:100EC00071F96168D6F8E200486002E0606880ED80
:100ED000018A686890ED000A2448B0EEC00A10EE5E
:100EE000101A81421ADB0121C9F8041016E060686B
:100EF000C0ED018A686801681F4881420EDC02204B
:100F0000C9F804000AE06968F0EE690A91ED020A86
:100F100008F048F96168D6F8E2004860D9F8001096
:100F2000022909D1D9F80400022805D188F800A0C7
:100F30009FED120A87ED030ABDEC048BBDE8F09F1C
:100F40009FED0F0A87ED030AC0F800A0C0F804A0C7
:100F5000F2E7000000090020CDCC4C3EC3F5A83FCD
:100F6000F6289C3F8EA40020EC51383E9A99993F78
:100F70000000A03F295C8F3FCDCC0C3FAE47613EC7
:100F80000AD7A33EFEE70000024900200968C863B3
:100F90007047000054140020024A136898621068D9
:100FA000C163704754140020014802F092B8000059
:100FB00050120020014802F08CB800007812002086
:100FC00010B58AB000200124CDE9060408940090F1
:100FD0000190029003900590049069460D4801F03D
:100FE00061FF0C4802F03FFB02210A4801F0E0FEDD
:100FF0000E200990CDE904406946074801F052FFF0
:10100000054802F030FB1021034801F0D1FE0AB080
:1010100010BD000050120020781200200020704700
:101020000020704710B50022044905480BF0BEF9B6
:10103000044903480BF0ADF9002010BD7C2B0020C3
:101040009C1700207C23002010B5014603480BF0BC
:10105000A0F902480BF076F9002010BD9C17002083
:101060000020704710B50246FF20044C03E012F840
:10107000013B4340E05C491EF9D210BDD420010879
:1010800030B50C4605000BD0022C09D9611EFFF7C4
:10109000E9FF291911F8011C884201D1012030BD56
:1010A000002030BD10B502004FF6FF700BD0064C8B
:1010B000491E08D312F8013B4340DBB234F8133029
:1010C00083EA1020F4E710BDD421010830B50C46A6
:1010D000050011D0022C0FD9A11EFFF7E3FF29193B
:1010E000C2B211F8023C9A4206D111F8011CB1EBD0
:1010F000102F01D1012030BD002030BD2DE9F04F6F
:1011000004462DED048B89B000200090019001F081
:10111000A5F8EC4E02AF0DF1140886ED050A4FF06C
:101120007C5BDFF8A493DFF8A4A301F097F8D6ED79
:10113000050AE74930EE600A10EE100A884214DD15
:101140009FEDE40A84ED090A9FEDE30A84ED0A0AA3
:101150009FEDE20A84ED0B0A9FEDE10A84ED0C0A93
:101160009FEDE00A84ED060A87E19FEDDF0A01F0BA
:1011700039F89FEDDE0A002584ED0C0A84ED090A9A
:1011800084ED0A0A84ED0B0AF8E0FFF715FC9220C3
:10119000FFF762FD062269461220FFF73FFDFFF7C9
:1011A00003FC9DF801009DF80010000200B2084306
:1011B00000EE100AD6ED030AB8EEC00A20EE200AAF
:1011C00084ED000A9DF803009DF80210000200B2B1
:1011D000084300EE900A20EE000AB8EEE01AD6EDC1
:1011E000030A21EE201A84ED011A9DF805009DF8EE
:1011F0000410000200B2084301EE900A01EE010A59
:10120000F8EEE11A61EEA00AC4ED020A00EEA00AAF
:101210000DF022FEB0EE408A94ED0C0A30EE080A82
:1012200084ED0C0AFFF7D8FB082269460020FFF77F
:10123000F5FCFFF7C9FB9DF800000F2840D19DF891
:1012400003009DF80210000200B2084300EE100AED
:10125000F8EEC00A96ED040A60EE800AC4ED030AB7
:1012600094ED091A71EE200AC4ED090A9DF80500F3
:101270009DF80410000200B2084300EE900AF8EE58
:10128000E00A60EE800AC4ED040A94ED0A1A71EED9
:10129000200AC4ED0A0A9DF807009DF80610000216
:1012A00000B2084300EE900AF8EEE00A20EE800A51
:1012B00084ED050AD4ED0B0A30EE800A84ED0B0AAA
:1012C000002D7CD0B4EEC98AF1EE10FA01DDB0EE4B
:1012D000489AB4EEE88AF1EE10FA01D2F0EE488AAC
:1012E0000020424604EB800191ED030A07EB8001E8
:1012F000D1ED000AB4EEE00AF1EE10FA01DD81ED65
:10130000000A02EB8001D1ED000AB4EEE00AF1EE32
:1013100010FA01D281ED000A401CC0B20328E1D3CB
:1013200039EE680A0020424686ED060A494607EB78
:101330008003D3ED000A02EB800393ED001A01EB6A
:101340008003401C70EEC10AC0B20328C3ED000A3E
:10135000EDD310EE100A584514DC0868524690424E
:1013600010DC486890420DDCD9F80800504509DCD3
:101370009FED5F0A00F036FF6D1CADB2F08885422C
:10138000FFF403AFF288D4ED0C0A00EE102A00201F
:10139000B8EE400A80EE801A84ED0C1A00EE102A96
:1013A00004EB8001401CB8EE400AD1ED090AC0B23E
:1013B000032880EE801A81ED091AEFD300E069E07E
:1013C000FFF7FAFAA220FFF747FC02226946222023
:1013D000FFF724FCFFF7E8FA9DF800009DF80110E4
:1013E000C00040EA5110B0F5806F01DBA0F500604D
:1013F00000EE100AB4EE001AF8EEC00AB3EE070AC7
:1014000000EE810A84ED060AB088401CB080B06905
:1014100058453FF78AAE94ED0C0ADFED360A30EE00
:10142000600AB0EEC00A10EE100A5845F1DCD9F897
:101430000020514648468A42EBDC42688A42E8DC9A
:10144000D9F808005045E4DC94ED090A2A48B0EECA
:10145000C00A10EE101A8142DBDC94ED0A0AB0EEED
:10146000C00A10EE101A8142D3DC94ED0B0AB0EEE4
:10147000C00A10EE101A8142CBDC94ED0C0ADFEDAD
:101480001F0A80EE801A84ED081A09B0BDEC048BA7
:10149000BDE8F08FB0EE489AF0EE488A0020414651
:1014A00004EB800292ED030A07EB800282ED000A52
:1014B00001EB8002401CC0B282ED000A0328EFD38A
:1014C0002EE70000A4010020FC9500209A99193E07
:1014D0000000204158A3653A5BE555BBC3BD3F3BC7
:1014E000E9FF1A41000020420AD7A33B0000000098
:1014F0006F12033ACDCC1C410AD7233CC3F51C41E3
:1015000000B589B040F21261009100210222CDE9BC
:101510000212049108AB06AA694601F05BFC09B00F
:1015200000BD70B586B0002402940091CDE903425D
:101530001D4606468DF8144006E0641CE4B2022CF9
:101540001CD801200EF008FB304601F0ACFD00284D
:10155000F3D001232A466946304601F03BFC80B1B6
:1015600002232A466946304601F034FC48B1042380
:101570002A466946304601F02DFC10B1012006B024
:1015800070BD0020FBE7000070B514462DED028B06
:1015900082B0097800254FF4007601B34268012A31
:1015A0002ED0002A7ED0816C0029FBD0D0F88C1080
:1015B000002977D0D0F8D000002873D003218D48BF
:1015C00000F018FD04218B4800F014FD05218A4825
:1015D00000F010FD0621884800F00CFDB5E0032165
:1015E000844800F0CEFE0421824800F0CAFE0521A6
:1015F000814800F0C6FE06217F4800F0C2FEA4E04C
:10160000826C012ACFD1D0F88C20012ACED1D0F81B
:10161000D020012ACED19FED798A01297DD0206882
:1016200090ED050ADFED768AF0EE680A07F08EFA93
:10163000B0EE402A1E22F0EE481AB0EE481AF0EE44
:10164000480AB0EE480A03216A4807F0B3FA206856
:10165000F0EE680A90ED040A07F078FAB0EE402A3E
:101660001E22F0EE481AB0EE481AF0EE480AB0EE2C
:10167000480A04215F4807F09DFA6068F0EE680AA6
:1016800090ED040A07F062FAB0EE402A1E22F0EE56
:10169000481AB0EE481AF0EE480AB0EE480A0521A2
:1016A000554800E041E007F085FA6068F0EE680A0E
:1016B00090ED050A07F04AFAB0EE402A1E22F0EE3D
:1016C000481AB0EE481AF0EE480AB0EE480A062171
:1016D000494807F06FFA01200EF03EFA206890EDBD
:1016E000030A9FED488AF0EE480A07F02FFABDEE94
:1016F000C00A0095002210EE100A3146019503B28F
:101700003C4800F056FE6068F0EE480A90ED030A8F
:1017100007F01CFABDEEC00A00E02DE010EE100A42
:101720000095002302B201951EE00321314800F02C
:10173000DDFE04212F4800F0D9FE05212E4800F0DF
:10174000D5FE06212C4800F0D1FE01200EF004FA4F
:10175000002300951A4631462648019500F029FEDF
:10176000002300951A4601953146234800F021FEDA
:1017700002B0BDEC028B70BD1E22B0EE482AF0EE26
:10178000481AB0EE481AF0EE480AB0EE480A0321B3
:10179000184807F00FFA1E22B0EE482AF0EE481A59
:1017A000B0EE481AF0EE480AB0EE480A042111489B
:1017B00007F000FA1E22B0EE482AF0EE481AB0EE0A
:1017C000481AF0EE480AB0EE480A05210A4807F028
:1017D000F1F91E22B0EE482AF0EE481AB0EE481A8F
:1017E000F0EE480AB0EE480A0621034807F0E2F995
:1017F000ABE700005012002078120020000000002B
:101800000000204200007A462DE9FF5F0D462DEDD5
:10181000048B12A9924691E8D00899465B4622466D
:101820005146284601F04EF83878002700287DD030
:1018300001287BD054480078002877D0DFED538A08
:101840009FED538A04F108089FED529A52490128EE
:101850001AD0022869D1287900286DD0484607F0AF
:10186000A8FF2146284600F09DF85A4631460498C4
:101870000CF04AFA169A3146BDEC048B04B02846A7
:10188000BDE8F05F08F0FCBC287968B1484607F075
:1018900090FF2146284600F085F85B4632465146C7
:1018A000049800F03BFCE5E70878022802D0032802
:1018B00021D039E0484607F07CFF9FED380A2F70B1
:1018C00084ED030A94ED070ADFED350AB5EEC00A90
:1018D000F1EE10FA0BD00120A870201DB0EE680ABE
:1018E00008F056F884ED010A94ED070A0AE0AF709B
:1018F00094ED060A0AE023464A465146284607F078
:1019000063FF21E0F0EE480A404609E0201D08F0A0
:101910003FF884ED010AF0EE480A4046B0EE680A4E
:1019200008F036F884ED020A377601E01FE003E0A4
:10193000BDEC048BBDE8FF9F08780328F4D1224654
:10194000494628460CF004FDA87858B1F0EE490A43
:10195000201DB0EE680A08F01BF884ED010A94ED32
:10196000090ACFE794ED080AF0EE490ACEE7377688
:10197000484607F01EFFBDEC048B04B02146284604
:10198000BDE8F05F00F00EB8CC08002000000000B9
:101990000AD7A33BBC74933CCD080020AE47613E00
:1019A0000AD7A33C9FED070A81ED010A81ED020AE7
:1019B0009FED050A81ED030A0021017041708170DD
:1019C0007047000000000000AE47613E10B560485F
:1019D0002DED048B0CF0E8F900231A4619469FED13
:1019E0005D8AF0EE484AB0EE484AF0EE483AB0EE72
:1019F000483ADFED598AB0EE482AF0EE682A9FEDAA
:101A0000579AB0EE481AF3EE0E0AF0EE491ADFEDDF
:101A1000549A5448B0EE690A07F08FFE00235148EB
:101A20001A461946F0EE484AB0EE484AF0EE483AF7
:101A3000B0EE483AF0EE682AB0EE482AF0EE491AC5
:101A4000B0EE481AF3EE0E0AB0EE690AAE3007F0B7
:101A500074FE002302221946F0EE484AB0EE484ACE
:101A6000F0EE483AB0EE483AF1EE0C2AB0EE482AD1
:101A7000DFED3D8A9FED3D9ADFED3D9AF0EE681A6D
:101A8000B0EE481AF0EE490AB0EE690A394807F09C
:101A900054FE3848002302221946F0EE484AB0EEC0
:101AA000484AF0EE483AB0EE483AF1EE0C2AB0EE71
:101AB000482AF0EE681AB0EE481AF0EE490AB0EE85
:101AC000690AAE3007F039FE9FED2D0A2548002344
:101AD0001A460221F0EE484AB0EE484AF0EE483A83
:101AE000B0EE483ADFED242AB0EE482ADFED231AA3
:101AF000B0EE481AF0EE400AAE3807F01EFE9FED39
:101B0000218ADFED228A01231A46F0EE480A1E4997
:101B1000B0EE680A1E4800F007FE1B491C4801236E
:101B20001A46F0EE480A0C31B0EE680A903000F028
:101B3000FBFD154901203439164C887002E0012064
:101B40000EF00AF820780028F9D0BDEC048B10BD07
:101B5000B8A7002000000000000002430080BB4442
:101B60000000344332A3002000000C430000704208
:101B70000000A0428EA400206F12033BCDCC4C3E4F
:101B8000CDCCCC3DCDCC4C3D0809002000002043FD
:101B9000EAA50020CE0800202DE9F04385B03F4C97
:101BA0003F4AA4F110033F493F4800940CF038F934
:101BB0003B4AA4F11003A2F16401A1F1240009F051
:101BC0005BFA3749A4F10803A3F1080288393648C3
:101BD000FEF770FEDFF8C890DFF8D480A9F1280086
:101BE000CDE90008314FA4F110050297CDE9039526
:101BF000A0F160012F4B304A2B48FFF705FE2F481C
:101C00004B46A3F1280100903A46A1F1600000F094
:101C100087FCA4F10806A9F17C012B463A46A1F104
:101C20000C00009600F016F94B46A3F128013A4645
:101C3000A1F160000CF060FCA9F1280133462A46AE
:101C4000A1F16000FFF7AEF8CDF80080CDE90364A4
:101C5000A9F12803CDE90175A3F15402A2F10C0109
:101C6000114806F0F7FA09F1C003CDE90264CDE9A5
:101C70000095A3F1E8013A46A1F1600005F098FE55
:101C800022463146A9F188000CF09EFA05B0324692
:101C90003946BDE8F0430348FFF776BCF80800205A
:101CA000B8A1002018AD0020C4970020CD08002066
:101CB000B0AC0020D8AE00206CAE0020ECA8002014
:101CC000F0B5807B164B10F0FC0F4FF000040BD1E9
:101CD00014484FF002064FF0030240894FF001050F
:101CE000C70704D080070DD50C701C70F0BD0E48DE
:101CF0001D70807A022811D003280DD00128F5D15B
:101D00000E70F0BD09481E70C079C0F3011028B1F3
:101D1000012801D00228F4D10A70F0BD0D70F0BD89
:101D2000CC08002058AE00206CAE002084AB002010
:101D300010B5D0E900348268A34201D1521C04E0FE
:101D4000521E8260002A01DC0022826043608A42C7
:101D500003DB491E8160012010BD002010BD000082
:101D60002DE9F0410CF0BAFA114C124D124E134FFE
:101D700002E001200DF0F0FE20782978084031784B
:101D8000084039780842F4D04FF4FA600DF0E4FED0
:101D90000B4C04E007F01CFE01200DF0DDFE207866
:101DA0000028F7D0074901208870BDE8F0810000C5
:101DB000B8080020D60800202009002025090020AE
:101DC000110B0020CC0800202DE9F0411F4D002709
:101DD0000E4604466F606868142100EB001006EBA5
:101DE00080003830FFF7A4FF014668682218401CC5
:101DF000117168600328EEDD6F606868142100EBE4
:101E0000400006EBC00000F58E70FFF791FF014621
:101E100068682218401C917068600128EDDDA07888
:101E2000E178800000EBC100217900EB01106179BD
:101E300000EB4110A17900EB8110E17900EBC110BA
:101E4000034949890843E081BDE8F081CC080020BE
:101E500058AE00202DE9F04105462DED048B0C46CF
:101E600001271078B1EE089ADFED478A00269FED32
:101E7000478A0A9938B1012805D0E87818B9287935
:101E800008B9687A10B12660666056E00868404B71
:101E9000DFF804C190ED020A3E484FF07C5EB0EEE0
:101EA000C00A10EE102A90ED000A9A42B0EEC00A65
:101EB00007DB10EE102A724503DB2268521C2260F9
:101EC00004E010EE102A624500DC2660496891EDBE
:101ED000020AB0EEC00A10EE101A99420BDB90ED28
:101EE000120AB0EEC00A10EE101A714503DB6068EA
:101EF000401C606008E090ED120AB0EEC00A10EEDF
:101F0000100A604500DC66602068022815DBEF716E
:101F100094ED000AF3EE0C0AB8EEC00A20EE090AAE
:101F200006F014FE84ED020A94ED000AB8EEC00A31
:101F300020EE280A84ED040A04E0EE7184ED028AA2
:101F400084ED048A6068022818DB2F7294ED010A80
:101F5000F3EE0C0AB8EEC00A20EE090A06F0F6FD10
:101F600084ED030A94ED010AB8EEC00A20EE280AB7
:101F700084ED050ABDEC048BBDE8F0812E7284ED82
:101F8000038A84ED058AF5E76F12033C0000000028
:101F90006666A640E8A100209A99193E0EB50E4843
:101FA0000B4A0C498DE807000C4B0D4A0D490E48B1
:101FB00000F056FD09480D491038FFF705FF0748A6
:101FC0000B491038FFF77CFEBDE80E400CF092B9CB
:101FD000F8080020F0080020E808002014A10020E4
:101FE0003CA1002030A10020C497002018AD0020A3
:101FF000CD0800201CB5FF228DF800208DF80120AF
:102000008DF804208DF802208DF805208DF803202E
:102010008DF80620FB228DF807206B460822FFF77B
:1020200080FA1CBD014801F0D1BB00007C160020E5
:10203000014801F0CBBB0000DC160020014801F094
:10204000C5BB00004C130020014801F0BFBB0000DD
:10205000AC130020014801F0B9BB00001C160020A1
:10206000014801F0B3BB00003C170020014801F01B
:10207000ADBB0000BC15002001681823CAB2103A9D
:10208000B2FBF3F2054B6FF30901032A9B5CC365B6
:1020900000D9091D8165084670470000E41F01084A
:1020A00010B5014600208B698A6A4FF0C07453B1A5
:1020B000B3F5005F15D072B1012A0CD0022A0AD004
:1020C000032A09D104E01AB1012A06D0022A03D159
:1020D000C96AC90100D5012010BDC96AA142FAD060
:1020E00010BD002AF7D0012AF2D0022AF3D0032A29
:1020F000F3D010BD30B50468256825F4802525602F
:10210000046863608368402B036803D099600068AB
:10211000C26030BD9A600068C16030BD70B58C8A05
:10212000E40504D4B1F9021011F5257F3DD1117EEB
:1021300000293AD190ED1D0A1C4E0124B0EEC00AD0
:1021400010EE105AB5420BDB90ED1C0AB5EEC00A3A
:10215000F1EE10FA01D8D48503E00220D08500E02A
:10216000D1851868124B984204DB124B984201D378
:10217000918500E09485104890ED020A82ED070AEF
:1021800090ED140A82ED080A90ED020A82ED090A28
:1021900090ED140A82ED0A0A116051609160D160DD
:1021A0001161516151769176147670BD0000B44290
:1021B000ED06AE3F88F4E0BFE8A10020074808B56F
:1021C00040680090014606480269914202D2C16807
:1021D000491CC1600099016108BD0000001000E0C9
:1021E000600A00200A4841680A4AD2ED000A4268A3
:1021F000521AF8EE601A01EE102AB8EE411A60EE9B
:10220000211AB4EEE11AF1EE10FAF0D37047000093
:10221000001000E0600A002000B50E492DED028B91
:1022200081B0496800910168009A511A00EE101AB5
:102230000949F8EE400A91ED000A0260B8EE400A42
:1022400080EE808AFFF7BAFF01B0B0EE480ABDEC1D
:10225000028B00BD001000E0600A002010B500F005
:1022600043F80C489FED0C1A818890ED000A00EEAF
:10227000901AC088B8EE400AF8EE600A00EE810AB3
:1022800000EE900A9FED051AF8EE600A00EE810A52
:1022900010BD0000900A00206F12833ABD378635CA
:1022A0000D490A6842F080720A600C4900224A60B7
:1022B0000B6843F001030B6009494FF47A734843FC
:1022C000B0FBF3F30749C1E90003054BB0FBF3F0A2
:1022D000C1E9020270470000FCED00E0001000E0E0
:1022E00040420F00600A00202DE9F8432248406870
:1022F0000090FFF763FF214C00270098E1684FF042
:10230000FF323D46E1FB0205C4E90E05D4F800802A
:10231000064642463B462946FEF780F80246A2FBA7
:10232000083CC4E9060101FB08C002FB0701F01AE2
:1023300065EB0105C4E9080504F130080646C8F854
:102340000020D4F8049000234A462946FEF766F898
:1023500081B2A8F8041001FB09F1701A65EB0705BA
:10236000C4E90A0529460023A268FEF757F8A8F831
:102370000600BDE8F8830000001000E0600A0020BD
:1023800070471CB5FF228DF800208DF801208DF8D4
:1023900004208DF802208DF805208DF803208DF89B
:1023A0000620FD228DF807206B460822FFF7B9F8BA
:1023B0001CBD7CB5160A8DF800608DF801201A0A44
:1023C000DDE906548DF802202A0A8DF804208DF8E4
:1023D0000550220A8DF806208DF803308DF807404D
:1023E0006B460822FFF79DF87CBD012001F074BB0D
:1023F000082001F071BB102001F06EBB202001F01D
:102400006BBBB6EE002A92ED020AB0EE421AD2ED94
:10241000030A00EE401AD0ED001AD0ED013A00EEAA
:10242000E01A21EE213A92ED011AD2ED001A61EE86
:10243000002A41EEA02A61EE200A41EEC00A02EE17
:10244000A33A90ED020AF0EE002A00EE803A23EE65
:10245000220A81ED000AD2ED010AD2ED021A92EDB4
:10246000001A92ED030A20EEA13AD0ED003A90ED69
:10247000014A01EE403A23EE233AF0EE423A40EEB2
:10248000E03A40EE403A21EE800A01EE200A03EEE7
:10249000843AD0ED020A00EE203A23EE220A81EDC2
:1024A000010AD2ED010AD2ED031A92ED020A92ED71
:1024B000001A20EEA13A60EE211AD0ED003A00EEAB
:1024C000E02A01EE003A41EE601A90ED011A00EEAA
:1024D000402A23EE233A90ED020A01EE813A02EE01
:1024E000003A23EE220A81ED020A70471CB5FF2252
:1024F0008DF800208DF801208DF804208DF8022041
:102500008DF805208DF803208DF80620FC228DF82B
:1025100007206B460822FFF704F81CBD72B6FEE7E1
:102520002DE9F04193ED080A069E04461D4686ED0E
:10253000010A93ED0A0A1746884686ED000A06F15D
:102540001400FFF769FE314623480BF051FC96ED6D
:10255000020A9FED221A85ED020A387820490023ED
:10256000A0B3012833D0E07880BB207970BB6079BC
:1025700060BBA07950BBE07940BB207A30BB607A69
:1025800020BBA07810BBD8ED010A1648F0EEE00A97
:1025900010EE902A82421ADA10EE902A824206DC6D
:1025A000F0EEC00A10EE900A0F4A904202DD087861
:1025B000002809D001200870D5ED010A9FED0B1A03
:1025C00040EE010AC5ED010ABDE8F081FFE70B709E
:1025D00085ED011AF8E70000B8A700200000000010
:1025E000D4080020CDCC4C3DCDCC4C3E0AD7233C6A
:1025F00010B504462DED028BB0EE408A1830FFF77F
:102600000BFE10EE100AE061216A00EE100A00EEE7
:10261000901AE26870EE800A00EE100A20EE080AB6
:1026200080EE201A00EE902A00EE101A60EE801A5A
:1026300000EE901A00EE100A30EE800AC1EE800A19
:1026400031EE200A10EE101AE160228E022A0AD919
:1026500000EE100A00EE901A04F1320006F07AFB48
:1026600010EE100A0CE000EE101A216900EE901A2C
:1026700030EE601A00EE100AC1EE000A10EE900A69
:102680006062B4F85C000228606A0BD900EE900A20
:10269000E06900EE100A04F15E0006F05BFB10EE4C
:1026A000100A0DE000EE100AE06A00EE900AE06900
:1026B00030EE601A00EE100AC1EE000A10EE900A29
:1026C000A062206800EE100AE06800EE900A6068E0
:1026D00020EE200A00EE900A606A01EE100AA0685F
:1026E00000EE810A00EE900AA06A01EE100A00EEE8
:1026F000810A10EE100AC4F88800D4F88C1000EE9D
:10270000100A01EE101AF1EE410A0DF098F910EEE0
:10271000100AC4F88800E1682161616AE16200EE94
:10272000100ABDEC028B10BD70B5044610EE100A05
:102730001E46C4F88C00002539B134B10868206009
:10274000486860608868A06004E025606560A560F6
:10275000C4F88C5010EE900A022A20622286A4F857
:102760005C6004D9114604F1320006F0EDFB022E44
:1027700004D9314604F15E0006F0E6FBA561C4F819
:10278000885070BD30EEC01AB5EEC00A1E48F1EE9A
:1027900010FA16DDF5EEC00AF1EE10FA11D2DFEDF7
:1027A0001B1A31EEC00A30EE200AF1EE410A80ED2C
:1027B000010AB4EEE00A80ED021AF1EE10FA1BD322
:1027C0001DE0B5EEC00AF1EE10FA18D2F5EEC00A1F
:1027D000F1EE10FA13DDDFED0E1A31EEC00A30EE25
:1027E000200A80ED010AF1EE400A80ED021AF4EEB3
:1027F000C10AF1EE10FA02D280ED030A01E080ED89
:10280000031A90ED030A70473C0B0020DB0FC94010
:10281000DB0FC9C0F0B51F4C20EE002A20EEA01A35
:102820004FF0000CA4F800C0A4F802C0278807EB02
:10283000870600EBC605638803EB460202EB420203
:1028400001EBC202D2ED001AD2ED012A42EE801A4B
:10285000D2ED022A42EEA01AD2ED032A42EE821AEB
:10286000D2ED042A62EE802A42EEA01AD2ED052AA9
:1028700005EB83025B1C42EE811AC2ED001A9AB28C
:102880006280092AD7D97F1CBAB22280032ACBD909
:10289000F0BD000070080020028802810A8852BA48
:1028A00002804A8852BA42808A8852BA82808979E4
:1028B0008171C168B1F57A7F01DB002100E0491C1C
:1028C000C16070472DE9F0410E462DED028B0746A1
:1028D0005649586A1446884206DC9FED550A84ED35
:1028E000040AB2EE060A15E05049524AC9430144AF
:1028F000914206D89FED500A84ED040AB2EE020A16
:1029000008E04E49884207DDB7EE000A84ED040A6C
:10291000B1EE080A84ED050AB878DFED490A494DA1
:10292000F0B3307D10F00C0F46D093ED000ADFEDD0
:10293000460AFFF727FF85ED020AB6F902000521D6
:1029400005F0D2FD00EE100AB8EEC00ADFED3F0A36
:1029500080EE208A95ED020A0CF09EFB28EE000A1C
:10296000D4ED040A06F0F2F884ED060AB6F9080080
:10297000052105F0B9FD00EE100A9FED351AF8EEBD
:10298000C00A80EE810AD4ED050A06F0DFF831486E
:1029900084ED070A9FED300A007880B1012800E03D
:1029A0000AE00FD0022832D12C48B978B0F81100D3
:1029B00061B141070CD42EE093ED000AB9E784ED34
:1029C000080A22E0B8780028B08AF2D1C10729D0DD
:1029D00095ED020A0CF060FBD4ED040A20EE200A0B
:1029E00009E095ED020A0CF057FBD4ED040AB1EEB4
:1029F000601A20EE010A06F0A9F884ED080A94EDA9
:102A0000050AF0EE400A06F0A1F884ED090ABDECD3
:102A1000028BBDE8F0810107E3D4C107E1D1800753
:102A2000EBD5D5E78007E8D5DBE70000AE47613E90
:102A300033331340C2F528009A99D93F0AD7A33EF1
:102A400088F4E0BFD408002068253FBE00007A4328
:102A500000007042CC0800200000000084AB002081
:102A60002DE9F05F82462DED048B1D461746C948BF
:102A7000DDE90E49406B109E00EE100A8846DFED3E
:102A8000C60A181D20EE200A83ED040AFFF7C4FBD6
:102A900085ED000A2068D0ED010A90ED0F1A70EE66
:102AA000C10A80EE801A80ED0E1A606890ED010A6E
:102AB000D0ED0F0A30EE600AD5ED000A80EE201A44
:102AC00080ED0E1A206890ED010A80ED0F0A606813
:102AD00090ED010A80ED0F0A306890ED090A206838
:102AE000D0ED110A30EE600AD5ED000A80EE201A12
:102AF00080ED101A706890ED090A6068D0ED110A37
:102B000030EE600AD5ED000A80EE201A80ED101A32
:102B1000306890ED090A206880ED110A706890ED28
:102B2000090A606880ED110A206890ED000A0CF037
:102B3000D1FCD9F80000D0ED010A306820EE200A5F
:102B4000D0ED080A2068C0EE208A90ED000A0CF053
:102B5000A3FAD9F80000DFF844B290ED001ADBF8D0
:102B6000880000EE900A206871EE600A40EE808ACC
:102B700090ED000A0CF090FA20689AED0C8AD0EDE6
:102B8000100A00EEC08A90ED000A0CF0A3FC306839
:102B9000F0EE009AD0ED090A206860EEA90A90EDE7
:102BA000011A60EE810A00EE808A90ED000A0CF0B6
:102BB00091FC3068D0ED080A206890ED0E1A60EEA6
:102BC000810A00EE808A90ED000A0CF065FA306808
:102BD00090ED081A2068D0ED010A21EE201A61EE6E
:102BE000200A00EE808A9FED6E9AB0EE680A2830C7
:102BF00008EE090A05F0B9FF85ED020A606890ED5C
:102C0000000A0CF067FCD9F80400D0ED010A7068E6
:102C100020EE200AD0ED080A606880EE208A90ED50
:102C2000000A0CF039FAD9F8040090ED001ADBF82C
:102C3000180100EE900A606871EE600A00EE808A6A
:102C400090ED000A0CF028FA6068DAED0C8AD0EDFD
:102C5000100A40EEC08A90ED000A0CF03BFC706850
:102C6000D0ED090A606860EEA90A90ED011A60EEE5
:102C7000810A40EE808A90ED000A0CF02BFC70680F
:102C8000D0ED080A606890ED0E1A60EE810A40EE01
:102C9000808A90ED000A0CF0FFF9706890ED081A38
:102CA0006068D0ED010A283021EE201A61EE200A7A
:102CB00040EE808AB0EE480A08EE890A05F055FF1A
:102CC00085ED030A95ED040AB5EEC00AF1EE10FA9F
:102CD000D5ED020A13DB30EEC00AD5ED050A2068F7
:102CE00030EE200AD7ED020A30EE600A80ED090AC4
:102CF00095ED030AD5ED040A30EE600A12E030EEDD
:102D0000800AD5ED050A206830EE200AD7ED020AC8
:102D100030EE600A80ED090A95ED030AD5ED040A4C
:102D200030EE200AD5ED050A60681E4A30EE200A12
:102D3000D7ED030A002130EE600A80ED090A206811
:102D4000436A0120934201DB287600E0297663681C
:102D50005B6A934201DB687600E069762A7E012A8D
:102D600008D16A7E012A05D198F8042012B998F892
:102D700000204AB19FED0C0A88F8031085ED050A82
:102D8000BDEC048BBDE8F09F88F803009FED070AB7
:102D9000F4E7000084A2002000001644EAA5002009
:102DA0009A99193F0000DC42000000000000204218
:102DB00090F82020012A07D0022A05D0416A41F468
:102DC0008021416201207047006842690A434261E4
:102DD00000207047F0B590F820500468A468012DD9
:102DE00005D0022D03D0416A41F4802157E014F050
:102DF000406F01D1E5004FD5C4F301640125A54022
:102E00001D608B684FF4C0759BB1CE6833434E682C
:102E100043EAC603066805EB0417F3514FF4C27387
:102E2000076803EB04130E69FE50097D012905D0E4
:102E300009E00E88CB6843EA4653EBE70168CE58B9
:102E400046F48076CE501179D379567941EA036100
:102E500093791B0443EA062319434FF4C6760368AB
:102E600006EB041699511178D37841EA03619378FF
:102E700052781B0443EA022211434FF4C4730268E0
:102E800003EB0413D150006805EB0411425842F0E3
:102E9000010242500020F0BD416A41F4001141623C
:102EA0000120F0BD10B590F82020012A07D0022A99
:102EB00005D0416A41F480214162012010BD3B48A8
:102EC000D0F8002242F00102C0F80022D0F800221F
:102ED00022F47C52C0F80022D0F800224B6A42EA69
:102EE0000322C0F800220A7D02F01F0301229A404B
:102EF000D0F81C329343C0F81C32CB69B3B9D0F878
:102F00000C329343C0F80C328C894B6864F31F4336
:102F10004C6900EBC404C4F840320C890B6864F3BC
:102F20001F434C6900EBC404C4F84432CB69012B45
:102F300016D1D0F80C321343C0F80C320C884B6811
:102F400064F31F434C6900EBC404C4F840320C899D
:102F5000CB6864F31F434C6900EBC404C4F84432EB
:102F60008B69002BD0F804320ED01343C0F8043222
:102F70000B69002BD0F8143208D01343C0F8143278
:102F8000096A012904D008E09343EFE79343F5E78A
:102F9000D0F81C121143C0F81C12D0F8001221F016
:102FA0000101C0F80012002010BD000000640040C4
:102FB000704770B590F82040012C05D0022C03D04A
:102FC000416A41F4802128E0046809B32469A40718
:102FD00020D04FF4D874056804EB01142D5915F076
:102FE0000405956005682D591AD0ED0855600568EF
:102FF0002C5904F00204D4604FF4DA74056804EB31
:1030000001142E5906F00F06082E0CD308250DE0EA
:10301000E468DCE7416A41F400114162012070BDBF
:103020006D0D1560E3E72D5905F00F051561056875
:103030002D59C5F30725956105682C59240C546159
:103040004FF4DC72046802EB0112A4581C7004688F
:10305000A458240A5C700468A458240C9C7004686A
:10306000A258120EDA704FF4DE72046802EB0112FD
:10307000A4581C710468A458240A5C710468A458FC
:10308000240C9C710468A258120EDA71006829B1F0
:10309000016941F020010161002070BDC16841F06B
:1030A0002001C160F8E70246002092F820100129B3
:1030B00001D002290CD111688A68520100D5012083
:1030C0008A68120100D5401C8968C90000D5401CDF
:1030D00070472DE9F05F0546006800244669D0F886
:1030E00004908768D0F80CB0D0F810A0D0F8188001
:1030F000F10748D0F90714D001218160B80703D542
:10310000284600F0DCFA0CE0780702D54FF40064A2
:1031100007E0380702D54FF4805402E0284600F05B
:10312000CDFAF80516D529684FF480708860B80587
:1031300003D5284600F0C5FA0CE0780502D544F422
:10314000005407E0380502D544F4804402E02846E4
:1031500000F0B6FAF80316D529684FF4803088607D
:10316000B80303D5284600F0AEFA0CE0780302D588
:1031700044F4004407E0380302D544F4803402E00C
:10318000284600F09FFA300707D55FEACB6004D5E8
:103190002968102044F40074C86070074FF00807D5
:1031A00007D55FEA0B7004D52868C760284600F091
:1031B00097F9B00706D52868C068800702D028466E
:1031C00000F090F9700607D55FEACA6004D5296857
:1031D000102044F480640861B00607D55FEA0A70E5
:1031E00004D528680761284600F00EFAF00606D5D7
:1031F00028680069800702D0284600F007FAB0036B
:1032000008D55FEAC96005D52968102048602846BE
:1032100000F028FAF00307D55FEA097004D52868A2
:103220004760284600F050FA300446D55FEA4970FE
:1032300040D5F00504D55FEAC87001D044F0010420
:10324000B00504D55FEA887001D544F0020470052A
:1032500004D55FEA487001D544F00404300529D54F
:1032600018F0700F26D008F07000402815D006DC4A
:10327000102809D020280AD0302816D10AE050287A
:103280000ED0602811D10EE044F008040DE044F0A7
:1032900010040AE044F0200407E044F0400404E095
:1032A00044F0800401E044F480742868816921F0CE
:1032B00070018161296804204860002C05D0686A8B
:1032C000204368622846FFF773FEBDE8F09F70B5A3
:1032D000040003D094F8200010B104E0012070BD78
:1032E000204600F081F82068016841F0010101608A
:1032F00000F0ECFC0546052604E000F0E7FC401B6E
:103300000A2811D820684068C007F6D020680168F4
:1033100021F00201016000F0D9FC05460BE000F04D
:10332000D5FC401B0A2806D9606A40F40030606270
:1033300084F82060D2E7206840688007EFD4207EC0
:103340000128206801683DD021F080010160607E85
:1033500001282068016838D021F040010160A07E7A
:1033600001282068016833D021F020010160E07E4F
:103370000128206801682ED041F010010160207FF3
:1033800001282068016829D021F008010160607FD0
:1033900001282068016824D021F004010160D4E9EB
:1033A00002010843D4E90412114308436168491E2D
:1033B00008432168C86100206062012084F8200071
:1033C000002070BD41F08001C0E741F04001C5E739
:1033D00041F02001CAE721F01001CFE741F00801D8
:1033E000D4E741F00401D9E7F0B587B004461421D1
:1033F0006846FDF72BF93549354ADFF8CCE0086817
:10340000D4F800C0324B03240225092610320027CD
:10341000401CF44521D10860012807D1106840F014
:1034200000701060106800F000700590186840F09F
:103430000800186018688DE8B00000F00800CDE9B9
:10344000046069460394234800F052FB00220521E2
:10345000142000F0E7FD142031E0DFF87CE0F445B3
:103460002FD1D2F800C04CF0806CC2F800C0D2F866
:1034700000C001280CF0806CCDF814C0086007D1A2
:10348000106840F000701060106800F00070059047
:10349000186840F0020018601868694600F00200E1
:1034A000059060208DE8A100CDE903460B4800F0AF
:1034B0001FFB00220521412000F0B4FD412000F057
:1034C000A3FD07B0F0BD000000640040180000201C
:1034D00030380240000C0240006800400004024006
:1034E0007047000010B5424B424A0021FFF761FDD2
:1034F0000028FDD13F48404B3D4900683F4AB0F5A8
:10350000907F44D018DC10285DD0112860D080282E
:103510002ED0B0F5807F0ED1087800B10120107256
:10352000487800B101205072488840BA10608888FD
:1035300040BAA3F8110010BDA0F5007002384FD0BA
:103540002F4AA0F580600E380BD00228F3D10888EE
:1035500040BAD082488840BA5082888840BA908267
:1035600010BD088840BA1081488840BA508110BD0B
:10357000088842BA234842804A8852BA02818A881F
:1035800052BA82828A798272C979C17210BD088862
:1035900040BA5081488840BA00EE100AB8EE400A9E
:1035A00082ED030A888840BA00B200EE100AB8EE35
:1035B000C00A82ED010A88791061C979D87961F36E
:1035C0000510D87110BD0B481E220949383003E0A0
:1035D00008481E2206497C30BDE8104006F014BAA7
:1035E0000648BDE8104002493038FFF755B90000E1
:1035F0002C0B0020E0AC002084AB002058AE002053
:1036000090AC00206CAE00207047000010B5124B4B
:10361000124A0121FFF7CDFC0028FDD10F480068B8
:1036200012280BD013280ED0A0F50070013812D14B
:10363000BDE8104008490A48FFF72EB908481E2285
:103640000549A03803E006481E2203495C38BDE85E
:10365000104006F0D9B910BD340B0020FCAC00209E
:1036600040AE0020704770B5044690F82000012855
:1036700004D0606A40F40020606217E0022084F801
:1036800020002068016821F00101016000F01EFBAC
:1036900005460DE000F01AFB401B0A2808D9606AB5
:1036A00040F400306062052084F82000012070BDE5
:1036B00020684068C007EDD1606270BD70477047F8
:1036C0007047704770477047704710B5040002D0CC
:1036D000607910B106E0012010BD00202071204665
:1036E00000F004F801206071002010BD08B50068EA
:1036F0000649884208D10648016841F480510160BA
:10370000006800F48050009008BD000000300240C6
:10371000303802402DE9F0410446876D00F0D6FABA
:10372000054694F835000026022806D08020606502
:1037300084F834600120BDE8F0812068016821F040
:10374000160101602068416921F080014161206C0F
:1037500008B9A06C20B12068016821F0080101605F
:103760002068016821F0010101600CE000F0AEFA70
:10377000401B052807D920206065032084F8350008
:1037800084F83460D7E720680068C007EED194F869
:103790005C103F208840B860012084F8350084F830
:1037A00034600020C7E790F83510022903D080214B
:1037B000416501207047052180F8351000680168D7
:1037C00021F0010101600020704700002DE9F8435D
:1037D00004464FF00009CDF8009063484FF41651AD
:1037E000A56D0068B0FBF1F72E6894F85C20082105
:1037F00001FA02F030420FD02068026852070BD560
:10380000026822F00402026094F85C008140A96022
:10381000606D40F00100606594F85C104FF00108A5
:1038200008FA01F0304208D021684969090604D538
:10383000A860606D40F00200606594F85C100420A0
:103840008840304208D021680968890704D5A860FB
:10385000606D40F00400606594F85C1010208840B2
:10386000304218D021680968090714D5A86020687B
:103870000168490304D50068000308D5A16C07E07E
:103880000168C90503D4016821F008010160216CB9
:1038900009B12046884794F85C10202088403042C7
:1038A00031D021680968C9062DD5A86094F8350083
:1038B00005282068016806D0490347D50068000341
:1038C0001DD4616C1CE021F0160101602068416983
:1038D00021F080014161206C08B9A06C20B1206802
:1038E000016821F00801016094F85C103F208840D5
:1038F000A86084F8358084F83490216D1FE0E16B76
:1039000009B120468847606D00282BD0606DC00744
:1039100014D0052084F835002068016821F00101E9
:1039200001600098401C0090B84203D820680068ED
:10393000C007F6D184F8358084F83490E16C002912
:1039400010D001B02046BDE8F04308470168C90522
:10395000D5D4016821F01001016084F8358084F825
:103960003490CCE7BDE8F883940000202DE9F041C5
:10397000044600F0ABF905465CB1022084F835003E
:10398000002684F834602068016821F0010101609C
:103990000DE00120BDE8F08100F098F9401B0528FA
:1039A00005D920206065032084F83500F2E72068FF
:1039B0000068C007F0D121680A6820480240D4E9B5
:1039C00001031843D4E903352B43184363691843B3
:1039D000A3691843E3691843236A18431043626AD2
:1039E000042A03D1D4E90B231A431043086020684A
:1039F0004069656A20F0070128460D430127042825
:103A00000CD1A06A0543E06A40B12046FEF748FBAE
:103A100020B14020606584F83570BAE720684561C0
:103A20002046FEF729FB94F85C203F2191408160FD
:103A3000666584F835700020ACE700003F8010F028
:103A40002DE9F0410446866D90F8340000250128E8
:103A50000DD0012084F8340094F835700020012F37
:103A600007D084F8340002252846BDE8F081022002
:103A7000FBE7022784F8357060652046FEF73AFBC5
:103A800094F85C103F208840B0602068016841F0E5
:103A900016010160206C20B12068016841F0080126
:103AA00001602068016841F001010160DCE700006D
:103AB00070B5044600F00AF90546601C02D00448BF
:103AC0000078044400F002F9401BA042FAD370BD14
:103AD0008800002070470000044910B50A680242BF
:103AE00002D00860FFF7F6FF10BD0000143C014053
:103AF0002DE9F84FDFF89C910022A9F1040B032770
:103B00004FF00F0C09F1040AABF1040E01250B680C
:103B100095402B40AB426ED10C7904F00304012C8C
:103B200001D0022C15D18668540007FA04F826EA61
:103B30000806D1F80C8008FA04F848EA0608C0F82C
:103B400008804468AC430D79C5F3001595402543C2
:103B500045600C79E443A40708D0C568540007FA0F
:103B600004F6B5438E68A6402E43C6600C7904F077
:103B70000304022C11D1D40800EB8406356A5407E3
:103B8000E40E0CFA04F825EA0805D1F8108008FACA
:103B900004F848EA0508C6F820800568540007FACA
:103BA00004F6B5430E7906F00306A6402E430660E0
:103BB0004C6814F4403F66D0374C256845F4804586
:103BC0002560246822F0030504F480440094334CFB
:103BD00005EB0408D8F808589407260F0CFA06F4E9
:103BE000A5432F4CA04201D1002424E02D4CA0423B
:103BF00002D101241FE046E02B4CA04201D1022457
:103C000019E02A4CA04201D1032414E0284CA04220
:103C100001D104240FE0274CA04201D105240AE081
:103C2000254CA04201D1062405E0244CA04201D13C
:103C3000072400E00824B4402C43C8F80848D9F809
:103C400000404D464E689C43F60200D51C432C6054
:103C5000DAF8004055464E689C43B60200D51C4336
:103C60002C60DBF800405D464E689C43B60300D5EF
:103C70001C432C60DEF8004075464E689C43F603FA
:103C800000D51C432C60521C102AFFF43FAFBDE846
:103C9000F88F0000083C01404438024000300140E9
:103CA000000002400004024000080240000C0240F4
:103CB000001002400014024000180240001C0240A4
:103CC0000AB1816170470904FBE700000148806880
:103CD000704700008800002070B5040025D094F8DB
:103CE0003D00002520B984F83C50204600F0B8F88B
:103CF000242084F83D002068016821F00101016062
:103D00002068016841F4004101602068016821F4E5
:103D10000041016000F08CFF4D4B6168994201D871
:103D20004C4900E04C49884201D2012070BD4B490A
:103D30002268B0FBF1F1566826F03F060E4356604C
:103D400062689A4206D94FF4967251434FF47A72E0
:103D5000B1FBF2F12268491C166A26F03F06314396
:103D600011626168994210D84900401EB0FBF1F21F
:103D7000521CC2F30B02042A01D2042022E0B0FB41
:103D8000F1F0401CC0F30B001CE0A268F2B301EBA1
:103D9000C10303EB0116431EB3FBF6F35B1C43F4B4
:103DA00080431B0549D092B301EBC10202EB011124
:103DB000401EB0FBF1F0401CC0F30B0040F480400B
:103DC00040F400402168CA694CF6FF739A431043DF
:103DD000C861D4E9071001432068026822F0C002DC
:103DE00011430160D4E9030101432068826848F26D
:103DF000FF339A4311438160D4E9051001432068E1
:103E0000C26822F0FF021143C16001E00EE016E03B
:103E10002068016841F0010101602564202084F8D8
:103E20003D00256384F83E50002070BD01EB410643
:103E3000431EB3FBF6F35B1CB3E70120C2E701EBC3
:103E40004101401EB0FBF1F0401CC0F30B00B7E78E
:103E5000A086010080841E0000093D0040420F0042
:103E6000F0B587B0044614216846FCF7EFFB1D4906
:103E70002068884233D11C480025016841F00401C4
:103E80000160016801F004010591016841F0010140
:103E900001600068122600F0010005904FF40070E8
:103EA000CDE90006032704240295CDE90374694691
:103EB0000E48FFF71DFEA001CDE900060295CDE9F1
:103EC000037469460A48FFF713FE0748103001687B
:103ED00041F400010160006800F40000059007B0A3
:103EE000F0BD0000005C0040303802400008024095
:103EF00000000240024881680278114481607047E6
:103F0000880000200B4810B5016841F40071016081
:103F1000016841F480610160016841F480710160D1
:103F2000032000F09FF80F2000F006F800F050F892
:103F3000002010BD003C024030B50546204887B047
:103F40000024016841F001010160006806A900F049
:103F500001000590684600F045FE0398B0B100F0FE
:103F600067FE400017494FF08042B0FBF1F1164860
:103F7000491E026040F2E732C0E90324C0E901149F
:103F8000846101F06DFA040003D015E000F050FEEA
:103F9000E8E70D4801F008FB04000DD11C2000F0FB
:103FA00033F8102D07D2002229461C2000F03AF8E1
:103FB0000648056000E0012407B0204630BD00003F
:103FC0004038024040420F007C3300208C0000202B
:103FD0000C4882B0016841F480410160006800F43F
:103FE000804000900748001F016841F08051016047
:103FF0000068002200F0805000900F21901E02B057
:1040000000F010B844380240002809DB00F01F021D
:10401000012191404009800000F1E020C0F800112A
:1040200070470000F0B40E4B1B68C3F30223C3F1CA
:104030000704042C00D904241D1D072D01D20023E0
:1040400000E0DB1E012606FA04F56D1E0D409D40C2
:104050009E40761E164045EA0601F0BC0AF0C7BA3B
:104060000CED00E0064A00F0070110684FF6FF0370
:10407000184040EA012003490843106070470000DF
:104080000CED00E00000FA05704700684162002076
:104090007047F0B50368586A39B19C6A4FF482756D
:1040A00000EB144400204E1E0AE040EA02409862F1
:1040B0000FE005EB8007DF59401C04EB1744C0B24A
:1040C000B042F6D344EA02404FF4807202EB810121
:1040D00058500020F0BDD0F8E00408F052BC01EBCD
:1040E000C10200EB8202D0F8E004126A08F0A3BB20
:1040F00001EBC10200EB8202D0F8E004D2F86022AA
:1041000008F0F5BBD0F8E00408F03DBC0A0601F069
:104110000F0101EBC10100EB810101D5143101E078
:1041200001F51571006809F021BB70B504460B0656
:1041300001F00F0000EBC00104EB81014FF0010220
:104140004FF0000502D54A75143103E081F855524D
:1041500001F51571087094F89404012808D084F8CA
:104160009424206809F020F884F89454002070BD4D
:10417000022070BD70B5044601F00F002279904214
:1041800001D9012070BD0B0601F00F0101EBC10147
:1041900004EB81014FF001024FF0000502D54A7592
:1041A000143103E081F8555201F515718D700870D6
:1041B00094F89404012808D084F89424206809F025
:1041C00061F984F89454002070BD022070BD01F0A4
:1041D0000F0101EBC10100EB8100D0F868027047CC
:1041E0002DE9F04104460F0601F00F0000EBC0017D
:1041F00004EB81014FF001064FF0000502D54E752A
:10420000143103E081F8555201F51571C2F30A0229
:1042100008708A600B714A7802B14883022B00D182
:104220004D7194F89404012809D084F894642068AE
:1042300008F008FF284684F89454BDE8F081022075
:10424000FBE710B501F00F0404EBC40100EB8101A2
:10425000C1E998230023C1F8683281F8553281F80A
:104260005442837901F51571012B00D1CA6182791D
:10427000006809F05FF9002010BD70B504460D46D6
:1042800001F00F002179884201D9012070BD290673
:104290004FF000064FF0010206D500EBC00104EB21
:1042A00081014A75143107E005EBC50104EB81017A
:1042B00081F8556201F515718A70087094F89404BC
:1042C000012807D084F89424206809F007F928070A
:1042D00002D007E0022070BDA17904F29C42206860
:1042E00009F0A4F884F89464002070BD10B501F0C2
:1042F0000F0404EBC40100EB8101C1E90823002392
:104300008B6201234B7501F8144F8379012B00D187
:10431000CA618279006809F00DF9002010BD000023
:104320002DE9F84F05680446284609F0BAFA002836
:104330007DD1206809F0E1FA002878D0D5F8080886
:10434000C0F30D20C4F8D404206809F0D6FA800721
:1043500004D52068416901F002014161206809F03B
:10436000CCFAC10604F29C40009034D520688169E3
:1043700021F0100181612F6A07F00F0000EBC000EF
:1043800004EB8006C7F3434006F51576022802D0F9
:10439000062811D01AE047F6F070074216D0C7F38E
:1043A0000A1217462846F16809F0ABFAF06838445B
:1043B000F0607069384408E008222846009909F046
:1043C000A0FA7069C7F30A11084470612068816916
:1043D00041F010018161206809F08FFA00034FF06D
:1043E000010B7AD50026206809F066FA8046DFF8CE
:1043F00078A46FE05FEAC87069D0F1B2206809F074
:1044000074FA0746C00707D005EB4611C1F808BB90
:104410003146204604F014FE380722D505EB46113C
:104420000820C1F8080B2068D0F8409000E018E29E
:1044300000EB4610D0F8082BD14505D9110403D55F
:104440004FF40041C0F8081B204600F0F0FAD145B7
:1044500007D9A079012804D120680121009A08F029
:10446000E5FFF80604D505EB46111020C1F8080B4E
:10447000B8071DD56869000605D5D5F8040840F4CD
:104480008061C5F8041806EBC60004EB800090F8C4
:10449000571200F51570012905D10021C170F1B244
:1044A000204600F0E7F905EB46110220C1F8080BA1
:1044B000B80604D505EB46102021C0F8081BB80447
:1044C00005D505EB46104FF40051C0F8081B4FEA24
:1044D0005808761CB8F1000F8CD1206809F00DFA4D
:1044E00040036DD5206809F0E0F98046002664E0BD
:1044F0005FEAC8705ED0F1B2206809F0E4F90746BF
:10450000C00723D006F00F010BFA01F0D5F83418DC
:104510008143C5F8341805EB4610C0F808B9A079F6
:1045200001280FD106EBC60004EB8000D0E907217B
:104530001144016236B9606A20B920680121009AED
:1045400008F074FFF1B22046FFF7C9FD380704D523
:1045500005EB46110820C1F80809F80604D505EB5B
:1045600046111020C1F80809780604D505EB46105D
:104570004021C0F80819B80716D53146284609F079
:1045800065F906EBC60004EB8000C17D14300129FB
:1045900005D10021C170F1B2204600F067F905EBAA
:1045A00046110220C1F80809380603D531462046D5
:1045B00004F0ACFD4FEA5808761CB8F1000F97D113
:1045C000206809F09AF9002811DAD5F8040820F0DB
:1045D0000101C5F8041894F8CC0401282BD020461A
:1045E00000F00AFA2068416901F000414161206849
:1045F00009F083F900050BD5D5F80808C00702D0EB
:10460000204600F03DFA2068416901F400614161F3
:10461000206809F072F9C00467D5D5F8040820F0C5
:104620000101C5F804181021206809F00FF90021D4
:104630004FF67F3220E0002084F8CC04014620466B
:10464000FFF722FDCEE705EB4110C0F80829D0F8AE
:10465000003923F40013C0F80039C0F8082BD0F853
:10466000003B23F40013C0F8003BD0F8003B43F0BC
:104670000063C0F8003B491C20798842E3D8D5F894
:104680001C0840F00111C5F81C18E07B00282846E2
:104690000DD0D0F8840840F00B01C5F88418D5F887
:1046A000440840F00B012846C5F844180DE0D0F846
:1046B000140842F22B010843C5F81408D5F8100875
:1046C00040F00B012846C5F81018D0F8000820F477
:1046D000FE61C5F80018A1792068009A08F0A6FECE
:1046E0002068416901F480514161206809F005F9B1
:1046F000800415D5206808F0E5FC206809F0C4F8AE
:10470000E07100F08FFA0146E279206809F058F96B
:10471000204600F05BF92068416901F400514161D5
:10472000206809F0EAF8000707D5204600F068F98C
:104730002068416901F008014161206809F0DDF855
:10474000000615D5A86920F08001A96101260CE0BA
:1047500006EBC60004EB800090F85702012803D155
:10476000F1B22046FFF7D2FC761C2079B042EFD898
:10477000206809F0C2F8C0021FD501265F4614E088
:1047800005EB4610D0F8001906EBC60004EB8000DC
:10479000027E012A08D1002906DAC775F0B240F07E
:1047A00080012046FFF7B2FC761C2079B042E7D8A2
:1047B0002068416901F480114161206809F09DF889
:1047C000800231D501205B4626E005EB4011D1F88F
:1047D000001B00EBC00204EB820292F85862012E2B
:1047E00019D1002917DA94F8D464C1F3004106F016
:1047F00001068E420FD182F85732A96941F080023A
:10480000AA616969090606D4D5F8040840F4007065
:10481000C5F8040803E0401C21798142D5D82068FE
:10482000416901F400114161206809F066F8400017
:1048300007D52046FFF74FFC2068416901F0804111
:104840004161206809F059F840070AD52068456899
:10485000680702D52046FFF755FC206841682943C8
:104860004160BDE8F88F00000A30544FD0F8E004F2
:1048700008F0DBB8D0F8E00408F0EBB8F8B50400B5
:1048800005D094F895042668002510B106E00120B3
:10489000F8BD84F89454204600F056F8032084F8BC
:1048A0009504B6F1A04F00D1A571206808F0B8FDBD
:1048B000207C8DF8000094E80F0008F011FC02261F
:1048C000B0BB0021206809F03BF888BB002101271C
:1048D0000CE001EBC10004EB800047750175C18558
:1048E0000576C5610562491CC9B2456220798842D6
:1048F000EFD8002111E001EBC10004EB800080F84B
:10490000555280F8541280F85852C0F85C52C0F8E2
:104910006052491CC9B2C0F8645220798842EAD872
:10492000207C8DF8000094E80F0008F0C1FC10B165
:1049300084F89564ABE7657484F89574206808F092
:10494000A9FC0020F8BD000010B586B00446142173
:104950006846FBF77BFE2068B0F1A04F2FD11948C5
:104960000021026842F001020260006800F00100CC
:1049700005904FF4C05000900220CDE901010320C2
:1049800003900A20049069460F48FFF7B1F80D48DC
:10499000001D016841F0800101600A48143001687F
:1049A00041F4804101600068002200F480400590DD
:1049B00005214320FFF736FB4320FFF725FB06B018
:1049C00010BD0000303802400000024070B50446BF
:1049D000C079012570B1022801D0FDF79FFD29465D
:1049E000D4F8E00408F0A4F8D4F8E004BDE870407E
:1049F00008F058B80025F2E7D0F8E00408F081B8D4
:104A0000D0F8E00408F087B810B5044690F8940494
:104A100001280AD0012084F894046174206808F009
:104A2000BDFF002084F8940410BD022010BDD0F812
:104A3000E02400F29C41104608F086B810B5044608
:104A4000006894F89414012909D0012184F8941481
:104A5000C168490609D5617B012902D005E0022021
:104A600010BD816B41F480318163206808F0CCFE79
:104A7000206808F001FC002084F8940410BD0000B8
:104A800010B50446D0F8E00408F0A0F82068D0F88B
:104A9000001E41F00101C0F8001EE07A002804D099
:104AA0000248016841F00601016010BD10ED00E010
:104AB0002DE9F0470D46040065D0DFF81491D9F8D0
:104AC0000000EFB200F00700A84207D289F800709A
:104AD000D9F8000000F00700A84254D120683D4EEC
:104AE000810712D5400703D5306840F4E0503060AC
:104AF0002078000703D5306840F4604030603068AB
:104B0000A16820F0F000084330602078C0072DD065
:104B1000304960680839012812D0022813D00328D0
:104B200011D00968890700292DDA316821F00301C5
:104B300001433160FFF7CAF8804641F2883A0EE03F
:104B400009688903EFE709688901ECE7FFF7BEF818
:104B5000A0EB0801514502D90320BDE8F087306879
:104B6000616800F00C00B0EB810FEFD1D9F80010B4
:104B7000484601F00701A94207D90770006800F014
:104B80000700A84201D00120E7E72078400705D5BB
:104B90003068E16820F4E050084330602078000776
:104BA00006D53068216920F4604040EAC1003060D9
:104BB00000F05EF83168084AC1F30311515CC84047
:104BC0000649086006480068FFF7B6F90020C4E708
:104BD000003C024008380240EC1F0108940000200D
:104BE0008C0000200F2202600C4A136803F00303BC
:104BF0004360136803F0F0038360136803F4E05329
:104C0000C36012684FF4E05303EAD2020261044821
:104C1000006800F007000860704700000838024094
:104C2000003C0240014800687047000094000020EA
:104C30000448054900680968044AC1F38221515CAF
:104C4000C84070479400002008380240FC1F01084B
:104C50000448054900680968044AC1F34231515CBF
:104C6000C84070479400002008380240FC1F01082B
:104C7000154810B5006810F00C01144813D0144BFF
:104C800004290FD008290ED10F4C241F216801F0F0
:104C90003F022168490207D52068C0F38810A0FBB5
:104CA000030106E0184610BD2168C1F38811A1FB7D
:104CB00000010023FBF7B2FB2168C1F30141491C4D
:104CC0004900B0FBF1F010BD083802400024F400A8
:104CD000001BB7002DE9F84F040075D02078DFF8ED
:104CE00038A3C007AAF1040548D00AF104000168FE
:104CF000C1F38101012908D00068C0F381000228B6
:104D00000AD1DAF80000400206D52868800335D5BC
:104D100060680028E1D031E06068B0F5803F10D0D5
:104D2000B0F5A02F286810D020F4803028602868C3
:104D300020F4802028606068A0B1FEF7C7FF064617
:104D40000CE0286840F48030F4E740F480202860CC
:104D5000F7E7FEF7BBFF801B642871D82868800343
:104D6000F7D50BE0FEF7B2FF064604E0FEF7AEFF14
:104D7000801B6428F1D828688003F7D42078DFF8F6
:104D80009C9280074FF0000B3DD5A348001D0168A1
:104D900011F00C0F08D00068C0F3810002280AD17E
:104DA000DAF80000400206D42868800715D5E068CC
:104DB000012809D111E0E068B8B10120C9F800006C
:104DC000FEF784FF064605E022E1FEF77FFF801B29
:104DD0000228C2D828688007F7D52868216920F002
:104DE000F80040EAC10028600DE0C9F800B0FEF705
:104DF0006DFF064604E0FEF769FF801B02281FD8FE
:104E000028688007F7D42078000722D5824F84488D
:104E10006169703771B101210160FEF757FF0646E5
:104E200004E0FEF753FF801B022809D8386880078A
:104E3000F7D50EE0C0F800B0FEF748FF064605E0E3
:104E400082E0FEF743FF801B02287DD83868800788
:104E5000F7D42078400765D56F484FF000083C3004
:104E60000068C0000BD46C483C30016841F08051B0
:104E7000016000684FF0010800F080500090694F19
:104E80003868C0050FD4386840F480703860FEF789
:104E90001DFF064604E0FEF719FF801B022853D8C9
:104EA0003868C005F7D55C4FA0686C3701280FD073
:104EB0000528386810D020F001003860386820F0EC
:104EC00004003860A068B0B1FEF700FF06460EE0AF
:104ED000386840F00100F4E740F004003860F7E77C
:104EE000FEF7F4FE811B41F28830814263D83868B6
:104EF0008007F5D50DE0FEF7E9FE064606E0FEF771
:104F0000E5FE811B41F28830814254D83868800721
:104F1000F5D4B8F1000F05D03F483C30016821F0CE
:104F200080510160A069B8B33B49091D0968C1F30C
:104F30008101022946D00228584606D0C9F86000EF
:104F4000FEF7C4FE044639E035E04F46C9F860007C
:104F5000FEF7BCFE064604E0FEF7B8FE801B022802
:104F600029D828688001F7D4D4E907010843A16A49
:104F70002D4A490802EB0141626A41EA8211084365
:104F800094F82C1040EA0161CAF80010012038663C
:104F9000FEF79CFE044605E03CE0FEF797FE001B92
:104FA000022808D828688001F7D533E0FEF78EFE86
:104FB000001B022802D90320BDE8F88F2868800171
:104FC000F4D427E00128F7D0DAF80000E26900F411
:104FD000800191421CD1226A00F03F01914217D119
:104FE00047F6C071626A0140B1EB821F10D1A26A1C
:104FF0004FF0FF3300F4403103EB5202B1EB024FAC
:1050000006D194F82C1000F07060B0EB016F01D065
:105010000120D1E70020CFE70438024000004742DA
:10502000800E4742007000400000FFFF70B5040092
:1050300009D0606A002540B125616561A56294F8D8
:10504000510040B10CE0012070BD6068B0F5827F76
:10505000F4D0E561F2E784F85050204600F044F8BF
:10506000022084F851002068016821F040010160AD
:10507000A088218900F4827001F404410843A189C9
:1050800001F400610843217C01F002010843217D05
:1050900001F001010843218B01F400710843217FD5
:1050A00001F03801084394F8201001F08001084312
:1050B000218D01F40051084321680860A069042192
:1050C00001EA104094F8241001F01001084321680F
:1050D00048602068C16921F40061C16165650120F3
:1050E00084F85100002070BD2DE9F04387B00446DC
:1050F00014216846FBF7AAFA34492068884261D136
:1051000033480025016841F480510160006800F4D3
:10511000805005902E481438016841F0020101606A
:10512000016801F002010591016841F0010101608F
:105130000068022600F001000590182001274FF0BA
:1051400003084FF005098DE8C10369462148FEF7C1
:10515000CFFC80208DE8C10369461F48FEF7C8FCDC
:105160001F4E1E484FF0C0673060C6E901754FF40E
:105170008068C6E9035875617812B561C6E90750C1
:1051800030467562FEF7F2FB08B1FDF7C7F9E66439
:10519000B463134E114860361830E6E80207402029
:1051A000A6E82101C00246F81459B561C6E90750C6
:1051B0000B4875626030FEF7D9FB08B1FDF7AEF918
:1051C000A664B46307B0BDE8F0830000003001407E
:1051D00044380240000402400000024040640240A3
:1051E0004C1300202DE9FF4F81B01F469346044623
:1051F00001250E9EFEF76AFD804694F85100616815
:10520000012806D0B1F5827F3CD1A168C9BB042832
:1052100038D10298002870D0BBF1000FFBD0002FCE
:10522000F9D094F8500001282CD04FF0010A84F8EE
:1052300050A094F85100042802D0052084F85100B1
:105240004FF00009C4F85490C4F838B0E787A78736
:1052500002992163E786A786C4F84090C4F8449079
:1052600020680168490603D4016841F040010160EB
:10527000E068B0F5006F606808D0E8B3012F47D050
:105280007DE0FFE7022005B0BDE8F08F08B1012FF7
:1052900037D1206B21680088C860206B801C206398
:1052A000E08E401EE0862CE02068816889070DD5DD
:1052B000E18E59B1012D09D1216B0988C160206BA4
:1052C000801C2063E08E401EE086002520688168F7
:1052D000C9070BD0E18F49B1C068A16B0880A06BF2
:1052E000801CA063E08F401EE0870125FEF7EEFCE6
:1052F000A0EB0800B04201E00AE064E001D3701CBA
:105300004ED1E08E0028CFD1E08F0028CCD13CE0F8
:10531000206B216800780873206B401C2063E08EAE
:10532000401EE0862BE02068816889070DD5E18E5C
:1053300059B1012D09D1216B09780173206B401CF3
:105340002063E08E401EE086002520688168C90742
:105350000BD0E18F49B1C068A16B0870A06B401CF5
:10536000A063E08F401EE0870125FEF7AFFCA0EBB5
:105370000800B04202D3701C01D011E086B1E08E6B
:105380000028D0D1E08F0028CDD1424631462046BA
:1053900004F0DCFE50B12020606584F8509012E0EB
:1053A00084F851A084F8509003206CE7A06818B9E5
:1053B0002068C1688068009084F851A084F85090FB
:1053C000606D0028F1D001205DE770477047000054
:1053D00070B590F83C20012A32D0012580F83C506D
:1053E000022280F83D2002685368946823F070061A
:1053F0000B6833435360134B02689A4214D0B2F1E6
:10540000804F11D0104B9A420ED0104B9A420BD0C5
:105410000F4B9A4208D00F4B9A4205D00E4B9A423E
:1054200002D00E4B9A4204D1496824F080031943FC
:10543000916080F83D50002180F83C10084670BD16
:10544000022070BD00000140000400400008004040
:10545000000C0040000401400040014000180040E2
:1054600010B5040003D094F83D0010B107E001200E
:1054700010BD002084F83C00204600F01FF80220F8
:1054800084F83D00211D206806F032F8012084F8E0
:10549000460084F83E0084F83F0084F8400084F819
:1054A000410084F8420084F8430084F8440084F802
:1054B000450084F83D00002010BD000008B50068DC
:1054C000174A1849904211D1086840F0020008605C
:1054D0000868002200F00200009005211D20FEF760
:1054E000A1FDBDE808401D20FEF78EBD0E4A90428A
:1054F00007D1086840F004000860086800F0040064
:105500000BE00A49884209D10648001D016841F4B0
:1055100000310160006800F40030009008BD000018
:1055200000040040403802400008004000440140B0
:1055300090F83D10012901D001207047022180F828
:105540003D1000681149884214D0B0F1804F11D04D
:105550000F4988420ED00F4988420BD00E4988422D
:1055600008D00E49884205D00D49884202D00D4925
:10557000884204D1816801F00701062903D001683F
:1055800041F001010160002070470000000001406F
:105590000004004000080040000C004000040140EE
:1055A000004001400018004090F83D10012901D052
:1055B00001207047022180F83D100168CA6842F05E
:1055C0000102CA6000681149884214D0B0F1804FCE
:1055D00011D00F4988420ED00E4988420BD00E4997
:1055E000884208D00D49884205D00D49884202D032
:1055F0000C49884204D1816801F00701062903D0D3
:10560000016841F001010160002070470000014085
:105610000004004000080040000C0040000401406D
:10562000004001400018004070B5044690F83C006E
:105630000025012817D0012684F83C60022084F858
:105640003D002068826822F0770222F47F42826067
:105650000868502838D00DDC20284FD005DC90B3E6
:10566000102811D14AE0022070BD302846D04028D1
:105670000AD13BE060282FD070280DD0B0F5805FB4
:1056800003D0B0F5005F12D0012584F83D60002002
:1056900084F83C00284670BDCB68D1E90121206820
:1056A00005F09BFF2068816841F0770109E0CB6835
:1056B000D1E90121206805F090FF2068816841F45C
:1056C00080418160E1E719E0CA684968206806F016
:1056D0006EF85021206806E0CA684968206806F024
:1056E00077F86021206805F082FFCEE7CA68496834
:1056F000206806F05CF840212068F4E72268014643
:105700001046F0E770472DE9F04104460068C6688E
:1057100005694FF00007A90713D5B10711D5F91E88
:10572000016101202077206880698007204602D02F
:10573000FFF7E8FF04E000F0C1F8204600F053F95D
:105740002777680716D5700714D521686FF0040015
:105750000861022020772068806910F4407F20468D
:1057600002D0FFF7CFFF04E000F0A8F8204600F0D9
:105770003AF92777280715D5300713D521686FF038
:1057800008000861042020772068C069800720464F
:1057900002D0FFF7B7FF04E000F090F8204600F0D9
:1057A00022F92777E80616D5F00614D521686FF0A0
:1057B00010000861082020772068C06910F4407F3D
:1057C000204602D0FFF79EFF04E000F077F8204665
:1057D00000F009F92777E80708D0F00706D021681C
:1057E0006FF001000861204600F066F9280608D530
:1057F000300606D521686FF0800008612046FFF76B
:10580000E4FD680608D5700606D521686FF04000F3
:105810000861204600F057F9A8060AD5B00608D559
:1058200021686FF0200008612046BDE8F041FFF7D5
:10583000CDBDBDE8F081000010B586B0044614214E
:105840006846FAF703FF2068174C00231749022225
:10585000A0420FD1086840F0080008600868694657
:1058600000F00800059050038DE80D00CDE90332EB
:105870000F4814E00F4B984213D1086840F0200005
:1058800008600868694600F0200005904020CDE9D6
:1058900000020120CDE90202032004900648FEF731
:1058A00027F906B010BD0000000800403038024063
:1058B000000C02400044014000140240704770B5E3
:1058C000044690F83C0000260D4601280FD0012028
:1058D00084F83C006AB1042A1DD0082A2FD00C2A73
:1058E0003FD00126002084F83C00304670BD0220E5
:1058F00070BD206805F084FE2068816941F00801D0
:1059000081612068816921F00401816120688169D9
:105910002A69114311E0206805F0A2FE2068816920
:1059200041F4006181612068816921F480618161B5
:10593000206881692A6941EA02218161D2E72068F1
:1059400005F0C4FE2068C16941F00801C16120680A
:10595000C16921F00401C1612068C1692A6911434C
:1059600011E0206805F0E6FE2068C16941F400619D
:10597000C1612068C16921F48061C1612068C16989
:105980002A6941EA0221C161ACE710B5040003D0E5
:1059900094F83D0010B107E0012010BD002084F80C
:1059A0003C00204600F01EF8022084F83D00211D36
:1059B000206805F09DFD012084F8460084F83E0033
:1059C00084F83F0084F8400084F8410084F84200E5
:1059D00084F8430084F8440084F8450084F83D00CE
:1059E000002010BD7047704710B5044649B1042926
:1059F0000AD008290BD094F8410001280AD00120D0
:105A000010BD94F83E00F8E794F83F00F5E794F8ED
:105A10004000F2E70220B1B3042938D0082939D078
:105A200084F841000122206805F0CAFD1B49206866
:105A30001B4A884201D0904203D1436C43F4004397
:105A400043642068884213D0B0F1804F10D01549CC
:105A500088420DD0144988420AD01449884207D0A0
:105A6000904205D01249884202D01249884204D19E
:105A7000816801F00701062903D0016841F00101A6
:105A80000160002010BDFFE784F83E00CAE784F8FB
:105A90003F00C7E784F84000C4E700000000014071
:105AA000000401400004004000080040000C0040D9
:105AB00000400140001800400068B0F1804F01D163
:105AC000FEF718BA7047704770477047F8B501681D
:105AD00004460868CA684B6910F00F0F4FF00005C4
:105AE00059D003F0010602F49077374365D0C1071F
:105AF00005D0D10503D5616C41F001016164410716
:105B000005D5D90703D0616C41F0020161648107BA
:105B100005D5D90703D0616C41F004016164010728
:105B200007D502F02001314303D0616C41F0080138
:105B30006164616C00293AD0800604D5900602D5D4
:105B4000204605F0DEFE20684069616CC0F38010DD
:105B5000090700D460B3204605F09EFE2068406926
:105B6000400621D52068143050E8001F21F0400184
:105B700040E80012002AF5D1E06BA8B17249016536
:105B8000E06BFDF710FE002811D0E06B016D01B055
:105B9000BDE8F040084783060FD593060DD5204693
:105BA000BDE8F84005F0ADBE2046FFF78EFFF8BD1A
:105BB0002046FFF78AFF6564F8BD266B2023012E7F
:105BC0007ED1C6067CD5D6067AD50868486800908E
:105BD00048694FF0020640064DD5E26B10684068F8
:105BE0004FF480770004000C3AD0A18D814237D960
:105BF000E085D069B8422DD020680C3050E8001FF5
:105C000021F4807140E80012002AF5D12068143098
:105C100050E8001F21F0010140E80012002AF5D1F0
:105C20002068143050E8001F21F0400140E80012C5
:105C3000002AF5D184F84230256320680C3050E802
:105C4000001F21F0100140E80012002AF5D1E06B9E
:105C5000FDF760FD6663A08DE18D401A81B206E01C
:105C6000A18D8142A8D1D069B842A5D166632046F2
:105C7000FFF72AFFF8BDA08DE18D401A81B2E08DBB
:105C80000028F7D00029F5D020680C3050E8002F0C
:105C900022F4907240E80027002FF5D120681430DC
:105CA00050E8002F22F0010240E80027002FF5D134
:105CB00084F84230256320680C3050E8002F00E063
:105CC00006E022F0100240E80023002BF3D1CDE7DC
:105CD00005062BD5150629D594F841002128C9D1F0
:105CE000A068B0F5805F01D12069B0B1206A411C85
:105CF0002162216800784860E08C401E0004000C9E
:105D0000E084B7D12068C16821F08001C1602068BB
:105D1000C16841F04001C160F8BD206A0088C0F34D
:105D200008004860206A801C2062E5E74006F3D541
:105D30005006F1D5CA68204622F04002CA6084F8B5
:105D4000413000F0ABF9F8BDF5B7000870B50400BC
:105D500004D094F84100002510B106E0012070BD88
:105D600084F84050204600F023F8242084F84100B5
:105D70002068C16821F40051C160204605F022FE70
:105D80002068016921F4904101612068416921F096
:105D90002A0141612068C16841F40051C160656415
:105DA000202084F8410084F842006563002070BD23
:105DB0002DE9F04F87B0044614216846FAF746FCF7
:105DC0008848DFF81C821438D4F800C0854A0227BE
:105DD00003210723002506154FF0400B4FF0006A02
:105DE000C44564D1D2F800C04CF0100CC2F800C019
:105DF000126802F010020592026842F0020202608C
:105E0000026802F002020592026842F0010202609A
:105E10000068884600F0010005908020CDE9000769
:105E20000DF1080C99468CE8200369466E48FDF791
:105E30005FFE7010CDE900070DF1080C69468CE893
:105E400020036A48FDF754FE6A4F6948D046C7E907
:105E50000356B14607F1180C86154FF4803A7D6160
:105E60008CE860047D6287E801093846FDF77EFD15
:105E700008B1FCF753FBA763BC635E4F5C48603717
:105E800030383860C7E90185C7E9035907F11801BF
:105E90007D6181E8600438467D62FDF767FD08B1E9
:105EA000FCF73CFBE763BC6307B0BDE8F08FDFF8AD
:105EB00048814FF44039C4453BD14A4A121FD2F8B9
:105EC00000C04CF4802CC2F800C0126802F480229A
:105ED0000592026842F0040202600068029500F038
:105EE00004000590CDE903134FF44060CDE90007AD
:105EF00069464248FDF7FCFD3E4F4148C0373860D7
:105F0000C7E901A5C7E9035680157D61C7E90650B9
:105F1000C7E908953846FDF729FD08B1FCF7FEFAF8
:105F2000E763002205212720BC63FEF77BF82720CA
:105F300052E0344B9C45B7D1136843F02003136003
:105F4000126802F020020592026842F040020260EC
:105F50000068029500F0400005904FF48440CDE9C0
:105F600000070820CDE9031069462748FDF7C0FD6A
:105F70001F48264F90384FF020683860C7E90185E8
:105F8000C7E903567D614FF40030BD61C7E9075092
:105F900038467D62FDF7EAFC08B1FCF7BFFAE7631B
:105FA000BC631A4F124860371838C7E903567D6141
:105FB000BD61C7E907597D6287E801093846FDF7E9
:105FC000D5FC08B1FCF7AAFAA763002205214720F7
:105FD000BC63FEF727F84720FEF716F864E70000D9
:105FE000001001404438024000040240000002401A
:105FF000B8640240BC150020004800400008024080
:10600000286002400014014000180240DC16002005
:106010007047000037B5044690F84100202801D0B1
:1060200002203EBD019901B3FAB12162A284E2844B
:1060300000206064212384F84130A56B144BEB638E
:10604000A56B144B2B64A56B134BEB64A36B18650A
:1060500020681346A56B021D2846FDF7F1FC30B100
:1060600010206064202084F8410001203EBD21689A
:106070006FF0400008602068143050E8001F41F0C5
:10608000800140E80012002AF5D100203EBD00004A
:106090004DB800088FB8000803B800087047704773
:1060A00070B5044600203C4D2074A27B28886168AE
:1060B0004243D4F8F400FAF76DFAA17B28884143F3
:1060C0006068FAF7C3FAA07B10FB00F1288841430F
:1060D000D4F81801FAF7BAFA207BA17B10FB01F182
:1060E00028884143D4F80C01FAF7B0FA00202BE0DD
:1060F000D4F8F41001EB800292ED000AB5EEC00A6C
:10610000F1EE10FA1ED0227C01EB820181ED000A33
:10611000227C616A8854A169227B01EB8001237C87
:1061200091ED000A6169095C12FB03116FF0030233
:1061300002EB8101D4F80C21114481ED000A217C8D
:10614000491C2174401CC0B2A17B8142D0D80020E0
:1061500010E0636AE2691B5C02EB830292ED000AC5
:1061600010FB0101D4F81821401C02EB8101C0B2E0
:1061700081ED000A217C8142EBD8C8B224F8780F67
:1061800014F86C0C608020816181218361832084FC
:10619000618424F8301C70BD4409002010EE100A00
:1061A0000749DFED080A884202DB30EE600A7047DB
:1061B00010EE100A04498842F9D330EE200A7047E5
:1061C000DB0F4940DB0FC940DB0F49C0FEE7000091
:1061D000F0B5894F0E462DED068B044687B0154667
:1061E000D0ED040A97ED050A844830EEC00AB0EEFF
:1061F000C00A10EE101A814219DC94ED050A97EDE1
:10620000061A30EE410AB0EEC00A10EE101A8142B2
:106210000DDC94ED060A97ED071A30EE410AB0EE58
:10622000C00A10EE101A814201DC2078F0B3DFEDD5
:1062300074AA80EEAA0A08F02FFFD4ED050AF0EE4A
:10624000409A80EEAA0A08F027FFD4ED060AB0EEC5
:1062500040AA80EEAA0A08F01FFFD4ED040AB0EEAF
:10626000409A80EEAA0A09F035F9D4ED050AB0EE9D
:10627000408A80EEAA0A09F02DF9D4ED060AF0EE64
:10628000408A80EEAA0A09F025F969EE890A68EECB
:10629000281AB0EE601A01EE801A87ED081A2AEE6D
:1062A000081A87ED091A29EE801A00E023E069EE4A
:1062B000081A002001EEE81A87ED0A1A29EEA81A3A
:1062C00021EE001A09EE481A87ED0B1A29EE8A1AF8
:1062D00087ED0C1A28EE401A2AEE400A00EEE81A62
:1062E00087ED0D1A87ED0E0A2AEE090AC7ED0F8A0F
:1062F00087ED100A20700020694606EB800292EDBF
:10630000000A04EB8002D2ED010A01EB8002401C7E
:1063100020EE200AC0B2032882ED000AEDD39DEDE5
:10632000001AD7ED085ADDED010AD7ED094A61EEF2
:10633000251A9DED020A97ED0A2A002044EEA01AC4
:1063400003A942EE001AC6ED001A97ED0B3AD7EDFD
:106350000C3A97ED0D4A61EE031A43EEA01A44EE93
:10636000001AC6ED011AD7ED0E1A97ED0F5AD7EDA8
:10637000102A21EE211A05EE201A02EE801A86ED6F
:10638000021A05EB800292ED000A01EB8002401C2C
:10639000C0B282ED000A0328F3D39DED030A9DED00
:1063A000041ADDED050A60EE255A44EE815A42EEEC
:1063B000205A20EE032A20EE210A03EE812A05EE60
:1063C000010AC5ED005A04EE202A02EEA00A85ED6E
:1063D000012A85ED020A94ED040A87ED050A94ED81
:1063E000050A87ED060A94ED060A87ED070A07B04D
:1063F000BDEC068BF0BD0000740800206F12833ADC
:10640000E12E654210B504462DED048BD0F8EC006A
:10641000D0ED009AD0ED018A90ED029A29EEA90AFA
:1064200090ED038A08EEA80A09EE090A08EE080AA8
:1064300009F03AFB0020D4F8EC1001EB8001401C7D
:10644000D1ED000AC0B2042860EE800AC1ED000A56
:10645000F1D33F48D4F8001190ED6F0A60EE280A9E
:10646000B6EE000A60EE800AC1ED040AD0ED6F0AB4
:10647000D4F8001160EE890A60EE800AC1ED050AC9
:10648000D0ED6F0AD4F8001120EEA91AFEEE000A32
:1064900021EE201A81ED0A1A90ED6F1AD4F800113E
:1064A00021EE081A21EE001A81ED0B1A90ED6F1AF9
:1064B000D4F8001121EE081A21EE201A81ED101AED
:1064C00090ED6F1AD4F8001121EE291A21EE201A4E
:1064D00081ED111A90ED6F1AD4F8001121EE091A0E
:1064E00021EE000A81ED160A90ED6F0AD4F8001132
:1064F00020EE280A20EE200A81ED170AD4F8F810C1
:10650000D0ED740A91ED1C0A80EE201A81ED1C1A60
:10651000D4F8F810D0ED740A91ED230A80EE201A19
:106520009FED0D0A81ED231AD4F8F8000949026F96
:106530008A4201DD80ED1C0AD4F8F800D0F88C20E6
:106540008A4201DD80ED230ABDEC048B10BD000002
:1065500008A9002000401C4600401C4670B52C4C89
:1065600001252DED028B04F5D8702570B7EE008A59
:1065700080EC030A00209FED270A84ED730A84F85B
:106580003801C4E95000C4E9520011EE900AB0F19C
:106590007E5F01DDF0EE481AC4ED741A84ED642AC2
:1065A000032300220621201D00F028FE1A4B0122A1
:1065B0001146A3F1080008F0C6FD54F8EC0F9FED5A
:1065C000170A902280ED008A54F86409184980ED7A
:1065D000010A606E80ED020A606E80ED030A1048C9
:1065E000A0641048E064104820651048606504F815
:1065F0005A5C04F8595CE06FF9F7CCFF606F9022A9
:10660000BDEC028B0B49BDE87040F9F7C3BF000039
:1066100008A9002077CC2B32D0AA0020000000006F
:1066200039660008056400086D660008456B0008BF
:1066300044200108CC09002010B50446902254F8EB
:10664000F81F0848F9F7A6FF48220748616AF9F7DA
:10665000A1FF054861694822BDE810404830F9F7BC
:1066600099BF0000CC090020E8AA002070B50446BC
:10667000B0EE000A54F8EC0F2B4DD0ED000A60EE9E
:10668000800AC5ED090AD0ED010A60EE800AC5ED69
:106690000A0AD0ED020A60EE800AC5ED0B0AD0EDC1
:1066A000030A20EE800A85ED0C0A14F8DE0C14F8BB
:1066B000E01C10FB01F11D4800884143206AF9F7F6
:1066C000C5FFD5ED0B1A206AB1EE612A80ED002AD4
:1066D000206A95ED0C1A80ED011A95ED090A206AE1
:1066E000F1EE400AC0ED020A206AD5ED0A0AC0EDBB
:1066F000030A206AC0ED060A206A80ED070A206AB4
:1067000080ED081A206AC0ED091A206A80ED0C0A93
:10671000206AB1EE600A80ED0D0A206A80ED0E2A33
:10672000206A80ED0F1A70BD8809002044090020FE
:1067300070B5F74C2DED088BB0EE438AB0EE629A3F
:10674000F0EE429AB0EE61AA2078F0EE41AAF0EEA7
:1067500060BAB0EE40BADFEDEF8A58B9B0EE682A01
:10676000F7EE001A9FEDEC1ADFEDEC0AB2EE040A28
:10677000FFF7F4FE84ED6F8AD4ED581AE84D9022AD
:106780003BEE610AE74984ED5B0AD4ED591A7BEED2
:10679000E10AC4ED5C0AD4ED5A1A3AEEE11AF6EEBB
:1067A000001A20EE210A84ED5D1A20EE080A85ED1C
:1067B000000A20EEA10A20EE080A85ED010A21EE6A
:1067C000210A20EE080A85ED020AD4F8040104F536
:1067D0008274F9F7DFFE95ED001A2068B1EE412AC8
:1067E00080ED012AD5ED010A2068F1EE602AC0EDA6
:1067F000022A95ED020A2068F1EE401AC0ED031A54
:10680000206880ED061A206880ED080A2068C0ED37
:10681000092A2068C0ED0C0A2068C0ED0D1A206816
:1068200080ED0F1A206880ED120A2068C0ED130A6F
:1068300054F8440B80ED142A74E85201084305D142
:1068400084ED5EAAC4ED5F9A84ED609A94ED5E0AD1
:1068500094ED641AD4ED6F0A20EE012A30EE810A1D
:10686000C2EE001A20EE8A2AC2EE002A31EEA22AD7
:1068700084ED5E2AD4ED5F1A61EE812AC2EE801AA1
:1068800060EEA92A60EE890A82EE803A71EE831AE0
:10689000C4ED5F1AD4ED602A62EE812A82EE801A7E
:1068A000C0EE802A22EE020A01EEA10A71EE220A4F
:1068B000C4ED600A00EEA00A09F0F6F885ED030ABF
:1068C000002004EB8001D1ED5E0AA16801EB80019C
:1068D00060EE800A401CC0B2C1ED000A0328F0D36C
:1068E00094ED5B0AD4ED5C0A20EE000A00EEA00AEB
:1068F000D4ED5D0A00EEA00A09F0D6F8B7EE009AD2
:10690000894989EE001A84ED651AD5ED030A11EE66
:10691000100A89EE200A884284ED660A0BDA10EE2E
:10692000100A8249884206DD10EE100A804988422A
:1069300001DA012000E0002084F8390194ED6C0AAE
:10694000D4ED6F0AD4F8180120EE200A80ED000A79
:1069500094ED6C0AD4ED6F0AD4F8180120EE200AE9
:1069600080ED070A94ED6C0AD4ED6F0AD4F8180193
:1069700020EE200A80ED0E0A94ED6C0AD4ED6F0A29
:10698000D4F8180120EE200A80ED150A94ED6D0A66
:10699000D4ED6F0AD4F8180120EE200A80ED1C0A0D
:1069A00094ED6D0AD4ED6F0AD4F8180120EE200A98
:1069B00080ED230AD4F81C0194ED6E0A80ED000AE4
:1069C000D4F81C0194ED6E0A80ED040AD4F81C0181
:1069D00094ED6E0A80ED080A201D00F0F9FE606853
:1069E000B0EE008A90ED001A84ED541A90ED010A81
:1069F00061EE012A84ED550AD0ED021AC4ED561A53
:106A000090ED032A40EE002A84ED572A21EE021A67
:106A1000D0ED040AC4ED580AD0ED050A00EE211AA3
:106A2000C4ED590AF0EE490AC4ED5A8A52EE880ABA
:106A300021EE080A08F0BAF8DFED3E8AF0EE490AC6
:106A400020EE280A84ED6A0A94ED540A94ED571A50
:106A500060EE001A41EE011A51EE880AD4ED551A83
:106A600020EE210AD4ED561A01EE810A20EE080A22
:106A700008F09CF820EE280A84ED690A94ED550A86
:106A8000D4ED570A94ED561A20EE200AD4ED540A9C
:106A900000EEC10AF8EE000A20EE200A07F0F0FF2F
:106AA00020EE280A244984ED680A94ED6A0AD4EDA0
:106AB000760A70EE600A10EE900A884203DDB4F8A0
:106AC000D401401E07E010EE900A1C49884204D908
:106AD000B4F8D401401CA4F8D401B4F9D401DFED1A
:106AE000181A00EE900AB8EEE01AF0EE400A41EEF5
:106AF000210AC4ED6B0A84ED760AF4E95201401CC8
:106B000041F10001C4E90001BDEC088B70BD00003B
:106B100008A90020000000008096184B6F12833AED
:106B200088090020442001089A99993ECDCC14414F
:106B3000CDCC2441E12E654200003443000034C333
:106B40000000B4432DE9F84F00F18001044678308D
:106B50000546009108F0A5FC84F8C800B4F8780058
:106B6000A4F8A800B4F85A00A4F8AA0004F1A802F6
:106B700004F1580191468B46284608F045FC84F8FC
:106B8000C800B4F8A800A4F8B000B4F88200A4F8D3
:106B9000B20004F1B00290464846009908F034FC77
:106BA00084F8C800B4F89000A4F8A000B4F89200EB
:106BB000A4F8A20004F1A002154604F19001404699
:106BC00008F0ACFA84F8C80041462846B03408F012
:106BD000BFFA2076E06BBE490125D0ED001AF0EE39
:106BE000002AC1ED0D1A90ED011A002781ED0E1A51
:106BF000D0ED020AB74EC1ED0F0A90ED030A81ED08
:106C0000100A21EE002A34F8380C2081658101EE4B
:106C1000E02AE06F22EE222A80ED002A21EE812A6E
:106C200061EEA11AE06F00EE802A41EE411A22EED9
:106C3000222A40EEE01A80ED012AE06FB03C40EEDF
:106C4000001AC0ED021AD4F82C0100EB870090ED79
:106C5000000AB0EEC00A07F087FE06EB87007F1C33
:106C6000FFB280ED610A032FEDD3B4F84800A4F819
:106C7000C00004F1C00204F1B801A4F8C2501746E4
:106C80008A4604F1480008F0F7FB84F8C800B4F81D
:106C9000C000A4F8A80024F8AA5F4A463946404636
:106CA00008F0B2FBA077E581E08A208251463846A1
:106CB00008F0F7FBA077884A4946504608F0A4FB45
:106CC000A07796ED730AB6EE001AD6ED720A20EEA2
:106CD000011AAA3CF4EEC10AF1EE10FA01D286F8CC
:106CE0003851F4EEC00A0020F1EE10FA34DD96F8C7
:106CF000381181B396F8391129B1D6E95012491CDF
:106D000042F1000201E000210A46C6E95012D6E92C
:106D100050234FF0320C0021BCEB0202994102D209
:106D200086F8380136E06D4E14F80C2F3088424357
:106D3000D4E937017434F9F72DFC14F8740C10FB06
:106D400000F230884243D4E91E01F9F723FC04F82D
:106D5000545CBDE8F88FFFE79FED611A20EE011A41
:106D6000F4EEC10AF1EE10FA0DDD96F8381151B1CA
:106D700070EE600A9FED5B1A20EE010A80EE801A29
:106D800086ED671A03E0B7EE000A86ED670A002178
:106D9000C6E9501184F82C00B4F85800A4F8A800F3
:106DA000B4F88200A4F8AA004A4658466C34009908
:106DB00008F02AFB04F85C0FA4F130029346414628
:106DC0004846C83C08F020FB84F8C80000200DE0CD
:106DD000D4F81C11D6ED670A01EB8001401C91ED3F
:106DE000000AC0B220EE200A81ED000AB4F8981023
:106DF000B4F89A2051438142EADC04219FED3A0A1B
:106E0000002006EB810C01EB41039CED5D1AD4F8E8
:106E10001C2103EB0008C1EE000A02EB8802401CB3
:106E200092ED001AC0B2032860EE810AC2ED000A9A
:106E3000EBD3491CC9B20629E2D334F8980F524665
:106E4000208465843946584608F0DEFA84F830001C
:106E500096F83801983C50B3DFED240A9FED241AD0
:106E60000420D4F8BC1096ED6F0A01EB800120EEEF
:106E7000200AD1ED001AF4EEC01AF1EE10FA01DD8D
:106E800081ED000AD4F8BC1096ED6F0A01EB800189
:106E900020EE010AD1ED001AF4EEC01AF1EE10FA5C
:106EA00001D281ED000A401CC0B20628D9D3D4F823
:106EB000BC009FED100A04F1300280ED030A514638
:106EC00004F1380008F02AF984F8C80041E700000E
:106ED0008809002008A90020C8AA00204409002031
:106EE000CDCCCC3D6666663FDA0FC93F0AD7233C5E
:106EF0000AD723BC00000000114810B590ED070A26
:106F00001048D0ED030A104802F04CF90E4890EDFD
:106F10000D0A08F0A4FD00EE100A9FED0C1ADFED3B
:106F20000C0AB8EEC00A08F08AFDBCEEC00ABDE843
:106F3000104010EE100A002182B2064804F022BC74
:106F40000896002074080020149700200000804F4D
:106F5000000000009C14002010B52448B7EE000A81
:106F60002DED028B012180ED010A80ED020A9FEDDB
:106F7000208A80ED030A80ED048A80ED058A80ED89
:106F8000068A0170B0EE482AF7EE001A9FED191A32
:106F9000DFED190AB2EE040AFFF7E0FA00231A4601
:106FA0001946F0EE484AB0EE484AF0EE483AB0EEE4
:106FB000483AF0EE482AB3EE042ADFED101AB0EE9C
:106FC000481ADFED0F0A9FED0F0A0F4802F0B5FBDC
:106FD00000210E48FEF708FD04489FED0D0A803899
:106FE00080ED100ABDEC028B10BD0000449800201B
:106FF000000000008096184B6F12833A00007A441C
:10700000000096430000FA44149700209C140020CE
:1070100096430B3C70B562482DED028B86B007C8D5
:107020008DE807005F48FBF7F7F85E4D5E4885ED99
:10703000010AD5ED020A30EE800A85ED020AF9F761
:10704000D3FC5948594C90ED000A04F11C0284ED20
:10705000070A90ED010AA2F10C0184ED080A90EDF7
:10706000020A84ED090A90ED030A84ED040A90ED0A
:10707000040A84ED050A90ED050A01F1700084ED23
:10708000060AFFF7A5F8D4ED090A94ED070A07F000
:107090008DFD9FED478A20EE080ADFED460A80EE5F
:1070A000201A84ED1A1AD4ED090A94ED080A07F0A3
:1070B0007DFD20EE080ADFED400A04F1100080EEAD
:1070C000201A84ED1B1A95ED013A90EC060AFFF7A1
:1070D0002FFB3A4920464EC980E84E00024600F197
:1070E00044012F482438F9F7E7FD2D48224602F1E4
:1070F00050011838F9F7E0FD2948224602F15C01F9
:107100000C38F9F7D9FD224603A96846FBF779F94F
:1071100095ED011A002003AA04EB800102EB800325
:1071200091ED070AD3ED000A401CC0B230EE600AB0
:10713000D4ED100A032820EE012A30EE810AC2EEB7
:10714000001A91ED0A2A62EE200A80EE802A31EEC2
:10715000820A81ED0A0ADFD3144A02F13401A1F157
:107160000C00F9F7A9FD164890ED6A0A84ED1E0A95
:1071700090ED690A84ED1D0A90ED680A84ED1C0A01
:1071800090ED6B0A84ED1F0A287CC00701D1FFF740
:10719000B3FE2869401C286106B0BDEC028B70BDAF
:1071A000282001087408002008960020C4970020B9
:1071B00000003443DB0F49C0DB0F494058AA0020D0
:1071C00008A90020F0B500230A24302537261F46E1
:1071D00010E0B4EB107F02D905EB107C01E006EB68
:1071E000107C01F813C001EB430C00015B1C8CF810
:1071F0000170DBB29342ECD3F0BD00002DE9F04703
:10720000DFF8DC830D460421A8F800100821A8F857
:1072100002100573427383734FF000091E46044643
:1072200080F8109017463046F9F7A2F831466061B1
:10723000F9F7EAF9B8F800007043F9F799F8A06196
:10724000B8F800107143F9F701FAB8F8000070437C
:10725000F9F78EF8E061B8F800107143F9F7F6F924
:10726000B8F800006843F9F783F82062B8F8001016
:107270006943F9F7EBF93046F9F77AF8314660627D
:10728000F9F7C2F9B8F800006843F9F771F820601F
:10729000B8F800106943F9F7D9F9B8F8000070435D
:1072A000F9F766F86060B8F800107143F9F7CEF9A5
:1072B000B8F800007843F9F75BF8A060B8F8001060
:1072C0007943F9F7C3F9B8F800006843F9F750F8C3
:1072D000C4F8E800B8F800106943F9F7B7F9217B62
:1072E000012204F13000D4F8E83007F02CFFB8F8A0
:1072F00000006843F9F73CF8C4F8EC00B8F8001057
:107300006943F9F7A3F9217B012204F13800D4F88D
:10731000EC3007F018FF9FB1B8F800007843F9F798
:1073200027F8C4F8F000B8F800107943F9F78EF99F
:10733000617B012204F14000D4F8F03007F003FF34
:10734000B8F800007043F9F713F8C4F8F400B8F87F
:1073500000107143F9F77AF9A17B012204F148008A
:10736000D4F8F43007F0EFFEB8F800006843684343
:10737000F8F7FEFFC4F8F800B8F800106943694355
:10738000F9F764F9217B04F150000A46D4F8F8308B
:1073900007F0D9FEB8F8000068436843F8F7E8FF43
:1073A000C4F8FC00B8F8001069436943F9F74EF9D6
:1073B000217B04F158000A46D4F8FC3007F0C3FEE4
:1073C000B8F8000068436843F8F7D2FFC4F800013A
:1073D000B8F80000883468436843F8F7C9FFE067ED
:1073E000B8F80010A06F69436943F9F72FF9B8F8AE
:1073F0000010E06F69436943F9F728F954F8783FC2
:10740000A4F1A00014F8F41CA4F580740A4607F057
:107410009AFE217B04F168000A46D4F8043107F093
:1074200092FEAFB1B8F8000068437843F8F7A0FFC8
:10743000C4F80801B8F8001069437943F9F706F970
:10744000627B217B04F17000D4F8083107F07BFEE9
:10745000B8F80000474670436843F8F789FFC4F85E
:107460000C013888943468437043F8F781FFE06773
:107470003988A06F71436943F9F7E8F83988E06FFC
:1074800069437143F9F7E2F814F8882C14F8861C64
:10749000A4F11C00A36F943C07F055FEA27B217B56
:1074A00004F18000D4F8103107F04DFE38886843AD
:1074B0006843F8F75DFFC4F81401398869436943EC
:1074C000F9F7C4F8217B04F188000A46D4F8143196
:1074D00007F039FE388870437043F8F749FFC4F865
:1074E0001801398871437143F9F7B0F8A17B04F1B1
:1074F00090000A46D4F8183107F025FE3888684312
:107500007043F8F735FFC4F81C01398869437143AB
:10751000F9F79CF8A27B217B04F19800D4F81C3188
:1075200007F011FE207B10FB00F039884843F8F784
:107530001FFFC4F82001207B10FB00F0398848436E
:10754000F8F716FFC4F82401207B10FB00F03988FF
:107550004843F8F70DFFC4F82801207B39884843D9
:10756000F8F706FFC4F82C01207B39884843F8F768
:10757000FFFEC4F83001217B04F1A0000A46D4F8D4
:10758000203107F0E0FD217B04F1A8000A46D4F881
:10759000243107F0D8FD217B04F1B0000A46D4F86D
:1075A000283107F0D0FD217B012204F1B800D4F886
:1075B0002C3107F0C8FD217B012204F1C000D4F872
:1075C000303107F0C0FD04F8289F84F8019084F85A
:1075D000029084F8039084F80490BDE8F0870000DE
:1075E0004409002070B50446C07B0F4D18B12046F9
:1075F000FEF756FD0DE0A27B288861684243D4F86F
:10760000F400F8F7C7FFA17B288841436068F9F7C9
:107610001DF8627B2888A1684243D4F8F000BDE8D9
:107620007040F8F7B7BF0000440900202DE9F04191
:10763000044690F82C0000282BD1B4F89800A4F848
:10764000A800B4F87A10A4F8AA10A4F8B000B4F80E
:107650005A00A4F8B20004F1A802154604F178011A
:1076600004F1980007F0D0FE84F8C80004F1B002DD
:1076700004F1580116460F46284607F0C5FE84F867
:10768000C80004F150023146384607F0F5FE84F890
:10769000C800BDE8F0812DE9F041044690F82900CA
:1076A00000282CD104F1680104F160000F46064661
:1076B00007F0F7FE84F8C80004F15802154604F1FB
:1076C0005001304607F0A0FE84F8C800B4F8580016
:1076D000A4F8A800B4F86A00A4F8AA0004F1A8026B
:1076E00016463946284607F08FFE84F8C8002A4619
:1076F00004F18801304607F011FD84F8C800BDE8A8
:10770000F0812DE9F047044690F82A0000285CD16A
:1077100004F1800104F178008946054607F0C1FEB6
:1077200084F8C800B4F87800A4F8A800B4F85A00A7
:10773000A4F8AA0004F1A80204F1580190460F46EB
:10774000284607F061FE84F8C800B4F8A800A4F841
:10775000B000B4F88200A4F8B20004F1B0021546FB
:107760004946404607F050FE84F8C800B4F890003F
:10777000A4F8A000B4F89200A4F8A20004F1A002BA
:10778000164604F19001284607F0C8FC84F8C800AA
:1077900029463046AA3407F0DBFCA07734F8520CB7
:1077A00024F8020C34F8280C20804246494638461A
:1077B00007F02AFE04F81E0FA4F1300229464046C5
:1077C000C83C07F021FE84F8C800BDE8F08700003F
:1077D00070B50446FFF706FFD4F8CC1009B1204677
:1077E0008847204600F068F8D4F8D01009B1204648
:1077F00088472046FFF74FFFD4F8D41009B1204640
:107800008847207C2B4DC0B9E07BB0B1227B288813
:107810004243D4E93A01F8F7BDFE207B10FB00F2A9
:1078200028884243D4E93E01F8F7B4FED4F8E010CA
:1078300009B120468847002029E02046FFF761FF74
:10784000D4F8D81009B120468847204600F06EF8D9
:10785000D4F8DC1009B1204688472046FFF7E6FE41
:10786000E4E710FB0101D4F8F82002EB8101226A61
:10787000D1ED000A02EB800292ED000AF4EEC00A9C
:10788000F1EE10FA01D281ED000A401CC0B2217B5A
:107890008142E6D8CAB22888D4F8E810424320686A
:1078A000F8F778FED4F8E41009B12046884720683C
:1078B00070BD0000440900202DE9F041044690F815
:1078C000280000282AD1627B04F1300104F1600015
:1078D00004F1380522B3227BA4F8B820012604F174
:1078E000B802A4F8BA60174607F08EFD84F8C80005
:1078F000207BA4F8C000A4F8C26004F1C0021646C0
:1079000004F1400104F1700007F07EFD04F8C80F97
:107910002A463146384607F001FC2070BDE8F08168
:107920002A4607F071FD84F8C800F7E72DE9F04119
:10793000044690F82B00002838D1B4F87800A4F859
:10794000B800012504F1B80204F13801A4F8BA50D6
:1079500090460F4604F1780007F056FD84F8C80001
:10796000B4F84800A4F8C00004F1C002A4F8C25062
:107970001646414604F1480007F07EFD84F8C80031
:10798000B4F89800A4F8B800A4F8BA5042463146BA
:1079900004F1980007F038FD84F8C80004F13002C3
:1079A0004146384607F0BAFB84F8C800BDE8F081CC
:1079B0002DE9FC5F0546DDE90E64DDE90CA8606891
:1079C0008B469946D0ED080A20681746124990ED7B
:1079D000080A184601F0E0FA60681049D0ED080A7C
:1079E000206890ED080A0E48FAF714FF397800294C
:1079F0000FD001290DD0287900280AD1687A0028F3
:107A000007D1CDE9008653464A465946284600F03C
:107A100009F8BDE8FC9F0000280800206804002049
:107A2000749600202DE9F0471C462DED028B9246FE
:107A300093ED010ADDE90A8689460546B1EE400A62
:107A4000F1EE080A01F082F8FE4F87ED000A99ED89
:107A5000010AD4ED020A30EE600A87ED010AD9ED81
:107A6000000A94ED000AFAF78DFEF7EE040A01F021
:107A70006DF887ED020A99ED020AD4ED040A30EEA2
:107A8000600A87ED030AD8F800009AED010AD0EDEC
:107A9000000A30EE600A9FEDEC8AF0EE480A01F031
:107AA00055F887ED040AD8F80000F0EE480A90ED8A
:107AB000010AB1EE400A87ED050AD8F804009AEDF4
:107AC000020A90ED001A30EE410A01F03FF887ED0E
:107AD000060AD8F8040090ED010AB1EE400A87EDDD
:107AE000070A9AED000AD4ED050A30EE600AF5EEB9
:107AF000000A01F02BF887ED080AD4ED060AF1EE32
:107B0000600AC7ED090AE9799FEDD01AF0EE001A74
:107B100007F12800F9B180ED021A80ED031A80ED1B
:107B2000161A80ED171A90ED042A22EE212A80ED14
:107B3000042A90ED062A22EE212A80ED062A90EDF5
:107B4000182A22EE212A80ED182A90ED1A2A22EE18
:107B5000212A80ED1A2A297AF9B180ED0C1A80EDDC
:107B60000D1A80ED201A80ED211A90ED0E1A21EEEB
:107B7000211A80ED0E1A90ED101A21EE211A80EDD7
:107B8000101A90ED221A21EE211A80ED221A90EDA2
:107B9000241A21EE211A80ED241AAA49EA78103914
:107BA000F2B3D7ED041A90ED040A97ED051AD7ED5C
:107BB000060A21EEC02A90ED050AD0ED072A01EE53
:107BC000402A90ED060A00EEC02A97ED070A00EE63
:107BD000622A81ED002A90ED0E2AD0ED0F2A21EEC7
:107BE000C22A01EE622AD0ED102A00EEE22AD0ED80
:107BF000112A00EE622A81ED012A90ED182AD0EDBB
:107C0000192A21EE822A01EE222AD0ED1A2A00EE4C
:107C1000A22AD0ED1B2A00EE222A81ED022A00E0E2
:107C200029E090ED222A61EE821A90ED232A41EE9E
:107C3000021A90ED241A40EE811AD0ED250A40EE8A
:107C4000201AC1ED031A306891ED010A80ED010A96
:107C5000706891ED000A80ED010A306891ED030A29
:107C600080ED020A706891ED020A80ED020ABDEC17
:107C7000028BBDE8F087AA78002A7CD097ED014AF4
:107C800090ED011A97ED032A97ED043A64EE415AFC
:107C900090ED031A42EE415A90ED041A63EE011A78
:107CA0009FED6B1AD7ED053AD7ED062A41EEC15A82
:107CB000D0ED051AD0ED074A63EEA11A41EEC15A84
:107CC000D0ED061A62EEA11A41EEC15AD7ED071A9D
:107CD00061EEA44A44EEC15AD0ED084A20EE245A7F
:107CE000DFED5C4A45EE645A90ED095A20EE856A54
:107CF000B0EE085A46EE455AC1ED005AD0ED0B5A87
:107D000090ED0D6A64EE655A42EE465A90ED0E6AA9
:107D100023EE066A46EE415A90ED0F6A23EE866A1C
:107D200046EE415A90ED106A22EE866A46EE415ABE
:107D300090ED116A21EE866A46EE415A90ED126A84
:107D400020EE066A46EE645A90ED136A20EE866ACB
:107D500046EE455AC1ED015AD0ED155A90ED176A1D
:107D600064EE255A42EE065A90ED186A23EE066A32
:107D700046EE015A00E04EE090ED196A23EE866A65
:107D800046EE015A90ED1A6A22EE866A46EE015AD4
:107D900090ED1B6A21EE866A46EE015A90ED1C6A50
:107DA00020EE066A46EE245A90ED1D6A20EE866AA1
:107DB00046EE055AC1ED025AD0ED1F5A24EE254A6F
:107DC000D0ED215A02EE254A90ED222A23EE022A16
:107DD00002EE014A90ED232A23EE822A02EE014AA6
:107DE00090ED242A22EE822A02EE014A90ED252A05
:107DF00061EE821A01EE814A90ED261A20EE010A08
:107E000000EE244A90ED270A20EE800A00EE054A93
:107E100081ED034A17E7D7ED004A90ED001A97ED80
:107E2000014AD7ED023A24EEC15A90ED011A97EDBE
:107E3000033A04EE415A90ED021A03EEC15A90ED56
:107E4000031A09E04C9600206666E63E000000003A
:107E50009A99993F3333B33F03EE415AD7ED042A41
:107E600090ED041A97ED052AD7ED061AD0ED075AC2
:107E700002EEC15A90ED051A02EE415A90ED061A33
:107E800001EEC15A97ED071A01EE655AD0ED085A76
:107E900000EE655AD0ED095A00EEE55A81ED005A20
:107EA00090ED0A5AD0ED0B5A24EEC55A04EE655AED
:107EB000D0ED0C5A03EEE55AD0ED0D5A03EE655A9B
:107EC000D0ED0E5A02EEE55AD0ED0F5A02EE655A89
:107ED000D0ED105A01EEE55AD0ED115A01EE655A77
:107EE000D0ED125A00EE655AD0ED135A00EEE55A65
:107EF00081ED015A90ED145AD0ED155A24EE855AB1
:107F000004EE255AD0ED165A03EEA55AD0ED175AB5
:107F100003EE255AD0ED185A02EEA55AD0ED195AA3
:107F200002EE255AD0ED1A5A01EEA55AD0ED1B5A91
:107F300001EE255AD0ED1C5A00EE255AD0ED1D5AFF
:107F400000EEA55A81ED025A90ED1E5A64EE854A64
:107F500090ED1F5A44EE054A90ED204A43EE844AC4
:107F6000D0ED213A43EE234A90ED223A42EE834A85
:107F7000D0ED232A42EE224A90ED242A41EE824A95
:107F8000D0ED251A41EE214A90ED261A40EE014A25
:107F900090ED270A40EE804AC1ED034A53E6000007
:107FA00070B504462DED048B90ED040A07F074F8CB
:107FB0009FED9F8A60EE088A94ED010A07F06CF845
:107FC00040EE488A9B4DC5ED068A94ED040A07F001
:107FD00081FA60EE088A94ED010A07F07BFA40EE20
:107FE000488AC5ED088AD5ED060A9FED931A20EE62
:107FF000810A28EE811A60EEA00A85ED020A20EEC1
:10800000000A85ED041A48EEA80A01EE010AC5ED42
:10801000050A00EEE00A06F01FFFD5ED040A95ED13
:10802000051A30EE200AD5ED020A70EE810A06F03C
:10803000BDFDF0EE000A20EE200A84ED020A94ED68
:10804000010A07F029F860EE088A94ED020A07F0A9
:1080500023F89FED7A9A40EE098AC5ED078A94EDE0
:10806000010A07F037FA60EE088A94ED020A07F079
:1080700031FA40EE098AC5ED098A95ED070A20EE2E
:10808000000A08EEA80A06F0E7FE84ED080AD5ED1E
:10809000070A95ED090A06F089FD84ED000A94EDC2
:1080A000020A06F0F9FFD5ED068A50EE098A94ED32
:1080B000020A07F00FFAD5ED080A50EE090AB0EEF1
:1080C000600AF0EE680A06F071FD84ED030AD4ED53
:1080D000010A30EEC00A07F0FDF9D4ED060A60EEA1
:1080E000880A60EE208A94ED030AD4ED040A30EE8B
:1080F000600A07F0EFF9D4ED070A60EE880A40EE57
:10810000808A94ED030AD4ED020A30EE600A07F08B
:10811000E1F9C8EE800AC5ED030A94ED010A07F003
:10812000D9F9D4ED060A9FED461A60EE810A20EED9
:10813000200A85ED000A94ED010A06F0ADFFD4EDAA
:10814000060A60EE880A20EE200A85ED010A94ED09
:10815000020A06F0A1FFD5ED010A95ED031A41EEE2
:10816000000A95ED090A20EE808A94ED020A07F0D4
:10817000B1F9D5ED000A95ED031A41EE400A95EDEF
:10818000070A00EE208A94ED080AC8EE000AC4ED42
:10819000090A94ED020A06F07FFFD5ED010A95ED7C
:1081A000031A41EE000A95ED070A20EE808A94ED4D
:1081B000020A07F08FF9D5ED000A95ED031A41EE9A
:1081C000400A95ED090A00EE608A94ED080A60EE17
:1081D000000A88EE201ADFED1B0A40EE400A84ED0B
:1081E000051A9FED191A80EE810A10EE100A09F0A7
:1081F00029FE41EC100B06F00BFA51EC100B09F0C4
:10820000B1F8A06294ED010AD4ED040A0F4930EEF2
:10821000600A10EE100A84ED0B0A884205DDDFEDDE
:108220000C0A30EE600A84ED0B0ABDEC048B70BDC5
:10823000F6285C3EA00A00204A0C023F4A0C823E0F
:10824000F6285CBE2ECCE23DBDAEDF3DDB0FC94063
:10825000DB0FC9402DE9FF4F83462DED028B81B026
:10826000DFF864A2DDF84890DDE91348D9F8000092
:10827000DAED080A174690ED070A0D46109E30EE1B
:10828000600A0AF20240FAF7B3F9D9F80400DAED0D
:108290001A0A90ED070A0AF2924030EE600AFAF7E5
:1082A000A7F9E8789FED898A18B9287908B9687A1A
:1082B000F0B3854800219C30416311980078002874
:1082C0007ED001287CD0DFF808A229790AF1AE001F
:1082D0000AF52E7B009061B3206880ED018A20684A
:1082E00080ED008A206880ED028A606880ED018A56
:1082F000606880ED008A606880ED028A307E012827
:108300005ED1D9F80000D6ED090A90ED020A0AF50F
:10831000AE7000F047FFD9F80400D6ED0A0A90EDE0
:10832000020A0AF20A2000F03DFF0AF5AE7001E0F1
:108330000FE01BE02268416B51606168D0F8E200F9
:108340004860707EDFED638A9FED638A01287DD0EF
:108350009EE09BED1D0A9FED611A5B48F0EE480A16
:1083600020EE010A9C3000F01DFFA6E70698D7ED2D
:10837000040A90ED030A30EE600A9FED598AF0EE90
:10838000480A00F00EFC504ED8F800009C36D6ED9E
:108390000D0A70EE200A90ED080A4D4800F002FF29
:1083A0000698D7ED050A90ED030A30EE600AF0EE6C
:1083B000480A00F0F6FBD6ED0D0A70EE600A00E008
:1083C00025E0D8F8040090ED080A009800F0EAFED5
:1083D000E878DAF83410002800EE101A50461BD066
:1083E0004049B1EE400A2268D1ED050A30EE600A3C
:1083F00082ED000ADAF8E200D1ED050A00EE100A7B
:10840000B1EE400A30EE600A606880ED000A01B00B
:10841000BDEC028BBDE8FF8FDBF88820F1EE400A4F
:1084200000EE102A226830EEC00AD7ED020A30EEC4
:10843000200A82ED000ADAF8E20000EE100ADBF80A
:108440001801F1EE400A00EE100A00E006E030EEFE
:10845000C00AD7ED030A30EE200AD5E7D8F80000AD
:10846000F0EE680A90ED080A194800F09BFEDAF871
:10847000340000EE100ADBF88800B1EE401A00EE7E
:10848000100A206831EE400A30EE080A80ED000A3A
:10849000B07E0128BBD1D8F80400F0EE680A90ED58
:1084A000080A009800F07EFEDAF8E20000EE100AFA
:1084B000DBF81801F1EE400A00EE100A30EEC00AB7
:1084C00030EE080AA0E70000E8A10020000000004C
:1084D00032A30020B81E053E0000A04234FA8E3CB4
:1084E0005C8F423E14A100204A42904202DB884247
:1084F00000DC002070470000104810B50E490160F4
:108500000321416000214FF410228160C0E9031271
:108510004FF4001242610176012242768176C176E3
:1085200001774177FAF7D3FE002803D0BDE8104069
:10853000F9F7F4BF10BD00000064004050120020A5
:10854000104810B50E4901600321416000214FF42D
:1085500010228160C0E903124FF4001242610176DB
:10856000012242768176C17601774177FAF7AFFE34
:10857000002803D0BDE81040F9F7D0BF10BD0000BF
:108580000068004078120020074910B505480860CF
:108590000846FBF79AF8002803D0BDE81040F9F729
:1085A000BDBF10BD003002401C000020254808B5AA
:1085B000016841F480010160016801F480010091CB
:1085C000016841F4001101600068002200F400100D
:1085D000009005210C20FBF725FD0C20FBF714FD76
:1085E000002205213920FBF71DFD3920FBF70CFD8A
:1085F000002205213A20FBF715FD3A20FBF704FD88
:10860000002205213B20FBF70DFD3B20FBF7FCFC86
:10861000002205214420FBF705FD4420FBF7F4FC74
:10862000002205214520FBF7FDFC4520FBF7ECFC73
:10863000002205214620FBF7F5FCBDE80840462056
:10864000FBF7E2BC3038024010B5AAB01C22214929
:108650006846F7F79FFF0021684607F089FA1E4C2D
:108660001C491C2220601C3107A8F7F793FF00214A
:1086700007A807F07DFA174960601C2238310EA860
:10868000F7F788FF00210EA807F072FA1149A060E1
:108690001C22543115A8F7F77DFF002115A807F01B
:1086A00067FA0C49E0601C2270311CA8F7F772FFD2
:1086B00000211CA807F05CFA064920611C228C31BD
:1086C00023A8F7F767FF002123A807F051FA60619C
:1086D0002AB010BD3C1F0108000000202DE9F04722
:1086E00086B014216846F7F7B1FF574800250168A6
:1086F00041F002010160016801F002010591016889
:1087000041F040010160016801F0400105910168FC
:1087100041F001010160016801F00101059101686A
:1087200041F008010160016801F00801059101684C
:1087300041F004010160016801F004010591016844
:1087400041F080010160016801F08001059101683C
:1087500041F0200101600068012200F02000DFF8F4
:10876000EC801402059021464046FBF7A9FADFF899
:10877000E090012240214846FBF7A2FA354E012243
:1087800010213046FBF79CFADFF8CCA001221146FD
:108790005046FBF795FA00940124CDE9014569465E
:1087A00040460395FBF7A4F94020CDE900040225DB
:1087B00069464846CDE90245FBF79AF909204FF48E
:1087C0000417CDE90007694602944846FBF790F983
:1087D0001020CDE9000469463046CDE90245FBF79B
:1087E00087F93020CDE90007694602944046FBF73F
:1087F0007FF90094694650460194CDE90245FBF7A4
:1088000077F9002205210620FBF70CFC0620FBF778
:10881000FBFB002205210920FBF704FC0920FBF7E4
:10882000F3FB002205210A20FBF7FCFB0A20FBF7E3
:10883000EBFB002205211720FBF7F4FB1720FBF7C9
:10884000E3FB06B0BDE8F087303802400008024084
:108850000018024000000240000402400D4810B51C
:108860000B4901600C49416000214FF48042816056
:10887000C0E9031241618161C1610162FBF72CFA19
:10888000002803D0BDE81040F9F748BE10BD000035
:10889000005C0040A0120020801A0600104810B5AD
:1088A0000E4901604FF48271416000210222816013
:1088B000C0E9031201224261520282613822C0E9FA
:1088C0000721416281620A21C162FCF7AFFB0028E7
:1088D00003D0BDE81040F9F721BE10BD00300140C3
:1088E000F412002010B588B01C216846F7F7AEFEE0
:1088F00015481449002401605321C0E9011440F2D5
:10890000CF71C0E903148461FCF7AAFD08B1F9F73F
:1089100005FE0D48FDF739F808B1F9F7FFFD6020B5
:10892000CDE9000402940022694607480494FCF74C
:10893000C6FF08B1F9F7F2FD0348FCF77DFF08B068
:1089400010BD0000004401409C14002010B586B00A
:10895000002417480094019402940394049413494A
:1089600005940160A721C0E9011442F20F71C0E92A
:10897000031480218161FCF773FD08B1F9F7CEFD86
:108980004FF48050009069460948FCF74DFE08B14D
:10899000F9F7C4FD049404A905480594FCF718FDF3
:1089A000002801D0F9F7BAFD06B010BD0004004060
:1089B0000C14002010B58EB000240794089409947C
:1089C0000A940B941C2168460C94F7F73FFE1E484E
:1089D0001C49C0E9001445F20721C0E902410461C5
:1089E0008461FCF73DFD08B1F9F798FD4FF4805024
:1089F000079007A91448FCF717FE08B1F9F78EFD98
:108A00001148FCF7C2FF08B1F9F788FD0B940BA9D8
:108A10000D480C94FCF7DCFC08B1F9F77FFD6020F1
:108A2000CDE9000402940822694607480494FCF743
:108A300046FF08B1F9F772FD0348FCF7FDFE0EB0E2
:108A400010BD000000080040541400200C4810B570
:108A50000A4901604FF4E1314160002181600C223C
:108A6000C160C0E904128161C161FDF76FF900289E
:108A700003D0BDE81040F9F751BD10BD0010014012
:108A8000E41400200C4810B50A4901600B4941600C
:108A9000002181600C22C160C0E904128161C161C2
:108AA000FDF754F9002803D0BDE81040F9F736BDB2
:108AB00010BD0000004800402C150020A0860100D9
:108AC0000C4810B50A4901604FF4E13141600021C2
:108AD00081600C22C160C0E904128161C161FDF7AF
:108AE00035F9002803D0BDE81040F9F717BD10BDD7
:108AF000001401407415002010B500220F491048E1
:108B000003F074FE08B1F9F709FD0E490C4804F0B2
:108B10008BF808B1F9F702FD0B49094803F02EFC68
:108B200008B1F9F7FBFC064804F002F9002803D06D
:108B3000BDE81040F9F7F2BC10BD00002400002091
:108B40009C1700206C01002074000020B4EEE00AA5
:108B5000F1EE10FA06DAF1EE600AB4EEE00AF1EE98
:108B600010FA01D8B0EE600A7047D0ED010AB5EEF8
:108B7000002AC0ED000A60EE820A90ED021A80ED34
:108B8000011A41EE020AD0ED031AC0ED021A80ED7F
:108B9000030A41EE820A40EE020AB0EE600A704714
:108BA000FEE7B4EEE00AF1EE10FA01DAB0EE600A88
:108BB000704700002DE9FC419446F0EE413AB0EEDA
:108BC000604A0D4606469FED581ADFED580A9FEDA4
:108BD000583ADFED582A0A2A05D0BCF1140F2AD0E2
:108BE0001E2A50D07FE0102006F04AFF82B20C20EF
:108BF000B3EE0E1AFBEE0E0AB0EE440A06F040FF8A
:108C000087B20C20B0EE431AF0EE620AB0EE630AAF
:108C100006F036FF84B20C20B1EE041AF0EE620AC0
:108C2000B0EE610A06F02CFF83B20C20B2EE041AFB
:108C3000FAEE040A52E0102006F022FF82B20C2065
:108C4000B2EE041AFAEE040AB0EE440A06F018FF77
:108C500087B20C20B0EE431AF0EE620AB0EE630A5F
:108C600006F00EFF84B20C20B1EE041AF0EE620A98
:108C7000B0EE610A06F004FF83B20C20B3EE0C1ACA
:108C8000FBEE0C0A2AE010209FED2B1ADFED2B0AD9
:108C900006F0F6FE82B20C209FED291ADFED290ABC
:108CA000B0EE440A06F0ECFE87B20C20B0EE431A98
:108CB000F0EE620AB0EE630A06F0E2FE84B20C2027
:108CC000B1EE041AF0EE620AB0EE610A06F0D8FEC8
:108CD00083B29FED1D1ADFED1D0A0C20B0EE420A93
:108CE00006F0CEFE80B2110A8DF800108DF801203A
:108CF00039098DF80210390141EA14218DF8031069
:108D00008DF8044019098DF80510190141EA102168
:108D10008DF806108DF807006B460822294630466C
:108D2000F8F7FFFBBDE8FC81DA0F4940D64A49C09D
:108D30000000FA4300000000DC0F4940DC0F49C08E
:108D400000003442000034C200005842000058C203
:108D5000FEE7000070B50446D0F8060090ED011A59
:108D6000784880ED031A0020042317E0D4F8061099
:108D700003EB80028D1801EB8001D5ED001A71EE36
:108D8000C11AC1ED001AD4F80A100A4401EB80019F
:108D9000D2ED001A401CC1ED001A80B22188491E94
:108DA0008142E3DC2188D4F806006FF0070202EB71
:108DB0008102024492ED001A6FF0030202EB81017E
:108DC00031EE000A084480ED000A2188D4F80A0038
:108DD00002EB81010844C0ED000AD4F802002188AA
:108DE000884202D2401CC4F80200102104F11A008B
:108DF000F7F70AFC2188D4F802000B1A98B23BE07E
:108E0000D4F80620D4F81A5002EB800200EE905AF3
:108E100092ED000A40EE000A10EE905AC4F81A5083
:108E2000D4F81E50D2ED000A00EE105A30EE800A3F
:108E300010EE105AC4F81E50D2ED000AD4F80A20E1
:108E4000D4F8225002EB800200EE105A92ED001A84
:108E5000401C80B200EE810A10EE105AC4F8225075
:108E6000D2ED000AD4F8262000EE102A30EE800A57
:108E700010EE102AC4F826208142C1D800EE101A44
:108E8000D4F82200D4F82620B8EE400A00EE900A6A
:108E9000D4F81E0001EE102A60EE800A00EE100ADF
:108EA000D4F81A2040EE410A00EE101A01EE102A02
:108EB000B8EE400A21EE001A00EE100A002000EE83
:108EC000401A80EE810A10EE102AC4F80E20C4F871
:108ED000160098B223E0D4F8063000EE902A03EB97
:108EE000800393ED001AD4F8123000EE103AD4F853
:108EF0000A3000EE810A03EB8003401CD3ED000A28
:108F0000D4F8163080B230EE600AF0EEC00A00EEFF
:108F1000103A30EE800A10EE103AC4F81630814252
:108F2000D9D800EE101A54F8160FB8EE401A00EE19
:108F3000900A80EE810A10EE100A00EE102A2060DE
:108F400070BD00003009002070B50446002524F8EB
:108F5000021B8E002560304607F002FA6060304642
:108F600007F0FEF9A060E560256160683146F7F71B
:108F70006DFBA0683146A41EF7F768FB04F11A00E8
:108F8000BDE870401021F7F73FBB00000148FBF738
:108F9000C7B90000981C002091ED002A91ED011A3C
:108FA000D1ED031AD1ED052A01EE002A91ED021A46
:108FB00001EE202A20EE001A01EE812AD1ED041ADA
:108FC00061EE801A01EEA02A60EEA01A02EEA12A3C
:108FD00080ED012A91ED062AD1ED072A02EE802AC2
:108FE000D1ED082A02EEA02AD1ED092A02EE812A4B
:108FF000D1ED0A2A62EE802A02EEA02AD1ED0B2AD8
:1090000002EEA12A80ED022A91ED0C2AD1ED0D2A63
:1090100002EE802AD1ED0E2A02EEA02AD1ED0F2A0F
:1090200002EE812A91ED101A21EE000A00EE202AAC
:1090300091ED110A00EE212A80ED002A7047000010
:109040002DE9F041066805460C46306C06EB4411EC
:10905000D1F8083B95F806C04FF400474FF0200EBA
:1090600005F29C42BCF1010F08D0DFF898C06045C2
:1090700038D1180431D5C1F8087B3FE0224E5FEAB1
:10908000037C04D5B04239D91804F4D436E05FEA41
:10909000836C02D5C1F808EB30E013F0280F2DD116
:1090A000B04201D91804E6D404EBC40005EB8000FB
:1090B000D1F8101BD0F87432C1F31201591AC0F85C
:1090C000681200F51570ACB903691BB1C268114490
:1090D000C1600FE0012128680AE098060AD5C1F8AE
:1090E00008EB07E034B9D5F8640218B9002130461E
:1090F00004F09CF9E1B22846FAF7FAFF0020BDE837
:10910000F08100000A31544F0A30544F2DE9F84FD6
:109110000E4601EBC60100EB81048146D0F80080C9
:10912000D4E909101434884202D90120BDE8F88F2F
:10913000081AA168814200D20846C01C870808EBC3
:10914000461A15E0451AA068A84200D20546E81C58
:10915000870899F806000090ABB2F2B24046E16889
:1091600004F0A2FCE0682844E06060692844606183
:10917000DAF8180980B2B84205D3D4E90401814273
:1091800001D20028DED1D4E90401884208D806F0D3
:109190000F0101208840D8F834188143C8F83418EA
:1091A0000020C3E770B504462DED028BF0EE608A17
:1091B00090F89800B0EE408A000649D5606B00EE4A
:1091C000100A206C01EE100ADFEDFE1A21EE211AC2
:1091D000B4EEC10AF1EE10FA3AD32068FA4A00EE72
:1091E000100AB0EEC00A10EE101A914230DB21696D
:1091F00000EE100A01EE101AF44930EE410AB0EE0A
:10920000C01A00EE100AF0EEC01A81EE210A10EE2C
:10921000100A88420ADD54F89D0F6168401C44F82A
:10922000040B41F1000144F8A11904E00021C4F845
:109230009D10C4F8A110D4F89D20D4F8A1104FF4CB
:10924000FA7300209A1A884102D2012084F8A500FE
:1092500004F18C00F8F7E0FF10EE100A18EE101A77
:10926000C4F8900018EE900A21612060D4F899208B
:10927000D74B012A04D0022A78D0002A77D018E0F0
:1092800000EE101AB5EEC00AF1EE10FA71DD00EE34
:10929000100AB5EEC00AF1EE10FA6AD200EE101A0A
:1092A000DFEDCC0A96E010EE100A01E010EE900A15
:1092B000A061D4F8A61009B120468847A06900EE45
:1092C000100AB5EEC00AF1EE10FA00EE100A01DC49
:1092D000B1EE400AA16C00EE901AB4EEE00AF1EE95
:1092E00010FA7CDDD4F8941004F16203E9B36268EB
:1092F00000EE102A0A6800EE902A70EE200A00EEB6
:10930000100A20EE800A10EE102A6262A26800EEB7
:10931000102A4A6800EE902AD4F8902070EE200AB5
:1093200000EE100A60EE800A00EE102A20EE800A9D
:1093300010EE105A2563B4F86050022D7ED900EE6D
:10934000900A00EE102A1846FFF704FDE06800EED0
:10935000900AD4F89400806801EE100A70EE810A39
:1093600020EE200A10EE100ACDE07DE020E074E04F
:10937000FFE700EE101AB5EEC00AF1EE10FA6CD25B
:1093800000EE100AB5EEC00AF1EE10FA65DD00EE4F
:10939000101ADFED910A01EE100A70EEC00A00EE1D
:1093A000100A30EE800A00EE901A71EE600A4AE070
:1093B00000EE101AB5EEC00AF1EE10FA23DD00EE51
:1093C000100AB5EEC00AF1EE10FA1CD200EE101A27
:1093D000DFED820A70EEC00A00EE100A00E09DE1A7
:1093E00030EE800A00EE900A01EE101A70EEC10A0B
:1093F00083EC020AB1EE601AB4EEC10AF1EE10FA83
:10940000BFF454AF4FE700EE101AB5EEC00AF1EE0C
:1094100010FA22D200EE100AB5EEC00AF1EE10FAF0
:109420001BDD00EE101ADFED6E0A70EEC00A00EED2
:10943000100A30EE800A00EE900A00E04CE001EEE7
:10944000101A70EEC10AB1EE401A83EC020AB4EEB3
:10945000E01AF1EE10FAD3D225E700EE100A00EE82
:10946000901A30EE600A1EE7616800EE100A00EE06
:10947000901A20EE800A10EE101A00EE100A6162B7
:10948000A16800EE901AD4F8901060EE800A00EE09
:10949000101A20EE800A10EE102A2263B4F8602021
:1094A000022A0AD900EE900A00EE101A1846FFF7B9
:1094B00051FCE06800EE900A52E700EE100AE06905
:1094C00000EE900AE06870EE600A00EE100A20EEEE
:1094D000801A00EE101A12E0E368896800EE103A74
:1094E00000EE901A30EE201A00EE100AE06900EE4D
:1094F000900A30EE600A21EE001A00EE102AC1EE4A
:10950000000A10EE900AE062D4F8AA1009B12046D1
:10951000884794F89800410721D5D4F89410B6EE06
:10952000000AE9B3A268496800EE902A01EE101A19
:10953000A16970EE811A00EE901AE16901EE101A2D
:1095400070EE810A20EE800A61EE800AD4F8901055
:1095500000EE101A20EE800A10EE101A2163800629
:1095600002D5204606F008F994F89800800702D545
:10957000204606F05AF994F89820500639D5E06A4A
:10958000D4F8901000EE900A00EE101AE06D60EE34
:10959000801A00EE900A00EE101A30EE800A00E009
:1095A0004CE081EE801AE36B00EE100A00EE903A78
:1095B00060EE801A00EE100A00EE901A30EE200ADB
:1095C00010E000006F12833A17B7D1383333733F7E
:1095D000F00100200000B4430000B4C3DB0FC94019
:1095E000DB0FC9C0C1EE800A31EE200A10EE100A6E
:1095F000E062D00702D0204606F073F9A06A00EEC0
:10960000100A206B00EE900A30EE200A10EE100ACD
:10961000A062626A00EE100A00EE902AE06A70EE24
:10962000800A00EE100A30EE800A10EE100A606325
:1096300094F89810C90611D4606B34E0A16900EE6B
:10964000901AE16901EE101AA16870EE810A60EECD
:10965000800A00EE101A60EE800A77E7D4F89010C6
:1096600000EE100A00EE901AA06DA36B60EE201AB7
:1096700000EE900A00EE101A30EE800A00EE903AEA
:1096800081EE801A00EE100A60EE801A00EE100AD9
:1096900000EE901A30EE200AC1EE800A31EE200A68
:1096A00010EE100A606300EE900A206C00EE100AC3
:1096B000F4EEC00AF1EE10FA00DD6063616B00EEBB
:1096C000100A00EE901AB1EE400AF4EEC00AF1EE74
:1096D00010FA06D200EE100AB1EE400A10EE101A8F
:1096E000616300EE102A00EE900AB4EEE00AF1EE9B
:1096F00010FA00DD6062616A00EE100A00EE901A56
:10970000B1EE400AF4EEC00AF1EE10FA06D200EE15
:10971000100AB1EE400A10EE100A60622069606122
:10972000606BA063E16AE163A169E161216B216281
:1097300000EE100ABDEC028B70BD2DE9F04104462D
:1097400011EE100A0025A06410EE900A1E46606417
:1097500010EE100A1746206411EE900A2560606032
:1097600012EE100AA06012EE900AE06013EE100AEA
:109770002563206513EE900A606514EE100AA0655B
:1097800014EE900AE065A4F8601004F16200FFF79F
:10979000DBFBC4F88C50C4F8997084F89860002002
:1097A000C4F89D00C4F8A10084F8A5506563BDE825
:1097B000F0810021017041708170C1704160816051
:1097C000C1600161704700002DE9F05F04462DED96
:1097D000028B8846888A154657491E4602054FF077
:1097E00001074FF0000901D50F6001E0C1F80090BA
:1097F000C005A8784FF4FA7A05D5B8B9AF70FAF772
:1098000065FAE86012E088B185F80290FAF75EFA2E
:10981000E968401A504509D2E07828B9207818B98B
:10982000A07808B9607840B184F8019098F81400E5
:109830000006287808D510B115E06770F6E72F709C
:10984000FAF744FA68600EE068B185F80090FAF71C
:109850003DFA6968401A504505D2E07808B9207889
:1098600060B184F80290B8F81400DFF8D0B0800539
:109870009FED338A687811D558B120E0A07820B1E7
:1098800084F8019084F80290EDE784F80190A770C5
:10989000E9E76F70FAF71AFAA8601BE078B185F86B
:1098A0000190FAF713FAA968401A504512D2F068ED
:1098B00058450DD19FED230A86ED030A0AE0F068B2
:1098C000584507D02049884204D02049884201D019
:1098D00086ED038A98F814008006E87809D50028F8
:1098E00003D1EF70FAF7F2F92861BDEC028BBDE805
:1098F000F09F0028F9D085F80390FAF7E7F9296975
:10990000401A5045F1D2207948B9607838B9607969
:1099100028B9E07918B9207A08B9A07810B184F88C
:109920000090E2E7207820B184F8009086ED038A69
:10993000DBE72770D9E70000C8080020AE47613E8A
:10994000AE47613E713D8A3E713D8A3E0AD7A33ED5
:1099500008B50B0A8DF800308DF8011000218DF844
:109960000210012A08D08DF803106B46042240F241
:109970000161F7F7D6FD08BD0121F4E7B5EEC00A95
:10998000F1EE10FA01DA9FED010A704700000000C5
:10999000D0ED001AB5EEC00A30EE611AF1EE10FA01
:1099A0000BD1B0EEC10A10EE101A074A914204DA48
:1099B0009FED060A80ED000A704741EE201AC0EDC7
:1099C000001A90ED000A704782A87B380000000062
:1099D00010B50C4C6078002812D144F620610120AB
:1099E000F7F7DAFA6068401C6060B0F57A7F07DB51
:1099F0000120607000206060BDE81040F7F7C4BA35
:109A000010BD0000100B002070B5044608780D460C
:109A100000F00F012160287800096060B5F80100AE
:109A200040BAA060EB782E791B0143EA1613E3607D
:109A30002E796B7906F00F0643EA0623DFED400A24
:109A40009FED400A23610A2A04D0142A18D01E2A46
:109A50002CD04DE0102106F05DFD84ED070A0C21AD
:109A6000F3EE0E0ABBEE0E0AE06806F053FD84ED3D
:109A7000080A0C21F2EE040ABAEE040A206933E067
:109A8000102106F047FD84ED070A0C21F2EE040ACE
:109A9000BAEE040AE06806F03DFD84ED080A0C21E8
:109AA000F3EE0C0ABBEE0C0A20691DE0DFED260A7E
:109AB0009FED260A03292FD004294FF0100133D03F
:109AC00006F028FD84ED070A0C21DFED210A9FED49
:109AD000210AE06806F01EFD84ED080A0C21DFED86
:109AE0001E0A9FED1E0A206906F014FD84ED090A86
:109AF000A87900EE100AB8EE400A84ED0C0AE87965
:109B000000EE100AB8EE400A84ED0D0AA06BB0F525
:109B10007A7F12DB002011E0102106F0FBFCDFED64
:109B2000100A30EE600A05E006F0F4FCDFED0D0AE5
:109B300030EE200AFCF732FBC4E7401CA06370BD86
:109B4000DA0F4940D64A49C0DC0F4940DC0F49C012
:109B500000003442000034C200005842000058C2E5
:109B6000005BB93C039FD53A10B500F09FF90D4951
:109B70004FF48062A1F1180005F016FF0A494FF476
:109B80000072A1F5007000F0FFF908490120084CAF
:109B9000087002E0012005F0DFFF20780028F9D0EE
:109BA00010BD000078980020019F0020B808002018
:109BB000CE08002070B53E4901F5836000F04AFAF6
:109BC0003C4C4FF47A760D256068B0424FDA0B2199
:109BD00090FBF1F201FB120008B901F0A7F96068EF
:109BE00090FBF5F105FB110008B900F093FF6068E8
:109BF000072190FBF1F201FB120008B901F02EF8E9
:109C00006068112190FBF1F201FB120008B900F02D
:109C100037FE6068132190FBF1F201FB120008B9D6
:109C200000F09EFD60681F2190FBF1F201FB120025
:109C300008B900F055FE6068172190FBF1F201FBB6
:109C4000120008B900F0ECFD60681D2190FBF1F2F4
:109C500001FB120008B900F0B3FD6068252190FBFC
:109C6000F1F201FB120090B900F06AFE0FE005214D
:109C700090FBF1F201FB120008B901F013F86068E3
:109C800090FBF5F105FB110008B900F089FE606852
:109C900047F23051884200DD66602069012801D01A
:109CA000606801E000206060401C606070BD0000E2
:109CB00060980020B808002078B40021784BADF8F7
:109CC00000100168C3F8161001799976B0F80510F4
:109CD000ADF8001089B240F20A25724CA1F20A22B6
:109CE000A9426FD02CDC40F20225A1F20222A94247
:109CF00063D01DDC40F20115A1F20112A9424BD044
:109D00000ADC012941D0022943D003292AD1C11DEF
:109D1000644810220B30BAE0032A42D0042A45D00E
:109D2000B2F5807F1ED1C11D5E480D221B30AEE012
:109D3000082A17D2DFE802F016474C1651545D632B
:109D4000F92A7DD019DC042A71D00DDC012A63D0F8
:109D5000022A69D0032A05D150F8071FC3F826103C
:109D60008088588578BC7047F72A63D0F82AF9D1E3
:109D7000D0F80700C3F80E00F4E7FA3A062AF1D249
:109D8000DFE802F06972777D828850F8071F216052
:109D90005AE0C0791870E5E7D0F80700C3F80A0068
:109DA000E0E7B0F807109980407A20E0B0F807109B
:109DB000A3F80710407A5872D4E7C11D39480E2223
:109DC000283064E022E050F8071F44F8361F46E0D0
:109DD00050F8071F43F8321F06E0C0795870C1E7FA
:109DE00050F8071F43F8391F81889980807998714E
:109DF000B8E750F8071F196440685864B2E7D0F814
:109E00000710C3F81B10C07AD877ABE750F8071FCC
:109E1000196280889884A5E7C11D22482822423013
:109E200035E00DE003E0FFE7C07998709AE7C0796C
:109E3000D87097E750F8071FD9628088188691E795
:109E400050F8071F44F86A1F416861600189218149
:109E5000807AA07286E750F8071F44F8751F4168A2
:109E600061608068A0607DE7C11D0E4818228130C6
:109E70000DE050F8071F99644068D86472E7C11D6F
:109E800008486922993002E0C11D0748222278BCA7
:109E9000F6F73BBBD0F80700C3F8120062E70000FA
:109EA000580B0020ECAE0020EEAF002070B5334D13
:109EB0000024334EC5F81640AC7646F8024B3048C5
:109EC000C6F80240F48034722C7010210B30F6F783
:109ED0009BFBC5F80A40AC80AC712948A5F8074047
:109EE0006C720D211B30F6F78FFB25480E212830B0
:109EF000F6F78AFB7463B463F463C5F83240EC860A
:109F000085F838406C70C5F83940A5F83D4085F8B3
:109F10003F402C646C64C5F81B40EC7718482C62F9
:109F2000AC8428214230F6F76FFBAC70C5F82640B0
:109F30006C85EC70EC622C86C5F80E40B466F46655
:109F4000A6F8704086F87240C6F873400C48C6F810
:109F50007740C6F87B4018218130F6F755FB08485A
:109F6000AC64EC6469219930F6F74EFB2221054878
:109F7000F6F74AFBC5F8124070BD0000580B0020F0
:109F8000ECAE0020EEAF0020F0B52F4D2B685C69E1
:109F900044F040045C612B685C6944F080045C61BF
:109FA0002B68DC6844F01004DC6003E01C6824F0DB
:109FB00001041C60EC6B23681E68F607F6D1DFF81D
:109FC0008CC027684FF40066674502D91F4B4C3B95
:109FD00004E01F4FBB4203D91C4B503B1E600AE0FC
:109FE000DFF86CC01A4FACF1600CB83F634501D983
:109FF000FE6000E0BE602B6824681B1DA360EB6B55
:10A000001B68D860E86B00680161E86B006842601B
:10A01000E86B0068016841F480210160E86B00682A
:10A02000016841F0010102E0016821F001010160D5
:10A03000A86B00680168C907F6D1A96B2868096890
:10A04000001D8860F0BD00007415002058640240B7
:10A05000B86002402DE9F041A527851D88460446D9
:10A0600000266BE0404605F089FC94F8861006292E
:10A0700046D2DFE801F003121B2A3448B84209D166
:10A08000012184F88610B4F887104A1CA4F88720B0
:10A09000485553E0A4F8876050E0A080B4F88710DA
:10A0A0004A1CA4F887204855022015E0A18841EAFF
:10A0B0000021A180B4F887104A1CA4F887204855D5
:10A0C000A08877281CD2032006E0B4F887104A1C29
:10A0D000A4F887204855042084F886002EE0B4F8C0
:10A0E00087104A1CA4F887204855B4F88700052833
:10A0F00024D10521A01DF6F7C3FF08B10520EBE729
:10A1000084F88660C6E7A288B4F8871009329142C5
:10A1100003D24A1CA4F887204855A188B4F88700C8
:10A12000093188420AD384F88660A4F88760A01DAC
:10A13000F6F7CCFF10B1A01DFFF7BEFD404605F0BD
:10A140007CFC00288ED1BDE8F0810000F8B51546F2
:10A150000E460B46009204460122022100F02CF824
:10A16000A0B9134813490068B0FBF1F04FF47A71BD
:10A17000484300906068B0F5827F0DD133460022DD
:10A1800080212046009500F017F870B1606D40F016
:10A19000200060650320F8BD009830B1401E00909B
:10A1A00020688068C0430006F6D50020F8BD000096
:10A1B0009400002000366E012DE9F8431E469146BA
:10A1C00088460446089DF9F781FD401B351AF9F7CA
:10A1D0007DFD074626480068C0F3CB3068430AE09F
:10A1E000701C09D0F9F772FDC01BA8420FD275B1DF
:10A1F0000098B8B3401E00902068816838EA0100DA
:10A2000033D000204845EBD10020BDE8F88320681A
:10A21000416821F0E00141606068B0F5827F0BD1B8
:10A22000A068B0F5004F02D0B0F5806F04D120686F
:10A23000016821F040010160A06AB0F5005F09D11A
:10A240002068016821F4005101602068016841F430
:10A2500000510160012084F85100002084F8500072
:10A260000320D2E7FFE70025C6E70120CAE7000088
:10A27000940000200178407841EA002070470000F7
:10A280002DE9F74F15462DED048B0C46087E01286D
:10A290007ED1E08DF94F4FF001089FEDF98ADFF88C
:10A2A000E4A3F94E4FF0020901280BD0022870D028
:10A2B00000286DD10498BDEC048B03B0BDE8F04FCD
:10A2C00003F006BCA08D9FEDF19ADFEDF18A002826
:10A2D000DFF8C0B3206804D000287DD001287CD1ED
:10A2E000A1E010B101283AD119E0606A00EB0B013E
:10A2F000B1420CD95844B04201D884ED099A94ED8A
:10A30000090A30EE080AFBF749FF84ED090A2868BC
:10A3100080685844B84222D8C4F800801FE0E06842
:10A32000E8B194ED090A30EE080AFBF737FF10EEAA
:10A33000100AD84984ED090A4942884206D8B5EE88
:10A34000C00AF1EE10FA01D8C4ED098A2868D24992
:10A35000806800F18140884201D8C4F80090E0682C
:10A3600010B101283BD11BE02068002810D0A06A62
:10A3700000EB0B01B1420AD95844B0427ED994EDAA
:10A380000A0A30EE080AFBF709FF84ED0A0A01E029
:10A39000A4E095E0686880685844B8426FD91EE030
:10A3A00094ED0A0A30EE080AFBF7F8FE10EE100AE8
:10A3B000B84984ED0A0A4942884206D8B5EEC00A77
:10A3C000F1EE10FA01D8C4ED0A8A6868B2498068D3
:10A3D00000F18140884201E009E042E067D920684D
:10A3E00002287BD1E06826E12A46214662E7E06840
:10A3F000B8B3606A00EB0B01B1420CD95844B042CB
:10A4000001D884ED099A94ED090A30EE080AFBF7A9
:10A41000C5FE84ED090A286880685844B84220D8EF
:10A42000C4F800801DE094ED090A30EE080AFBF73D
:10A43000B5FE10EE100A974984ED090A4942884298
:10A4400006D8B5EEC00AF1EE10FA01D8C4ED098ABB
:10A4500028689149806800F18140884201D8C4F899
:10A460000090E068002882D00128B8D12068002838
:10A470007BD094ED0A0A30EE080A01E01AE01CE0F5
:10A48000FBF78CFE10EE100A824984ED0A0A49425D
:10A49000884206D8B5EEC00AF1EE10FA01D8C4ED34
:10A4A0000A8A6868806800F18140504597D8C4F8EE
:10A4B0000C9094E784ED0A9A61E7C4F80C808EE76B
:10A4C000A08D9FED769ADFED768A0028DFF8D4B173
:10A4D000606804D0F0B301287ED187E045E010B178
:10A4E00001283BD119E0606A00EB0B01B1420CD9A5
:10A4F0005844B04201D884ED099A94ED090A30EE2F
:10A50000480AFBF74BFE84ED090A28688068584426
:10A51000B84223D8C4F8048020E02069F0B194ED5B
:10A52000090A30EE480AFBF739FEB5EEC00A84EDA1
:10A53000090AF1EE10FA07DB10EE100A59494942F8
:10A54000884201DCC4ED098A28688068A0F17E5049
:10A55000504500E02BE001D8C4F80490206910B108
:10A56000012864D174E06068B8BBBDEC048BBDE821
:10A57000FE8F5844B04201D884ED0A9A94ED0A0A3D
:10A5800030EE480AFBF70AFE84ED0A0A6868806824
:10A590005844B8424BD8C4F8108048E068688068D6
:10A5A000A0F17E50504542D8C4F810903FE0206999
:10A5B00090B1606A00EB0B01B1420CD95844B04233
:10A5C00001D884ED099A94ED090A30EE480AFBF7A8
:10A5D000E5FD84ED090A01E007E030E028688068C5
:10A5E0005844B8421FD8C4F804801CE094ED090A0E
:10A5F00030EE480AFBF7D2FDB5EEC00A84ED090A39
:10A60000F1EE10FA07DB10EE100A264949428842A3
:10A6100001DCC4ED098A28688068A0F17E505045AD
:10A6200001D8C4F80490206948B101280DD06068B1
:10A6300002289AD1206902283FF4D6AE95E7A06A95
:10A6400000EB0B01B142A1D993E7606800288CD0E0
:10A6500094ED0A0A30EE480AFBF7A0FDB5EEC00AF9
:10A6600084ED0A0AF1EE10FA98DB10EE100A0D499B
:10A670004942884292DCC4ED0A8A8FE7D7A3700072
:10A68000A69BC43BCDCC6C00A3705D00666626C063
:10A69000C3F5C8BF3D0A37405C8F6200666626403E
:10A6A000C3F5C83F3D0A37C07CB52548DFED250A14
:10A6B000254A90ED060A254B20EE200ABDEEC00A81
:10A6C00010EE101A51601878642801D3002000E0C1
:10A6D000012010701E488478C57846792C4405798D
:10A6E00035442C448579C0792C4420449060062858
:10A6F00023D018481278007900EB42008DF8000052
:10A700001889020A8DF801208DF80200124880890C
:10A710008DF80400020A8DF8032098798DF8050061
:10A72000080A8DF806008DF807106B46082240F2E3
:10A7300005110A48F6F7F5FE7CBD10784000DDE70C
:10A74000C497002000007A442409002007AF0020AD
:10A7500004A1002030A1002014AF002050120020DE
:10A7600000B587B020221E211048F5F745FF10A143
:10A770004FF41672CDE9052140F2DC530520CDE9F6
:10A7800003032422CDE90002042108480291022398
:10A79000012209A10F3801F0E3FA084801780348C3
:10A7A00007B01C385DF804EB01F096BBC2B0002086
:10A7B00042554D50000000003030330007AF0020FC
:10A7C00000B587B020221E211048F5F715FF10A113
:10A7D0004FF4C872CDE9052140F2DC530520CDE9E4
:10A7E00003032422CDE90002062108480291022336
:10A7F000012209A10F3801F0B3FA08480178034893
:10A8000007B01C385DF804EB01F066BBC2B0002055
:10A810004348414E474500003030350007AF002027
:10A8200000B587B020221E211048F5F7E5FE10A1E3
:10A830004FF44872CDE9052140F2DC530520CDE903
:10A8400003032422CDE900020421084802910223D7
:10A85000012209A10F3801F083FA08480178034862
:10A8600007B01C385DF804EB01F036BBC2B0002025
:10A8700046414C4C000000003030310007AF002052
:10A8800000B587B020221E211048F5F7B5FE10A1B3
:10A890004FF42F72CDE9052140F2DC530520CDE9BC
:10A8A00003032422CDE90002042108480291022377
:10A8B000012209A10F3801F053FA08480178034832
:10A8C00007B01C385DF804EB01F006BBC2B00020F5
:10A8D00046495245000000003030320007AF0020EA
:10A8E00000B587B020221E211048F5F785FE10A183
:10A8F0004FF4FA72CDE9052140F2DC530520CDE991
:10A9000003032422CDE90002042108480291022316
:10A91000012209A10F3801F023FA08480178034801
:10A9200007B01C385DF804EB01F0D6BAC2B00020C5
:10A930005350494E000000003030340007AF002073
:10A9400000B587B020221E211048F5F755FE0DF105
:10A950000C0C0FA340F2EE22322105208CE80F00F0
:10A960000422642106208DE8070008480223012202
:10A9700009A10F3801F0F4F908480178034807B03D
:10A980001C385DF804EB01F0A7BA0000C2B000204B
:10A990005A45524F000000003030300007AF002011
:10A9A0002DE9F04FDFF83C8187B04FF42F7AD8F8CB
:10A9B00000000224CDE904A04FF4207706261825D4
:10A9C0008DE8F0000023224647A1484801F048F9ED
:10A9D000D8F810004FF4257BCDE904B08DE8F000E5
:10A9E00042480023022242A10F3001F039F94148C8
:10A9F0004FF001094FF41B7801783C485A30012987
:10AA000003D0022907D051B113E08DE8F0030023F1
:10AA1000022239A10BE0CDE90484002303E00022E7
:10AA2000CDE9048213468DE8F000022232A101F044
:10AA300017F9514640F2BA4ACDE904A14F460396B0
:10AA4000DFF8B8908DE8B000284899ED030A00239C
:10AA500002222BA11E3001F0AFF88DE8B00003A850
:10AA6000002380E8400C214899ED040A022225A128
:10AA70002D3001F0A1F8CDF814808DE8B000CDE9BB
:10AA8000036A1A4899ED050A002302221EA13C30F0
:10AA900001F092F813484FF4397140F29243027A70
:10AAA0001248CDE904314FF4AA7540F2EE274B303D
:10AAB00003952AB18DE8D0000123022213A105E0FD
:10AAC00005218DE8C2000123022210A101F00FF937
:10AAD0000F480649027807B00D39BDE8F04F07204E
:10AAE00001F086B958AE0020313600003BB000209E
:10AAF00031370000CC0800203235000090A1002042
:10AB000031380000313900003230000032340000AA
:10AB100007AF00202DE9F04F63272DED028B87B0A2
:10AB20000DF1080A4FF42F794FF420780624059789
:10AB30008AE8100318250226CDE9006500230122CA
:10AB40003CA13D4801F08CF84FF4257B05978AE83D
:10AB500010093948CDE900650023012237A10F30E3
:10AB600001F07EF80DF1080C4FF41B7A05978CE884
:10AB700010053148CDE900650023012230A15A308B
:10AB800001F06EF84FF001080DF10C0C40F2BA47DD
:10AB9000CDF808808CE890029FED2A8A2648CDE9FE
:10ABA0000065B0EE480A0023424627A11E3001F09E
:10ABB00003F80DF10C09CDF8088089E890081E48CB
:10ABC000CDE90065B0EE480A002301221FA12D3017
:10ABD00000F0F2FFCDF8088089E890041648CDE92E
:10ABE0000065B0EE480A0023012219A13C3000F0B4
:10ABF000E3FF02AD4FF4397340F292424FF4AA7171
:10AC000040F2EE2085E80F000520CDE900040A4857
:10AC100001231A460FA14B3001F069F80E4806498E
:10AC2000027807B00D39BDEC028B0720BDE8F04F6C
:10AC300001F0DEB8313600003BB0002031370000B3
:10AC400032350000CDCCC742313800003139000028
:10AC5000323000003234000007AF002000B585B06C
:10AC60004FF470730220CDE90103009022214FF4CC
:10AC7000D772CDE903210023012207A1074800F084
:10AC80006AFF07480549027805B00D3901205DF8D3
:10AC900004EB01F0ADB80000323300001DB000201D
:10ACA00007AF00202DE9F043DFF8389289B040F279
:10ACB0002A3199F8043040F2F22240F2676640F2FD
:10ACC000D2550224CDE90252CDE90461002786481D
:10ACD000002B4FF006084FF00103224683A102D05B
:10ACE000CDE9004801E0CDE9004701F000F88048D7
:10ACF00040F2C62140F28E23427A7B48CDE90253CE
:10AD0000CDE904610F30002A4FF001034FF0020239
:10AD100078A102D0CDE9004801E0CDE9004700F07C
:10AD2000E6FF99F8002040F2622140F22A236E48A3
:10AD3000CDE90253CDE904611E30002A4FF0010332
:10AD40004FF002026CA102D0CDE9004801E0CDE94C
:10AD5000004700F0CCFF99F802204FF4FF714FF448
:10AD6000E3736148CDE90253CDE904612D30002A37
:10AD70004FF001034FF0020260A102D0CDE900487C
:10AD800001E0CDE9004700F0B2FF99F801204FF44F
:10AD9000CD7140F2AF635448CDE904313C30002A14
:10ADA0004FF4B1764FF001034FF0020254A102D0EC
:10ADB000CDE9004801E0CDE90047CDE9025600F0B9
:10ADC00096FF504890ED000ADFED4F0AF7F7DAFCE6
:10ADD000DFED4E0A4E4D20EE200ABDEEC00A10EE09
:10ADE000100AA860002802DA00F5B470A860C0F567
:10ADF000B470A8601E3003F073FB86B2A8681E38DA
:10AE000003F06EFB64214FF40772CDE90521079131
:10AE10004FF4707305210296CDE9031380B203222B
:10AE2000CDE900203048012302223AA14B3000F046
:10AE30004FFE3948B0F912102B48A1F2DC519FEDBA
:10AE4000370ADFED370A1E265A304FF4487240F2B7
:10AE5000EE23E960002901DCEF6019E0642917DBCB
:10AE6000A1F22621494201EE101AB8EEC11AC1EE34
:10AE7000001A21EEA00ABDEEC00A10EE101AA1F2CF
:10AE80009241494289B2CDE903210094059218E02C
:10AE9000E968A1F22621494201EE101AB8EEC11A62
:10AEA000C1EE001A21EEA00ABDEEC00A10EE101A83
:10AEB000A1F29241494289B2CDE9032101210592D3
:10AEC0000091CDE901630123022216A100F00FFFDA
:10AED00015480549027809B00D39BDE8F04307204F
:10AEE00000F086BF30A100203BB0002031310000CF
:10AEF00058AE002031320000313300003134000000
:10AF000031350000B8A1002088F4E0BFE12E654291
:10AF1000B80800203231000090AC002000800944C5
:10AF20000000D2433232000007AF0020F0B589B0F4
:10AF300040F22A3040F26767CDE9047040F2F22116
:10AF400040F2D25506260224CDE90251CDE9004651
:10AF500001231A463FA1404800F0C9FE40F2C62036
:10AF6000CDE9047040F28E21CDE902513A48CDE995
:10AF7000004601231A4639A10F3000F0B8FE40F216
:10AF80006220CDE9047040F22A21CDE90251324815
:10AF9000CDE9004601231A4631A11E3000F0A7FE7C
:10AFA0004FF4FF70CDE904704FF4E371CDE9025125
:10AFB0002948CDE9004601231A462AA12D3000F088
:10AFC00096FE4FF4CD70059040F2AF614FF4B17230
:10AFD0000295CDE903212048CDE9004601231A4618
:10AFE00021A13C3000F083FE4FF470720492642083
:10AFF0004FF40771CDE90510079005201E254FF489
:10B00000A5710322CDE90250CDE9002112480123A8
:10B010001A4616A14B3000F05BFD4FF4487040F229
:10B020009241CDE903010094059040F2EE22CDE972
:10B030000152094801231A460DA15A3000F057FE6B
:10B040000C480549027809B00D39BDE8F0400720E9
:10B0500000F0CEBE313100003BB0002031320000A4
:10B06000313300003134000031350000323100004E
:10B070003232000007AF00202DE9F04106462DEDE9
:10B08000068B1F4615460C4601F13800F7F7C4F849
:10B0900084ED0D0AD5ED080A20EE800AB0EEC00A54
:10B0A00084ED000A386890ED030AD0ED040A04F13B
:10B0B000140030EE600AFDF758FDB0EEC00A84EDD2
:10B0C000010A786890ED030AD0ED040A04F1240027
:10B0D00030EE600AFDF749FDB0EEC00A84ED020AC9
:10B0E00095ED0B0AD5ED040A674930EE600AB0EE23
:10B0F000C00A10EE100A9FED65AA9FED659B4FF008
:10B100000008884237DA95ED020AB0EEC00A10EE68
:10B11000100A06F097FE41EC180B386890ED030A10
:10B12000B0EEC00A10EE100A06F08CFE53EC182B9D
:10B1300006F09EFD53EC192B06F08CFC1BD995ED07
:10B14000020AB0EEC00A10EE100A06F07BFE41ECD7
:10B15000180B786890ED030AB0EEC00A10EE100AE2
:10B1600006F070FE53EC182B06F082FD53EC192B01
:10B1700006F070FC01D8B07818B386F8058086F820
:10B1800006803868444990ED030A7868D0ED030AD8
:10B1900030EE601AF0EEC11A11EE900A884260DBC0
:10B1A00030EE200ADFED3D0A20EE200AF0EE000A24
:10B1B00061EE200A80EE201AB0EEC10A85ED070A82
:10B1C00051E094ED010AD4ED000A354A012030EE39
:10B1D000600A10EE101A914201DB717979B1396879
:10B1E000D4ED030A91ED030AB0EEC00AB4EEE00A12
:10B1F000F1EE10FA0ED87179012909D00AE07071C8
:10B20000396891ED030AB0EEC00A84ED030A01E04B
:10B2100086F8058094ED020AD4ED000A30EE600A4B
:10B2200010EE101A914201DBB17979B17868D4ED52
:10B23000040A90ED030AB0EEC00AB4EEE00AF1EEA3
:10B2400010FA0ED8B079012809D00AE0B0717868F8
:10B2500090ED030AB0EEC00A84ED040A01E086F81E
:10B26000068085ED07AA95ED040A0E4895ED071AAC
:10B2700060EE000A90ED0A0A10EE810A85ED080AD8
:10B28000BDEC068BBDE8F0816666663F00000000FD
:10B29000000000403333F33FCDCC4C3EC4B1EE3E12
:10B2A0008FC2753DC4970020F5F7F2FCF5F702FD5B
:10B2B000012004F051FCF9E7F6F788FBF6F76CFC87
:10B2C000012004F049FCF9E7FDF716FCF6F748FD0C
:10B2D000F6F764FE0A2004F03FFCF9E7FBF73CFEBA
:10B2E000FBF798FE012004F037FCF9E7FEF73CFC81
:10B2F000FEF760FC052004F02FFCF9E700F04CF8A5
:10B3000000F07CF8052004F027FCF9E710B5007880
:10B310001A4C68B101280BD01948F3EE090A0089CC
:10B3200000EE100A2046B8EE400AFDF73BFF01E0B0
:10B33000002060631348408900EE100A606BF8EE4D
:10B34000400A00EE100A30EEC00ADFED0F0AFDF7EA
:10B35000FDFB0E48DFED0E0A002280ED000A20EE14
:10B36000200ABCEEC00A10EE100A81B20948FEF7AE
:10B37000EFFABDE810400748F6F7C2B80AA7002068
:10B3800014AF002007AF00200000F0420C0B00209B
:10B390000000C842501200209FED131A002310B580
:10B3A0001A461946F0EE414AB0EE414AF0EE413AF3
:10B3B000B0EE413AF0EE412AB0EE412AF1EE001A29
:10B3C000F2EE040A9FED090A0948FEF7B6F90949A9
:10B3D0000120094C087002E0012004F0BDFB207838
:10B3E0000028F9D010BD0000000000000000F0426D
:10B3F0000AA7002020090020CE0800200148FFF7FE
:10B4000085BF0000CD08002010B5502080F31188C2
:10B41000BFF34F8FBFF36F8F05F0F4FD18B10449F0
:10B420004FF080500860002080F3118810BD0000AC
:10B4300004ED00E030B593B030216846F5F706F929
:10B4400014210CA8F5F702F91D480025016841F008
:10B4500080510160006800F0805011901948016827
:10B4600041F4804101600068022400F480401190A2
:10B4700001200090000401908001CDE906400620E3
:10B480000890A820CDE9090407200B906846F9F739
:10B4900021FC08B172B6FEE70CA90F2081E831004B
:10B4A0004FF4A0500F904FF48050109005210CA83D
:10B4B000F9F7FEFA002801D072B6FEE713B030BDEE
:10B4C00040380240007000400248016841F47001B9
:10B4D0000160704788ED00E00148FAF714B90000F8
:10B4E0007C3300200148FAF70EB900000C1400204C
:10B4F000F0B50268274D284E284FDFF8A4C0294B2D
:10B500004FF0804EA84209D0704507D0B04205D018
:10B51000B84203D0604501D0984203D122F07004B4
:10B520004A682243A8421BD0704519D0B04217D0B8
:10B53000B84215D0604513D0984211D01A4CA042A1
:10B540000ED01A4CA0420BD0194CA04208D0194C76
:10B55000A04205D0184CA04202D0184CA04203D102
:10B5600022F44074CA6822434C6922F080022243CC
:10B570008C68C4620C688462A84201D0984201D1F0
:10B5800009690163016841F0040101600121416121
:10B590000260F0BD000001400004004000080040CF
:10B5A000000C004000040140004001400044014004
:10B5B0000048014000180040001C004000200040EE
:10B5C00010B501F01F010123046A8B409C43046203
:10B5D000036A8A401343036210BD10B5846842EACF
:10B5E000032224F47F440A432243826010BD826810
:10B5F00022F070020A4342F00701816070470000A8
:10B60000F0B5026A036A23F00103036243688469A8
:10B61000114E24F073050C68104F2C4322F00205E4
:10B620008A682A43B04201D0B84205D122F0080509
:10B63000CA682A4322F00402B04201D0B84205D1C0
:10B640004D6923F440731D438B692B434360846130
:10B65000496841630262F0BD0000014000040140FE
:10B66000F0B5026A036A23F0100303624368846939
:10B670000D6824F4E64444EA05248D6822F0200293
:10B6800042EA05120F4D104EA84201D0B04206D139
:10B69000CF6822F0800242EA071222F04002A8425C
:10B6A00001D0B04207D14D6923F4406343EA8503DA
:10B6B0008D6943EA8503436084614968816302625E
:10B6C000F0BD00000000014000040140F0B5026A36
:10B6D000036A23F4807303624368C46922F400722E
:10B6E00024F073050C68124E2C438D6842EA052243
:10B6F0000E4DA84201D0B04206D1CF6822F40062BC
:10B7000042EA072222F48062A84201D0B04207D167
:10B710004D6923F4405343EA05138D6943EA051349
:10B720004360C4614968C1630262F0BD000001402A
:10B730000004014030B5036A026A22F480520262BA
:10B740004268C4690D6824F4E64444EA05248D681F
:10B7500023F4005343EA0533084DA84202D0084DB4
:10B76000A84204D14D6922F4804242EA8512426027
:10B77000C46149680164036230BD000000000140FB
:10B78000000401400068C36A934201D2C26A92B2C7
:10B7900039B1042907D0082907D00C2900D1026447
:10B7A00070474263704782637047C263704710B549
:10B7B000046A036A23F001030362836923F0F00340
:10B7C00043EA021324F00A020A438361026210BDB5
:10B7D00010B5036A046A24F010040462846923F03B
:10B7E000A00324F4704444EA023243EA0111826166
:10B7F000016210BD10B5806B0021C185FAF765F9B3
:10B8000010BD70B5846B2068406994F84110C0F396
:10B81000C0100025212904D118B1E584204600F08C
:10B8200062F82068406994F84210C0F38010222921
:10B8300004D118B1E585204600F02EF8606C40F088
:10B84000100060642046FAF740F970BD10B501465B
:10B85000806B09680968C90516D40021C184016894
:10B86000143151E8002F22F0800241E80023002B20
:10B87000F5D101680C3151E8002F42F0400241E857
:10B880000023002BF5D110BDFAF708FC10BD10B550
:10B89000806BFAF704FC10BD01680C3151E8002FF1
:10B8A00022F4907241E80023002BF5D10168143195
:10B8B00051E8002F22F0010241E80023002BF5D1CE
:10B8C000016B012909D101680C3151E8002F22F0E8
:10B8D000100241E80023002BF5D1202180F842100E
:10B8E00000210163704701680C3151E8002F22F0FC
:10B8F000C00241E80023002BF5D1202180F841103F
:10B90000704708B590F84210222901D0022008BDE6
:10B9100081684FF48053994201D1026922B1826A51
:10B9200099421BD049B10AE00268816A5268C2F3A9
:10B9300008020A80816A891C08E0016971B1016806
:10B94000496801F07F011170816A491C8162C18DD3
:10B95000491E0904090CC18503D01BE00168496830
:10B96000F1E70168CA6822F02002CA600168CA686B
:10B9700022F48072CA6001684A6922F001024A61B9
:10B98000202180F8421000214163026B012A03D07C
:10B99000FAF73EFB002008BD016301680C3151E855
:10B9A000002F22F0100241E80023002BF5D101689E
:10B9B0000A68D20602D50A6849680091818DFAF7B3
:10B9C00083F8E7E770B5044600680169E26821F48E
:10B9D000405111430161A1682069E2690143606936
:10B9E000104301432068C26849F20C639A430A433A
:10B9F000C26020684169A26921F44071114341612C
:10BA000031492068884202D03049884202D1F9F792
:10BA10001FF901E0F9F70CF9E26900231921642507
:10BA20003226B2F5004F626828D0A0FB0101930FC7
:10BA30009200F4F7F3FC0146B0FBF5F06FF018024A
:10BA4000504301EB800006EB0010B0FBF5F000F076
:10BA5000F002B1FBF5F002EB0012B1FBF5F06FF074
:10BA60001803584301EB800006EB0010B0FBF5F023
:10BA700000F00F0021681044886070BDA0FB010138
:10BA800092185B41F4F7CAFC0146B0FBF5F00201E5
:10BA9000B1FBF5F06FF01803584301EB800006EBA3
:10BAA000C000B0FBF5F000F0F80002EB4002B1FB83
:10BAB000F5F0584301EB800006EBC000B0FBF5F059
:10BAC00000F00700D6E7000000100140001401401C
:10BAD0002DE9F04F0DF1240898E8F01E91F8008050
:10BAE00000F8018B91F8018080F80080897841701E
:10BAF000817862F3020121F03801203181704188A0
:10BB000063F389114180C17864F38501C170B0F895
:10BB1000032065F38E12A0F80320818866F3CF110D
:10BB20008180C18867F30901C180B0F8071069F30B
:10BB30008C01A0F8071002896AF34F120281B0F855
:10BB40000B106BF38C01A0F80B1082896CF34F1271
:10BB50008281BDE8F08FF0B50DF1140E9EE8F01073
:10BB600091F800E000F801EB91F801E080F800E0C6
:10BB700089784170817862F3020121F03801103137
:10BB80008170418863F389114180C17864F3850134
:10BB9000C170C18865F30901C180B0F8071066F370
:10BBA0008C01A0F80710018967F34F1101814189C9
:10BBB0006CF309014181F0BD2DE9F0430DF11C0842
:10BBC000DFED260A98E8F01291F8008000F8018B6A
:10BBD00091F8018080F8008089784170817820EEAA
:10BBE000200A62F3020121F0380128318170418876
:10BBF000BDEEC00A63F389114180C17864F3850109
:10BC0000C170B0F8031065F38E11A0F8031081889D
:10BC100066F3CF118180C18867F30901C180B0F854
:10BC2000071069F38C01A0F8071001896CF34F111C
:10BC3000018110EE101A428961F309024281B0F8C5
:10BC40000B208B0A63F38C02A0F80B204A0D81892C
:10BC500062F34F118181BDE8F083000000007A4457
:10BC60002DE9F0430DF11C08DDE90B9498E8E01094
:10BC700091F8008000F8018B91F8018080F8008035
:10BC800089784170817862F3020121F03801303106
:10BC90008170418863F389114180C17865F3850122
:10BCA000C170B0F8031066F38E11A0F80310C188BC
:10BCB00067F30901C180B0F807106CF38C01A0F89C
:10BCC0000710028969F34F1202814189A20A64F3C5
:10BCD00009014181B0F80B1062F38C01A0F80B1040
:10BCE0008189620D62F34F118181BDE8F0832DE9F6
:10BCF000F0430DF11C0898E8F01291F8008000F86C
:10BD0000018B91F8018080F80080897841708178FA
:10BD100062F3020121F0380108318170418863F338
:10BD200089114180C17864F38501C170C18865F3D0
:10BD30000901C180B0F8071066F38C01A0F8071064
:10BD4000018967F34F110181B0F80B1069F38C0181
:10BD5000A0F80B1082896CF34F128281BDE8F0834A
:10BD60002DE9F04791F80080DDE90DA4DDE90A57DF
:10BD7000DDE908C90C9E80F8008091F8018080F808
:10BD8000018089788170C17862F3020141F0380145
:10BD9000C170B0F8031063F38911A0F803100179A2
:10BDA0006CF385010171828869F38E128280B0F88C
:10BDB000051065F3CF11A0F80510B0F8071067F370
:10BDC0000901A0F80710018966F38C010181B0F820
:10BDD000092000216AF34F12A0F8092004E043185B
:10BDE00014F8012BDA73491CA942F8DBBDE8F0878F
:10BDF00070B50546A52016460C460870012D06D0E4
:10BE0000022D06D0052D06D0072D06D008E01521FD
:10BE100004E0242102E0512100E06F21A4F8011088
:10BE2000E0780421401CE0702046F5F71BF92071F2
:10BE300040F20131A4F80510012D06D0022D07D0E3
:10BE4000052D08D0072D09D00CE040F2011107E0C4
:10BE50004FF4817104E040F2031101E04FF482716C
:10BE6000A4F80710A4F8096006F58076A4F80B6022
:10BE7000012D13D0022D19D0052D20D0072D27D14B
:10BE8000254676212046F5F70DF9A5F876007822AB
:10BE90002146BDE870400F48FAF7BCB825461C2182
:10BEA0002046F5F7FFF8A8831E22F1E725462B214F
:10BEB0002046F5F7F7F8A5F82B002D22E8E72546F0
:10BEC00058212046F5F7EEF8A5F858005A22DFE78A
:10BED00070BD00007415002070B50446A5202070C8
:10BEE0003320A4F80100E0780D46401CE0700421E6
:10BEF0002046F5F7B7F8207140F20130A4F80500AC
:10BF00004FF48870A4F80700A4F8095005F580756F
:10BF1000A4F80B503A212046F5F7C4F86087214673
:10BF2000BDE870403C220148FAF774B8741500204F
:10BF30000148F9F7CBBD00002C15002010B500F02A
:10BF400007F8BDE810400148F9F7C0BD741500209E
:10BF500078B41C4800680168890604D50168406807
:10BF6000009078BC704718490968C906F9D501687E
:10BF70004068164B009018680168154D0A03154972
:10BF800002684FF4007422F00102026018684268EF
:10BF9000C2F5007292B26A80446005D418680468E1
:10BFA00044F40024046004E00B48846A24F4002470
:10BFB00084621868036843F00103036078BC074893
:10BFC00003F0FDBC7415002000140140DC160020B5
:10BFD000B8080020019F0020006002406098002007
:10BFE0002DE9F0410D46D0F8D412D0F8C86200EB2C
:10BFF0008101D1F8C01229B305F00F0303EB8302CE
:10C0000000EB8202002754694CB103EBC30306EB3B
:10C010008303DB69B4FBF3F603FB1643A3B1C1F85A
:10C020001472D0F8D42200EB8200D0F8C402036965
:10C030002BB1D1F808022A4601F504719847002077
:10C04000BDE8F0810320FBE7002357611A4629462B
:10C0500000F0C9FDF3E770B50546D0F8D40205EB52
:10C060008000D0F8C04294B1284600F09BFCC4F890
:10C070000C02D5F8D412D4F8040205EB8101D1F8F2
:10C08000C412CA6804F503719047002070BD0320F4
:10C0900070BD000070B5234D0446297800F0C2FB46
:10C0A0002878002600F00F0000EB800004EB8000F1
:10C0B00080F823606978204600F0B4FB687800F0CF
:10C0C0000F0000EB800004EB800080F86361A9782A
:10C0D000204600F0A7FBA87800F00F0000EB8000DE
:10C0E00004EB800080F82360C661D4F8D40204EB2E
:10C0F0008000D0F8C01299B1D0F8C40240688047DF
:10C10000D4F8D40204EB8000D0F8C00200F094FF11
:10C11000D4F8D40204EB8000C0F8C062C4F8BC625A
:10C12000002070BD1801002010B5D0F8D41200EB2B
:10C130008100D0F8C04284B1D0F8C41259B194F84B
:10C140000002FF2807D08B6894F801222146984707
:10C15000FF2084F80002002010BD032010BD000065
:10C160000A210180004870471C01002070B5064676
:10C1700082210C4800F0D9FA05460121094800F057
:10C18000D4FA04468121074800F0CFFA0DB11021FE
:10C19000A971402104B1A18000B181804320308089
:10C1A000004870BD2801002070B5064682210D4868
:10C1B00000F0BBFA054601210A4800F0B6FA044631
:10C1C0008121084800F0B1FA0DB11021A9714FF496
:10C1D000007104B1A18000B181804320308001480A
:10C1E00070BD00002801002070B5064682210C4871
:10C1F00000F09BFA05460121094800F096FA044632
:10C200008121074800F091FA0DB11021A971402158
:10C2100004B1A18000B1818043203080004870BD0E
:10C22000280100202DE9F04704464FF407763046F8
:10C2300000F004FF05004FF0000865D03146F4F728
:10C2400005FAD4F8D4023E4E04EB80004FF01009FA
:10C25000C0F8C052C4F8BC52207C4FF4007A0127C9
:10C26000E8B3402302223178204600F006FC307803
:10C27000402300F00F0000EB800004EB800080F80A
:10C28000237002227178204600F0F7FB70780823B3
:10C2900000F00F0000EB800004EB8000032280F828
:10C2A0006371B07800F00F0000EB800004EB8000B9
:10C2B000C0F81C90B178204600F0DFFBB07800F0A9
:10C2C0000F0000EB800004EB800080F82370C5F8BD
:10C2D0000482D4F8D402474604EB800000E01BE05F
:10C2E000D0F8C40205F50175006880472F616F61C1
:10C2F0002A687AB1207C00B340237178204600F090
:10C30000C8FB0020BDE8F087D4F8D41204EB81010B
:10C31000C1F8C0820220F5E7534602223178204658
:10C3200000F0ABFB3078534600F00F0000EB8000CC
:10C3300004EB800080F82370A3E75346DDE700009C
:10C340001801002010B5D0F8D41200EB8101D1F80B
:10C35000C01259B1027C084C002AD1F8042207D03F
:10C360004023617800F095FB002010BD032010BD34
:10C370004FF40073F5E700001801002039B1D0F840
:10C38000D42200EB8200C0F8C412002070470320C2
:10C390007047D0F8D42200EB8200D0F8C00218B168
:10C3A000C0F804120020704703207047D0F8D43240
:10C3B00000EB8300D0F8C00228B1C0F81022C0F80A
:10C3C000081200207047032070472DE9FC41064603
:10C3D000D0F8D4020C4606EB80000021D0F8C072E1
:10C3E0008DF80010ADF804100D4637B1217811F02A
:10C3F00060022FD0202A4BD102E00320BDE8FC814F
:10C40000E288F2B109060DD5D0F8C40294F801C053
:10C410003946836860469847E288072A00D9072290
:10C4200039462DE0607887F80002E088402800D384
:10C430004020C2B287F801223946304600F058F851
:10C440002BE0D0F8C402667800228368214630468B
:10C45000984722E0607830B101281ED00A2809D020
:10C460000B2815D110E096F89C02032810D1022267
:10C4700001A905E096F89C02032809D1012269462A
:10C48000304600F051F808E096F89C02032804D0EA
:10C490002146304600F021F803252846AEE710B5C6
:10C4A000D0F8B82200245268904700B103242046F7
:10C4B00010BD0020704700207047134610B50A4693
:10C4C000002100F0E6FA002010BD134610B50A4620
:10C4D000002100F088FB002010BD10B5044680212B
:10C4E00000F062FB2046BDE81040002100F05CBB7C
:10C4F00010B50323C0F89432C0F85421C0F8582175
:10C500001346C0F864110A46002100F0C2FA002068
:10C5100010BD10B50521C0F8941200231A46194623
:10C5200000F0B7FA002010BD10B50223C0F8943215
:10C5300042618261134641620A46002100F053FBCA
:10C54000002010BD10B50421C0F8941200231A4633
:10C55000194600F048FB002010BD000010B50A4647
:10C56000024903A000F00FF9004810BD7C21002013
:10C5700043444320436F6E666967000012200880C1
:10C58000004870474400002010B50A46024903A045
:10C5900000F0F9F8004810BD7C21002043444320FE
:10C5A000496E74657266616365000000042008804E
:10C5B000004870474000002010B50A46024903A019
:10C5C00000F0E1F8004810BD7C21002053544D6973
:10C5D00063726F656C656374726F6E69637300007C
:10C5E00010B50A46024903A000F0CDF8004810BD7E
:10C5F0007C21002053544D3332205669727475618A
:10C600006C20436F6D506F727400000010B51A20DB
:10C6100008800A480168001D0468001D00680818A9
:10C6200009D008220649FAF7CDFD05490422103148
:10C630002046FAF7C7FD0248801E10BD107AFF1F82
:10C640005A000020F8B504460020ADF800004888E4
:10C650000D46010A08295FD2DFE801F05E040917E0
:10C660005E5E3D45D4F8B412207C0A6819E0207C57
:10C6700002260028D4F8B80205D0C16A6846884767
:10C680000146467039E0816AF8E7C0B2062843D215
:10C69000DFE800F0030B1115191DD4F8B40242684D
:10C6A00006E069469047014627E0D4F8B402826864
:10C6B0008AB3207CF5E7D4F8B402C268F8E7D4F86E
:10C6C000B4020269F4E7D4F8B4024269F0E7D4F89E
:10C6D000B4028269ECE7207CE8B9D4F8B802416B77
:10C6E00068468847DFE7207CA8B9D4F8B802016B18
:10C6F00068468847014607204870EA888AB1BDF835
:10C70000000040B1824200D90246ADF80020204628
:10C71000FFF70AFFF8BDFFE729462046FFF7DDFED9
:10C72000F8E72046FFF70EFFF4E778B50E4642889B
:10C730000178002405468A4212D9ADF800100AE0BB
:10C74000694600F019F84178052904D1817804463A
:10C75000B14205D000246988BDF800209142EFD88D
:10C76000204678BD002102E0491CC9B2401C027875
:10C77000002AF9D1084670470A8803781A440A80CB
:10C7800001780844704770B516460D46002820D041
:10C790000446FFF7E7FF022101EB40014FF4007070
:10C7A000814204D82046FFF7DDFF4000801C308026
:10C7B00030782870032068700220002206E0295497
:10C7C000401CC0B22A54401CC0B2641C217800290D
:10C7D000F5D170BD01004FF0000004D0012901D057
:10C7E000022901D0032070470120704778B100234F
:10C7F000C0F8B832C0F8C432C0F8D03209B1C0F8BD
:10C80000B412012180F89C12027000F0CFB803200E
:10C81000704710B5D0F8C802F7F7ACFCBDE810407F
:10C82000FFF7D8BF10B5D0F8C802F7F77EFCBDE817
:10C830001040FFF7CFBF70B50446002521B194F832
:10C840009C02032846D050E0D4F8941204F114005E
:10C85000022939D1818942688A420AD9511A416034
:10C86000828901691144016142682046FFF72DFE6B
:10C870000FE0914214D10068884211D3D4F8981285
:10C8800088420DD2002211462046FFF71EFEC4F852
:10C89000985200231A461946204600F0FAF813E091
:10C8A00094F89C02032808D1D4F8B802C16821B1D9
:10C8B000C4F8D452C168204688478021204600F041
:10C8C00073F92046FFF725FE94F8A00268B184F8BA
:10C8D000A0520AE0D4F8B802426932B1C4F8D45286
:10C8E000426920469047002800D1002070BD10B555
:10C8F0000446002221B194F89C02032834D03EE083
:10C90000D4F8941204F5AA70032938D183894168B8
:10C9100099420ED9C91A416001699AB21144016164
:10C92000426898B2824200D802462046FFF7C5FD11
:10C9300025E094F8AA0210F01F0003D0012802D0CD
:10C94000022800D0002294F89C02032808D1D4F8D1
:10C95000B802016921B1C4F8D42201692046884790
:10C960002046FFF7EFFD0AE0D4F8B802836933B13F
:10C97000C4F8D422826920469047002800D10020C4
:10C9800010BD0020704710B50024012180F89C12D2
:10C99000D0F8B82222B152680179904700B103243F
:10C9A000204610BDD0F8C802F7F711BC10B50178C9
:10C9B00039BB15490222C1F8E004C0F8C8124FF093
:10C9C000A040086004200871CA71002088714A7272
:10C9D0008872C87208738873C8730846F7F74EFFE9
:10C9E00008B1F5F79BFD80210748F7F74EFB402281
:10C9F00000210548F7F74DFB802201210248F7F797
:10CA000048FB002010BD0000981C00200A0601F021
:10CA10007F01D0F8C80201EBC10100EB810001D514
:10CA2000807D704790F85602704710B5D0F8D42238
:10CA300000EB8202D2F8B82222B190F89C32032B8C
:10CA400002D004E0032010BD126A02B1904700201A
:10CA500010BD10B5D0F8D42200EB8202D2F8B82273
:10CA600022B190F89C32032B02D004E0032010BDC9
:10CA7000526A02B19047002010BD10B51C46134603
:10CA8000D0F8C8022246F7F7ABFBBDE81040FFF72D
:10CA9000A1BE10B5D0F8C802F7F7D3FBBDE810402F
:10CAA000FFF798BE2DE9F04100250126044680F8E5
:10CAB0009C62C4F894526560C4F8A45280F8A052F5
:10CAC000D0F8B80230B1426822B100212046904728
:10CAD00000B103250022402311462046FFF7CDFF79
:10CAE000402784F86361A4F860713B4600228021EE
:10CAF0002046FFF7C2FF84F8236027842846BDE85C
:10CB0000F08190F89C12042903D190F89D1280F8CE
:10CB10009C120020704710B590F89C12032905D193
:10CB2000D0F8B81211B1C96901B18847002010BD11
:10CB300001740020704710B5D0F8C802F7F764FF01
:10CB4000BDE81040FFF746BE70B5044600F2AA20CB
:10CB5000054600F051F80120C4F89402B4F8B00280
:10CB6000C4F8980294F8AA2212F01F000AD00128F3
:10CB70000ED0022812D02046BDE8704002F080019D
:10CB800000F012B829462046BDE8704000F0D2B847
:10CB900029462046BDE8704000F015BA29462046D7
:10CBA000BDE8704000F05CB910B5D0F8C802F7F7E6
:10CBB00064FBBDE81040FFF70DBE10B5D0F8C80209
:10CBC000F7F73CFFBDE81040FFF704BE90F89C1259
:10CBD000042903D090F89C1280F89D12042180F85B
:10CBE0009C120020704710B5D0F8C802F7F77EFB02
:10CBF000BDE81040FFF7EEBD70B5044611F8010B1B
:10CC0000207011F8010B60700D460846FDF732FBED
:10CC1000A91C60800D460846FDF72CFBA080A81CCF
:10CC2000FDF728FBE08070BD38B504460020ADF864
:10CC30000000A1B1C4F8B812D4F8D40204EB80000B
:10CC4000D0F8B802C16A19B168468847C4F8D00262
:10CC5000D4F8D802401CC4F8D802002038BD032004
:10CC600038BD03460020D3F8B822002A02D012684B
:10CC700018461047704700002DE9F04188462B4EBA
:10CC80008978002504463170012906D9414620469D
:10CC9000FFF723FC0320BDE8F08194F89C020227F3
:10CCA00002280CD003281DD041462046FFF715FC72
:10CCB00031782046FFF7F3FB03252846EBE789B3DD
:10CCC00020466160FFF7CDFF050004D041462046B5
:10CCD000FFF703FC1DE02046FFF734FC032084F837
:10CCE0009C02EAE7C1B1606888421BD0C1B220460D
:10CCF000FFF7D5FB317820466160FFF7B2FF0500F2
:10CD000010D041462046FFF7E8FB21792046FFF787
:10CD1000C6FB84F89C72D0E784F89C722046616060
:10CD2000FFF7BDFB2046FFF70DFCC6E7140100200E
:10CD3000FFF743BF2DE9F0410A78002612F06002A8
:10CD40000CD0202A01D0402A7DD1D0F8D42200EB8B
:10CD50008202D2F8B8229268904731E04A780023E4
:10CD600001250A2A6FD2DFE802F041666E586E088C
:10CD7000056E2D29FFF766FC67E004468888D8B960
:10CD8000C888C8B94888802816D200F07F0794F870
:10CD90009C02032810D084F89E7239462046FFF783
:10CDA000CAFE2046FFF7CEFB1FB1022084F89C028A
:10CDB0004BE084F89C5248E0204644E0FFF75CFFDB
:10CDC000064642E0CA88012A3DD190F89C22012AF9
:10CDD00004D0022A02D0032A35D104E0012200F156
:10CDE0000801836016E00122011D13E090F89C22E7
:10CDF000012A03D0022A01D0032A24D1CA88022A98
:10CE000021D1C560D0F8A41209B10321C16002226A
:10CE100000F10C01FFF788FB17E04A88012A02D0D5
:10CE2000022A03D00FE0C0F8A45216E08988090A4C
:10CE300080F8A01211E090F89C22012A08D0022A62
:10CE400006D0032A04D0FFF748FB3046BDE8F08146
:10CE500049880129F9D1C0F8A432FFF773FBF4E740
:10CE60002DE9F041054608780C790E464FF0000890
:10CE700010F060000BD0202801D040286BD1214653
:10CE80002846FFF716FBFF2800D0D8B398E070784B
:10CE9000C8B3012824D003285DD195F89C0202284C
:10CEA00002D0032857D10CE0002C54D0802C52D053
:10CEB00021462846FFF778FE80212846FFF774FEBA
:10CEC0007EE0708840B93CB1802C05D0C88818B984
:10CED00021462846FFF768FE2846FFF733FB6FE040
:10CEE00095F89C020228DFD0032866D1708888BBA1
:10CEF000600603D021462846FFF78BFC2846FFF743
:10CF000021FBBCE700E00AE0C5F8D402D5F8B8027E
:10CF10008268FAB1314628469047804650E095F83D
:10CF20009C020027022802D0032846D114E00CB14D
:10CF3000802C42D1200604F07F0000EB800005EB3E
:10CF4000800101D5143101E001F5AA71022201F836
:10CF50000E7F2EE034E030E0200604F00F0000EBFE
:10CF6000800005EB80000AD590F8230028B304F078
:10CF70007F0000EB800005EB800614360AE090F895
:10CF80006301D0B104F07F0000EB800005EB800668
:10CF900006F5AA764CB1802C07D021462846FFF72B
:10CFA00035FD10B10120B07300E0B773022206F125
:10CFB0000E012846FFF7B8FA02E02846FFF78DFA7F
:10CFC0004046BDE8F08170B50546087800240E465D
:10CFD00010F0600003D0202801D0402827D195F818
:10CFE0009C02012803D0022801D003281FD1B08859
:10CFF000C1B201291AD8C1B22846FFF75CFAFF284E
:10D000000CD058B9D5F8B8128A683AB1C5F8D4022C
:10D010008A68314628469047044600E00324F08899
:10D02000204307D12846FFF78DFA03E03146284612
:10D03000FFF753FA204670BD704700000048704764
:10D04000781A002070B50A78012302F00F054E7897
:10D05000AB401B4CD0F81C58012E17D045EA0343B7
:10D06000C0F81C3800EB4210D0F8002B12040BD48F
:10D07000D0F8002B0B890979C3F30A031A4344EA59
:10D0800081410A43C0F8002B002070BD9BB21D43B4
:10D09000C0F81C5800EB4210D0F800391B04F3D440
:10D0A000D0F800390D890979C5F30A0589042B43A5
:10D0B00041EA82510B432343C0F80039E4E7000002
:10D0C00000800010D0F800196FF30A01C0F80019B1
:10D0D000D0F8041841F48071C0F80418002070479B
:10D0E00070B50D460446C2F3072004991E46012878
:10D0F0001BD0E06840F04000E060204600F032F8CD
:10D10000C6F307210029A16B26D021F48031A16349
:10D11000C5F30741012907D1A16841F00601A160CB
:10D12000A16841F02001A16070BDA06B20F48030A7
:10D13000A063E0680A4A1040E060E06820F4401014
:10D14000E060C8B2012803D1E06840F48010E060DC
:10D15000204600F007F8DBE741F48031D7E7000014
:10D16000BFFFBDFF08B500214FF07062009100992C
:10D17000491C0091914210D801690029F7DA0A216F
:10D180000091491E0091FCD1016941F0010101614A
:10D190000099491C0091914201D9032008BD016901
:10D1A000C907F5D1002008BD70B54C780A78012375
:10D1B00000EB4212012C2DD0D2F8004B002C0BDAE0
:10D1C000D2F8004B44F00064C2F8004BD2F8004B98
:10D1D00044F08044C2F8004BD0F83C480D781E461D
:10D1E00005F00F05AB4024EA0343C0F83C38D0F803
:10D1F0001C48097801F00F0106FA01F324EA034103
:10D20000C0F81C18D2F8000B19490840C2F8000BEE
:10D21000002070BDD2F80049002C0BDAD2F800498A
:10D2200044F00064C2F80049D2F8004944F0804458
:10D23000C2F80049D0F83C480D7805F00F061D46AD
:10D24000B3409BB29C43C0F83C48D0F81C480978D6
:10D2500001F00F0105FA01F399B28C43C0F81C48A4
:10D26000D2F8000903490840C2F80009D0E70000DD
:10D270000078F3EF007833ECD0F8001E21F00301C2
:10D28000C0F8001ED0F8041821F00201C0F80418FC
:10D2900000207047D0F8001E21F00301C0F8001EE6
:10D2A000D0F8041841F00201C0F8041800207047BB
:10D2B0002DE9F04F002604460F469246304635468B
:10D2C00004EB8001C1F80451401C0F28F8D3C3F3CC
:10D2D00007405FEA000B204613D0806B20F400115A
:10D2E000A163A06B40F40021A163C4F8005ECAF3FF
:10D2F0000720012817D0D4F80018204641F0030178
:10D3000018E0D0F8040840F00201C4F80418A06B3B
:10D3100040F40011A163A06B20F40021A163A06B75
:10D3200020F48021E0E7380ED4F80018204601D020
:10D3300041F00101C0F80018102100F087FA00B197
:10D340000126204600F066FA00B10126C4F8105804
:10D35000C4F81458C4F81C5800204FF0006C4FF06B
:10D3600090434FF67F39FAB214E004EB4011D1F844
:10D370000089B8F1000F06DA10B1C1F8003904E0F5
:10D38000C4F800C901E0C1F80059C1F81059C1F84A
:10D390000899401C8242E8D8002014E004EB4011B8
:10D3A000D1F8008BB8F1000F06DA10B1C1F8003BDC
:10D3B00004E0C4F800CB01E0C1F8005BC1F8105BE9
:10D3C000C1F8089B401C8242E8D8D4F8100820F429
:10D3D0008071C4F81018A5616FF080406061C7F3D8
:10D3E000074018B9A06940F01000A061A0690A497F
:10D3F0000843A061CAF3074018B1A06940F00800D3
:10D40000A061BBF1010F03D1A06904490843A061E9
:10D410003046BDE8F08F000000383C80040000403A
:10D42000816821F0010181600020704710B5036C14
:10D43000134CA34203D9D0F8003B002B1EDB002382
:10D44000C0F8103BD0F8103B43F40023C0F8103B69
:10D45000D0F8103B43F01803C0F8103BD0F8103B55
:10D4600043F0C043C0F8103B012907D1C0F8142B8A
:10D47000D0F8001B41F08021C0F8001B002010BD37
:10D480000A30544F4A780B78012A00EB43100BD036
:10D49000D0F8002B22F40012C0F8002B09790329E0
:10D4A00014D0022912D017E0D0F8002922F400127B
:10D4B000C0F800290979032901D002290CD1D0F83C
:10D4C000001941F08051C0F8001905E0D0F8001BA8
:10D4D00041F08051C0F8001B002070470A784B785B
:10D4E000D1B200EB4110012B12D0D0F8001B002963
:10D4F00006DB2AB1D0F8001B21F08041C0F8001BE8
:10D50000D0F8001B41F40011C0F8001B0020704748
:10D51000D0F80019002906DB2AB1D0F8001921F053
:10D520008041C0F80019D0F8001941F40011C0F88A
:10D530000019EBE7F8B50C784F788B4DE3B26FF03C
:10D54000604600EB4313012F29D0D3F8107B6FF313
:10D550001207C3F8107BD3F8107B2F40C3F8107B61
:10D56000002C7DD00D69002D7BD08C6825446D1E6C
:10D57000B5FBF4F5ADB26C430C62D3F8104B06EA80
:10D58000C5452C43C3F8104BD3F8104B0D6AC5F3B7
:10D5900012052C43C3F8104B012A70D0CBE00F6961
:10D5A000EFB1D3F810796FF31207C3F81079D3F8FD
:10D5B00010792F40C3F810790CB30F698D682F4490
:10D5C0007F1EB7FBF5F5D3F81079ADB206EAC54674
:10D5D0003743C3F810790E79012E1CD02AE0D3F816
:10D5E00010692E40C3F81069D3F8105945F400258E
:10D5F000C3F81059D3F810596FF3120520E00E69E3
:10D600008D68AE4200D90D61D0F8105945F400265E
:10D61000C0F810690EE0D3F8106926F0C046C3F8D0
:10D620001069D3F810694FF0C04707EA45752E43DB
:10D63000C3F81069D3F810590E69C6F312063543C2
:10D64000C3F81059012A1BD000EB4413D3F800494A
:10D6500044F00444C3F800490C79012C31D001E0B6
:10D6600044E057E00A695AB3D0F83428097801F049
:10D670000F03012199400A43C0F8342871E056E0B5
:10D68000CA691AB100EB4413C3F8142909790129B6
:10D690000ED1D0F80818C90500EB4411D1F80029C3
:10D6A00002D442F0005201E042F08052C1F8002959
:10D6B00000EB4410D0F8001941F00441C0F8001903
:10D6C0004FE0D0F80848E405D3F8004902D444F00C
:10D6D000005401E044F08054C3F8004900920A8AE3
:10D6E00093B20A78C96800F0DFF93AE00C690CB12E
:10D6F0008C680C618C680C62D0F8105BC4F3120467
:10D700002543C0F8105BD0F8104B44F40024C0F857
:10D71000104B41E7D3F8104B8D68C5F312052C432D
:10D72000C3F8104BD3F8104B44F4002432E7CA6816
:10D730000AB1C3F8142B097901290CD1D0F80808D3
:10D74000C005D3F8000B02D440F0005001E040F0D7
:10D750008050C3F8000BD3F8000B40F00440C3F82E
:10D76000000B0020F8BD0000FFFF07E038B50022E5
:10D7700000920B784D7800EB431442F21073012DA8
:10D7800019D0D4F8005B002D3CDAD4F8005B45F0EA
:10D790000065C4F8005B0C7800EB4414D4F8005B1F
:10D7A00045F08045C4F8005B009C641C00949C42DA
:10D7B00021D9012226E0D4F80059002D22DAD4F82C
:10D7C000005945F00065C4F800590C7800EB44148A
:10D7D000D4F8005945F08045C4F80059009C641CF9
:10D7E00000949C42E5D80C7800EB4414D4F800492E
:10D7F000002CF3DB06E00C7800EB4414D4F8004B6B
:10D80000002CD1DB104638BD816841F001018160F8
:10D810000020704708B500234FF070620093009914
:10D82000491C009191420AD801690029F7DA1021B8
:10D83000009301610099491C0091914201D9032094
:10D8400008BD0169C906F5D4002008BD18B500243B
:10D850004FF070630094009A521C00929A420CD8C8
:10D860000269002AF7DA202242EA8111009401615C
:10D870000099491C0091994201D9032018BD016902
:10D880008906F5D4002018BDD0F8080810F006006D
:10D8900004D0022803D0062801D00F2070470220B0
:10D8A0007047406900F001007047D0F81818D0F8B0
:10D8B0001C08084080B27047D0F81818D0F81C082F
:10D8C0000840000C704710B5D0F81038D0F8342854
:10D8D00001F00F0400EB4110E24002F00102D0F829
:10D8E000080943EAC212104010BD00EB4111D1F803
:10D8F000081BD0F814080840704741698069084047
:10D90000704730B503460846940802F00301002230
:10D9100003F5805303E01D6840F8045B521CA242EB
:10D92000F9D300290BD01C680022D50024FA05F396
:10D93000491E521C090400F8013B090CF5D130BD09
:10D9400070B50546C068002420F0C040E860012999
:10D9500001D079B120E0E86840F00050E8600A208A
:10D96000F6F7A6F868690A3410F0010F10D1C82C38
:10D97000F5D30DE0E86840F08040E8600A20F6F753
:10D9800097F868690A3410F0010F01D0C82CF5D35C
:10D99000C82C01D0002070BD012070BDD0F8002837
:10D9A00022F4FE62C0F80028D0F800284FF4FE638D
:10D9B00003EA01110A43C0F8002800207047000064
:10D9C000022A3ED1264A274B0A449A4201D20F210D
:10D9D00038E0254A254B0A449A4201D20E2131E013
:10D9E000234A244B0A449A4201D20D212AE0224ABA
:10D9F000224B0A449A4201D20C2123E0204A214BB7
:10DA00000A449A4201D20B211CE01F4A1F4B0A44D0
:10DA10009A4201D20A2115E01D4A1E4B0A449A423D
:10DA20000FD31D4A1D4B0A449A4201D2082109E036
:10DA30001B4A11441B4A914201D2072102E00621F0
:10DA400000E00921C26822F47052C260C2684FF43B
:10DA5000705303EA81210A43C2600020704700002E
:10DA6000405327FF00350C00401E1BFF40420F00B3
:10DA700000DC0BFF804F1200808CF9FE20D61300D3
:10DA800060B6E5FE60E3160000D3CEFE40771B00D3
:10DA9000C05BB3FEC091210000CA91FE2075380022
:10DAA000E05459FEE09C410010B5029C6CB9DB1CAF
:10DAB0009C0800EB0230002300F5805003E051F891
:10DAC000042B02605B1CA342F9D3002010BD0000B0
:10DAD0002DE9F74F15462DED048B0C469FED549A1A
:10DAE000DFF85091DFF850B19FED548ADFF850A174
:10DAF000DFF85081DFED548A544F8868012610B159
:10DB000001283AD11BE05249606A884201D8B842E4
:10DB10000DDD884203D8B84201DC84ED099A94ED0A
:10DB2000090A30EE480AF8F739FB84ED090A28683B
:10DB30008068484521D858451FDCA6601DE094ED5B
:10DB4000090AB5EEC00AF1EE10FA02DB30EE480A1F
:10DB500006E0B5EEC00AF1EE10FA05D230EE080A82
:10DB6000F8F71CFB84ED090A10EE100A504503D8A3
:10DB7000404501DCC4ED098A6676606910B1012870
:10DB80003AD11BE03249A06A884201D8B8420DDD83
:10DB9000884203D8B84201DC84ED0A9A94ED0A0A5F
:10DBA00030EE480AF8F7FAFA84ED0A0A68688068E5
:10DBB000484521D858451FDC66611DE094ED0A0AEE
:10DBC000B5EEC00AF1EE10FA02DB30EE480A06E0CC
:10DBD000B5EEC00AF1EE10FA05D230EE080AF8F7F9
:10DBE000DDFA84ED0A0A10EE100A504503D84045CC
:10DBF00001DCC4ED0A8AA676A068012813D1606909
:10DC0000012810D128681349806888420BD8124A2D
:10DC1000904208DC68688068884204D8904202DC40
:10DC2000049800210171BDEC048BBDE8FE8F00005B
:10DC3000AE47A13F666686BF3333B33F6F12033CE6
:10DC4000CDCC4CBECDCC4C3E00000000AE47A13F39
:10DC5000000080BFCDCCCCBECDCCCC3EFEE70000DA
:10DC60002DE9F0419FED251A264C16462DED028B2D
:10DC7000B0EE608AF0EE408A90ED080ADFED1E0AF1
:10DC80000F46054640EE000A70EEC10AB0EE001ADB
:10DC900020EE011A9FED1A0A21EE000A80EE801A8A
:10DCA000B7EE000A84ED0A1A01EE410A01F0D4F839
:10DCB00084ED0B0AD4ED0A0AF6EE001A80EE201A63
:10DCC00028EEA10A84ED0C1AD5ED080A20EE200AF0
:10DCD00068EE210A20EE010A84ED0D0A30EEC01A2A
:10DCE00030EE200AC4ED0E0A87ED001A86ED000A18
:10DCF000BDEC028BBDE8F081F720843D6D563D3DC3
:10DD00004A0C823EA00A002070B5224BB3F81130B5
:10DD1000DB053DD50B7E002B3AD190ED1D0A1E4E42
:10DD20000124B0EEC00A10EE105AB5420BDB90EDA4
:10DD30001C0AB5EEC00AF1EE10FA01D8CC8503E05A
:10DD40000220C88500E0CB851068144A904204DBAD
:10DD5000134A904201D38B8500E08C85114890EDE9
:10DD6000020A81ED070A90ED140A81ED080A90ED90
:10DD7000020A81ED090A90ED140A81ED0A0A0B608E
:10DD80004B608B60CB600B614B614B768B760C7676
:10DD900070BD000084AB00200000B442ED06AE3F31
:10DDA00088F4E0BFE8A1002070B5022304460022F9
:10DDB0001946F9F723FA0C48D4F800116CC881E829
:10DDC0006C006CC854F8F81F81E86C006CC8E169FD
:10DDD00081E86C002DC8216A81E82D000349606943
:10DDE0001EC980E81E0070BD4809002034200108CB
:10DDF00070B50446D0F800010D4680ED010A2046BA
:10DE000001F0F4F82046F9F7E3FC206890ED000AF1
:10DE100085ED020A206890ED010A85ED030A70BDC8
:10DE20002DE9F0410F462DED068B1C46164619686C
:10DE30000C9D91ED030A81ED040AB7F9121100EE71
:10DE4000101AF8EEC00A9FEDD41A80EE810ADFEDB9
:10DE5000D30AC0EE201AB0EE000A61EE801A9FEDE0
:10DE6000D02A61EE821A9FEDCF9A216861EE891A5D
:10DE7000C1ED031A6168D1ED031AC1ED041AB7F9B7
:10DE80002A1101EE901AF8EEE11A81EE812A82EE53
:10DE9000201A61EE000A9FEDC48A616860EE880A6C
:10DEA00060EE890AC1ED030A90ED1E1ADFEDBF0A8C
:10DEB00021EE201A86ED031A90ED061A86ED041A5B
:10DEC00090ED1C1A61EE200AC6ED050AD0ED050A98
:10DED000B748C6ED060AD0ED030A9FEDB61AEC3737
:10DEE00060EE810A20EE800A20EE080AF8F756F963
:10DEF00086ED000A17ED230A286838EE400A80ED07
:10DF0000010A17ED120A686838EE400A80ED010A2E
:10DF100017ED340A2868B1EE400A80ED040A17EDC7
:10DF2000010A6868B1EE400A80ED040A17ED220A82
:10DF30002868B1EE400A80ED060A17ED110A6868FC
:10DF4000B1EE400A80ED060A17ED330A2868B1EEFB
:10DF5000400A80ED070A97ED000A6868B1EE400AB2
:10DF600080ED070A2868FAF71BF86868FAF718F8CE
:10DF7000286890ED000ADFED908AD6ED050A38EEAC
:10DF8000C00A30EE200AF8F709F9206880ED000A8F
:10DF90006868D6ED050A90ED000A30EE680A30EEAA
:10DFA000200AF8F7FBF8606880ED000A286896ED13
:10DFB000060AD0ED050A206830EE600A80ED010AFD
:10DFC0006868D6ED060A90ED050A606830EE200A12
:10DFD00080ED010A286890ED000A38EEC00AF8F7D3
:10DFE000DDF8206880ED020A686890ED000A30EEE6
:10DFF000680AF8F7D3F8606880ED020A206890EDAF
:10E00000000A01F049F8DFED6D8A20EE280AFBF7DF
:10E01000B5FC206880ED070A606890ED000A01F009
:10E020003BF820EE280AFBF7A9FC606880ED070AA0
:10E03000286890ED0A0A01F04DFADFED619A286830
:10E04000F6EE008A20EE290AD0ED0B0A20EE28AA6F
:10E05000B0EE480A00EEE80AD0ED0A0A30EE600A97
:10E0600001F038FA2AEE000A2068B0EEC00A80ED0E
:10E07000080A686890ED0A0A01F02CFA20EE290AD5
:10E08000686860EE289A90ED0B0A00EE688A90EDC1
:10E090000A0A38EE400A01F01DFA29EE800A60688B
:10E0A000B0EEC00A80ED080A206890ED030AD0EDBA
:10E0B000010A00EE890A80ED060A606890ED030A05
:10E0C000D0ED010A00EE890A80ED060A206890ED85
:10E0D000000A01F0FFF92868D0ED090A206820EE57
:10E0E000208A90ED000A00F0D7FF2868D0ED080ADA
:10E0F000206890ED011A60EE810A00EE808A80EDC2
:10E10000058A606890ED000A01F0E4F96868D0EDD6
:10E11000090A606820EE208A90ED000A00F0BCFF3A
:10E120006868D0ED080A606890ED011A60EE810A17
:10E1300000EE808A80ED058A206890ED060AD0ED19
:10E14000050A606830EE200AD0ED060A30EE200A9B
:10E1500030EE080A20EE280A86ED0A0A606890ED83
:10E16000030A2068D0ED030A30EE600ADFED150ADD
:10E1700080EE201A86ED0B1A286890ED080A686870
:10E18000D0ED080A30EE200A20EE280A86ED090AB2
:10E19000BDEC068BBDE8F0817B146E41000070423F
:10E1A000DB0F49C08FC2753DDB0F494034FA8E3C0E
:10E1B00058AE002000008037DB0FC93FE2BAE942C9
:10E1C00000009643C4B1EE3E70B50C462DED048BB5
:10E1D000164605460968336801F11402101F91ECD8
:10E1E000020A01461846FFF73BFD6168736801F1BA
:10E1F000140291ED010A101FF1EE400A91ED000AA0
:10E2000001461846FFF72CFD20689FED2F8ADFEDB1
:10E210002F8AD0ED020A9FED2E9A80EE880AF0EE4A
:10E22000490A20EE280AFAF791FC2068F0EE490A24
:10E2300080ED030A606890ED020A80EE081A21EE74
:10E24000280AFAF783FC6068B1EE400A80ED030A01
:10E2500068799FED200A30B12068D0ED030A60EEA6
:10E26000800AC0ED030AA87930B16068D0ED030AD6
:10E2700060EE800AC0ED030AE87930B12068D0ED85
:10E28000030A60EE800AC0ED030A287A30B16068A4
:10E29000D0ED030A20EE800A80ED030AE8789FEDB6
:10E2A0000E0A28B1206880ED030A606880ED030A39
:10E2B000687A002805D0206880ED030A606880ED48
:10E2C000030ABDEC048B70BDF50A6E3ECDCC4C4408
:10E2D00000007A469A99193F000000000448002186
:10E2E00001764176802181767F21C17670470000DA
:10E2F000E4AB002011491248124B0A6892ED010A62
:10E3000080ED000A496891ED010A80ED010A93ED64
:10E31000020A0D4B80ED020A93ED010A80ED030A1B
:10E3200092ED020A1C2280ED040A91ED020A0146D8
:10E3300080ED050A0548F7F76DBE0000F0080020E3
:10E34000E4AB00204C96002090A10020E4140020B3
:10E350002DE9F05F5B4B04462DED028B0D46B3F8C3
:10E3600011001646584902054FF001074FF000080A
:10E3700001D50F6001E0C1F80080C005A8789A4679
:10E380004FF4FA7905D5B8B9AF70F5F79FFCE8609E
:10E3900012E088B185F80280F5F798FCE968401A28
:10E3A000484509D2E07828B9207818B9A07808B98A
:10E3B000607840B184F801809AF81100000628784E
:10E3C00008D510B115E06770F6E72F70F5F77EFC01
:10E3D00068600EE068B185F80080F5F777FC696841
:10E3E000401A484505D2E07808B9207860B184F831
:10E3F0000280BAF81100DFF8D4B080059FED348AAE
:10E40000687811D558B120E0A07820B184F8018057
:10E4100084F80280EDE784F80180A770E9E76F7067
:10E42000F5F754FCA8601BE078B185F80180F5F79A
:10E430004DFCA968401A484512D2F06858450DD1E4
:10E440009FED240A86ED030A0AE0F068584507D0DC
:10E450002149884204D02149884201D086ED038AAF
:10E460009AF811008006E87809D5002803D1EF70EA
:10E47000F5F72CFC2861BDEC028BBDE8F09F00286D
:10E48000F9D085F80380F5F721FC2969401A484541
:10E49000F1D2207948B9607838B9607928B9E07943
:10E4A00018B9207A08B9A07810B184F80080E2E7A2
:10E4B000207820B184F8008086ED038ADBE727709E
:10E4C000D9E7000084AB0020C8080020AE47613EB9
:10E4D000AE47613E713D8A3E713D8A3E0AD7A33EFA
:10E4E000B0F5B47F02DDA0F5B47070470028FCDA07
:10E4F00000F5B470704700002DE9F0411D462DED88
:10E50000028B9046DFED2C8A0C46064693ED000AFE
:10E51000F0EE680AF4F736F9284F9FED298AB0EE3D
:10E52000C00A87ED030A95ED000AF0EE480AF4F7F9
:10E5300029F9B0EEC00A87ED040A98F8000070B31C
:10E54000012834D07178002019B17A781D498AB138
:10E550001AE0D7ED030AF4EEC00AF1EE10FA02D881
:10E56000C4ED008A01E084ED008A7870BDEC028B76
:10E57000BDE8F08122688A4202D184ED008A01E080
:10E58000C4ED008A01227A702268D7ED030A8A421C
:10E5900006D1F4EEC00AF1EE10FA06D9E6E706E07D
:10E5A000F4EEC00AF1EE10FAE0DD7070DDE795EDF3
:10E5B000000A84ED000AD9E788F4E0BFD4080020FF
:10E5C000ED06AE3F88F4E0BF4100080218BF04200A
:10E5D0000A0E18BF40F001004FF07F4232EA0101FD
:10E5E00008BF40F00200012808BF05207047090756
:10E5F000090E002804DB00F1E02080F800147047C9
:10E6000000F00F0000F1E02080F8141D70470000BA
:10E6100010B5B94A2DED020B2DED0C8B82B00F9980
:10E6200021F000409FEDB6CB90422CDBA0F140538F
:10E630000E9AA3F17F631A430FD0B349884202DCDC
:10E6400016D10E98A0B19DED0E0B02B0BDEC0C8B57
:10E6500002B0BDE8104000F098BC0029C1BF9FED9A
:10E66000AC0B02B0BDEC0C8B02B0C8BF10BD16E005
:10E670000120F2F76CF802B0BDEC0C8B02B0BDE8E3
:10E68000104000F08DBCA44A9FEDA59B9FEDA6AB6A
:10E6900090425EDAA6499FEDA8CB814208DBB0EE3E
:10E6A0004C0AF0EE6C0A02B0BDEC0C8B02B010BD4F
:10E6B0009DED0E0B53EC102B51EC100B03F0CCF82E
:10E6C00041EC180B9E480621B0EE480AF0EE680AAD
:10E6D000784400F0DEFB53EC182B51EC100B03F0E8
:10E6E000BBF841EC1B0B9748B0EE480AF0EE680A05
:10E6F0000421784400F0CDFB53EC182B51EC100BA7
:10E7000003F0AAF853EC192B02F05EFE41EC100B5B
:10E7100051EC1B0B53EC102B02F00AFF41EC100BD9
:10E7200053EC102B9DED0E0B51EC100B03F094F8F5
:10E7300053EC1A2B03F0C4F99DED0E1B53EC112B77
:10E7400003F0BEF953EC1C2B03F0BAF941EC100BAB
:10E75000A9E79FED7D8B9FED7EBB9DED0E0B002904
:10E7600053EC192B51EC100B52DA02F02DFE53EC46
:10E77000182B03F071F841EC180B77480621B0EE26
:10E78000480AF0EE680A784400F083FB53EC182B3B
:10E7900051EC100B03F060F841EC1D0B6F48B0EE2C
:10E7A000480AF0EE680A0421784400F072FB53EC4A
:10E7B000182B51EC100B03F04FF853EC192B02F00F
:10E7C00003FE41EC190B51EC180B01F04DFE41EC2E
:10E7D000180B53EC192B51EC1D0B02F0A9FE53EC56
:10E7E000182B03F039F853EC1A2B03F041FA41ECE3
:10E7F000100B51EC180B53EC102B02F0E5FD53EC11
:10E800001B2B03F029F853EC1C2B03F059F96DE096
:10E8100003F056F953EC182B03F01EF841EC180BDB
:10E8200001F022FE41EC1A0B00208DED00AB0090B0
:10E830009DED000B51EC1A0B53EC102B02F0C4FDB4
:10E840009DED000B41EC1C0B53EC102B51EC100B0D
:10E8500003F002F853EC182B03F032F953EC1C2BA5
:10E8600002F066FE41EC1C0B3D48B0EE480AF0EEAB
:10E87000680A0621784400F00CFB53EC182B51EC8D
:10E88000100B02F0E9FF41EC1D0B3648B0EE480AD0
:10E89000F0EE680A0421784400F0FBFA53EC182BE0
:10E8A00051EC100B02F0D8FF53EC192B02F08CFD49
:10E8B00041EC100B51EC1D0B53EC102B02F038FE09
:10E8C00053EC1A2B02F0C8FF53EC1C2B02F07CFD1A
:10E8D00041EC100B53EC102B9DED000B51EC100B89
:10E8E00002F072FD53EC1B2B02F0B6FF41EC100B53
:10E8F000D9E60000000000000000F03F000000002A
:10E90000182D4454FB2109400000F07F0000000056
:10E9100000000000000000000000E03F00000000D8
:10E92000000000000000F03F075C143326A6913C75
:10E930000000603C00000000182D4454FB21F93F0A
:10E940000445000012450000000000000000E03F08
:10E9500000000000000000404E4400005C44000045
:10E96000604300006E43000010B510EE104A4FF0F7
:10E970001A402DED028B00EB4400B0F1C85F4AD87D
:10E980004FF0FC40B0EB440F22D2B0EEC00AF7EEDD
:10E99000000A30EEC00AF6EE000A20EE208A18EED9
:10E9A000100A01F098FD00EE100A14F0004F1DBF90
:10E9B0009FED281ADFED280AB1EE400A9FED271AD5
:10E9C00008BFF0EE410AF8EE001A20EE210A05E039
:10E9D00020EE008A9FED221ADFED220ADFED221AD7
:10E9E0009FED222A70EEC00A20EE080A08EE212AC6
:10E9F000DFED1F1A48EE021A9FED1E2A08EE212AAB
:10EA0000DFED1D1A48EE021ABDEC028B40EE610AE2
:10EA100030EE810A10BD4FF0CC40B0EB440F82BF06
:10EA20009FED160ABDEC028B10BD4FF07F40B0EB9E
:10EA3000440F05D2BDEC028BBDE8104000F0C0BA17
:10EA40000120F1F784FEBDEC028BBDE8104000F020
:10EA5000BDBA00000000494022AA7D3A0000000033
:10EA60000000C93F22AAFD3924FE1C3DC78AD83CBC
:10EA70001E67383D1B93993DAFAA2A3EDB0FC93F65
:10EA800010B54FF00E402DED028BB0EE408A18EE1F
:10EA9000104A00EB4400B0F1506F4AD84FF0FC40F0
:10EAA000B0EB440F22D2B0EEC80AF7EE000A30EE07
:10EAB000C00AF6EE000A60EE208A18EE900A01F015
:10EAC0000AFD01EE100A14F0004F1DBFDFED2D0A04
:10EAD0009FED2D0AB1EE411ADFED2C0A08BF9FED24
:10EAE0002C0AF8EE001A21EE218A05E0DFED290A52
:10EAF00068EE088AB0EE600A9FED271ADFED271A4C
:10EB000030EE080A48EE811A9FED251A08EEA11A88
:10EB1000DFED241A48EE811A9FED231A08EEA11AA0
:10EB200068EE281ABDEC028B01EE810A30EE200A55
:10EB300010BD4FF0E440B0EB440F0CD918EE100AB2
:10EB4000FFF742FD042808BF00F048FAB0EE480A7B
:10EB5000BDEC028B10BD4FF07F40B0EB440F07D2ED
:10EB6000B0EE480ABDEC028BBDE8104000F028BAB8
:10EB70000120F1F7ECFDBDEC028BBDE8104000F088
:10EB800025BA00000000C9BF22AAFDB90000C93F94
:10EB900022AAFD390000000024FE1C3DC78AD83C93
:10EBA0001E67383D1B93993DAFAA2A3E70B54FF0C2
:10EBB00068422DED048BF0EE408A18EE900AB0EE1C
:10EBC000608A18EE101A02EB4003B3F1654F3CBFA8
:10EBD00002EB4102B2F1654F7DD200BFC0F3C753D3
:10EBE000C1F3C7529A1A1B2A09DD10F0004F14BF57
:10EBF0009FED830A9FED830ABDEC048B70BD12F17B
:10EC00001A0F36DA11F0004F09D010F0004F0CBF88
:10EC10009FED7D0A9FED7D0ABDEC048B70BD88EEF3
:10EC2000889A19EE100AFFF7CFFC042808BF00F0FD
:10EC3000D5F918EE900AFFF7C7FC054618EE100A42
:10EC4000FFF7C2FC044619EE100AFFF7BDFC042DC5
:10EC500018BF052D08D1042C18BF052C04D100289D
:10EC600004BF0220F1F773FDB0EE490ABDEC048B3E
:10EC700070BD4200B2EB410F3AD910F0004F19BFFE
:10EC8000DFED630A9FED630ADFED630A9FED630A20
:10EC9000B0EE481A0A46B1EE688A80F00041F0EE04
:10ECA000418A10460A1A5200B2F1807F34D248409D
:10ECB00010F0004FDFED5A1A9FED5A2A1DBFBEEE2D
:10ECC000001A70EEE10A30EE420AB6EE001A08BFF2
:10ECD00070EEA10A00E040E008BF30EE020AB0EE9C
:10ECE000682A01EE482A08EE818AC2EE081A15E069
:10ECF00011F0004F04BF9FED4C0AF0EE400AD1D056
:10ED000010F0004F19BFDFED490A9FED490ADFED12
:10ED1000490A9FED490AC5E7C8EE881A21EEA11AF3
:10ED20009FED462ADFED462A41EE022A9FED452A55
:10ED300001EE222ADFED442A41EE022A9FED432A0A
:10ED4000BDEC048B01EE222A21EE811A01EE020AAB
:10ED500030EE210A30EE200A70BD4FF07F42B2EB58
:10ED6000400F28BFB2EB410F09D2F0EE480AB0EED7
:10ED7000680ABDEC048BBDE8704000F024B940EA9D
:10ED800001035B0008BF41F0FF410BD0B2EB400F25
:10ED900008BFB2EB410F08D120F0804008EE900A86
:10EDA00021F0804108EE101A18E7B2EB400F12BFB5
:10EDB0005FEA410340F0FF4001F000413FF40EAF35
:10EDC000B2EB410F12BF5FEA400200F0004041F099
:10EDD000FF413FF403AF4A0092EA40033FF5FEAE25
:10EDE000002AACBF9FED1A0A9FED1A0A68EE808ACE
:10EDF00028EE008A18EE900A18EE101AEEE60000CF
:10EE0000DB0FC9BFDB0FC93FDB0F4940DB0F49C038
:10EE10000000C9BF22AAFDB90000C93F22AAFD39DE
:10EE20000060ED3EC30ACE3700000000000049C07C
:10EE300022AA7DBA0000494022AA7D3A2DAD65BDC7
:10EE40008FB8D53D0FB511BE61C84C3EA8AAAABE69
:10EE50000000804F0000802F10B52DED028BB1EE29
:10EE6000C08A18EE100A20F00040C0F1FF40C00F29
:10EE70000AD010EE100A20F00040C0F1FF40C00F91
:10EE800004BF0120F1F763FCB0EE480ABDEC028B31
:10EE900010BD70B504462DED028B4D1E00EBC50074
:10EEA000B0EE408AF0EE608A90ED000B35F006007F
:10EEB00017D053EC182B51EC100B02F0CDFC41ECA9
:10EEC000100B6D1E04EBC50090ED001B51EC100BF8
:10EED00053EC112B02F078FA41EC100B35F00600E0
:10EEE000E7D1022D36D0042D1CD0062D1CBFBDEC61
:10EEF000028B70BD53EC182B51EC100B02F0ACFCE4
:10EF000094ED0A1B53EC112B02F05EFA53EC182B14
:10EF100002F0A2FC94ED081B53EC112B02F054FA02
:10EF200041EC100B53EC182B51EC100B02F094FC3D
:10EF300094ED061B53EC112B02F046FA53EC182B00
:10EF400002F08AFC94ED040B53EC102B02F03CFA17
:10EF500041EC100B53EC182B51EC100B02F07CFC25
:10EF600094ED021B53EC112B02F02EFA53EC182BEC
:10EF700002F072FC94ED001B53EC112B02F024FA0A
:10EF8000BDEC028B41EC100B70BD10B553EC102B97
:10EF900051EC100B02F018FA41EC100B10BD000000
:10EFA0009FED050B10B553EC102B51EC100B02F03C
:10EFB000BFFA41EC100B10BD000000000000000083
:10EFC00030EE000A704730EE200A7047DFED020A8B
:10EFD00080EEA00A70470000000000009FED020ACA
:10EFE00020EE000A7047000000000010234A9FED49
:10EFF000240A5379012B26D09279012A23D00022AA
:10F000000A74D0F81421DFED1F0AC2ED000AD0F80F
:10F010001421DFED1D0AC2ED030AD0F8182182ED9C
:10F02000000AD0F81821B7EE000A82ED030A91ED2C
:10F03000000A50F8042F82ED000A006891ED010AE1
:10F0400080ED010A704701220A74D0F81421DFED27
:10F050000F0AC2ED000AD0F81421DFED0D0AC2ED4F
:10F06000030AD0F81821DFED0B0AC2ED000AD0F830
:10F07000182182ED030A91ED020ADAE730A100209F
:10F080000000C842CDCCCC3D0000FA440AD7233C56
:10F0900000007A4500A00C469FED1D1AF5EE000A0F
:10F0A00040EE010ABDEEE00AF5EEC00A10EE100ACD
:10F0B000F1EE10FA00D2401E00EE100AB8EEC00ABF
:10F0C00030EEC00ADFED130A20EE200ABCEEC01AB3
:10F0D00011EE100A80B2B0F5007F02D330EE600A64
:10F0E000002000EE900A0C49F7EE001AF8EE600AD4
:10F0F00001EB800090ED011A70EE600A90ED000ABD
:10F1000071EEE01A21EE800A00EE810A70470000DD
:10F1100083F9223E00000044D423010810B54C6856
:10F120004368018840885268414308E0B3EC010A13
:10F13000491EF4EC010A30EE200AA2EC010A002973
:10F14000F4D1002010BD0180428043607047000070
:10F150002DE9F04F0588B0F802A09FEDAA0A4FF004
:10F1600000092B46F7EE001A4A6812E0EC1AF0EE9E
:10F17000400A02E0E2EC010A641E002CFAD1E2EC43
:10F18000011A5C1E02E0E2EC010A641E002CFAD1B6
:10F190005B1E002BEAD100276FF0040B0FE1B0F8E3
:10F1A00002C046680CFB077306EB83039146D3ED60
:10F1B000000A3C463A467B1C12E00CFB037806EB47
:10F1C0008808B0EEE02A98ED000AB0EEC01AB4EE5E
:10F1D000C21AF1EE10FA02DD1C46F0EE400A5B1C8A
:10F1E000AB42EAD3F5EEC00AF1EE10FA36D0BC42DB
:10F1F00034D002FB0C73ACEB070804FB0C7C06EB71
:10F20000830306EB8C064FF0000C09E093ED000A37
:10F2100096ED001A0CF1010CA3EC011AA6EC010A00
:10F22000C445F3DB4E88D1F804C002FB06F37443F7
:10F230000CEB83030CEB84044FF0000C09E093ED1E
:10F24000000A94ED001A0CF1010CA3EC011AA4ECD5
:10F25000010AB445F3DB4FF001090AE0B9F1000FF0
:10F2600007D1F5EEC00AF1EE10FA02D15846BDE81A
:10F27000F08F81EEA00A43884468DE1B02FB037313
:10F2800004EB8303002406E0D3ED000A641C60EE67
:10F29000800AE3EC010AB442F6DB4E884B6802FBBD
:10F2A00006F403EB8403002406E0D3ED000A641C9B
:10F2B00060EE800AE3EC010AB442F6DB00233BE097
:10F2C0004688D0F804C006FB03740CEB8404A6EB5C
:10F2D000070894ED000A03FB06F40CEB8404564384
:10F2E0000CEB860606EB870C04EB8704002608E08F
:10F2F000BCEC011AD4ED000A761C40EE410AE4ECA5
:10F30000010A4645F4DBB1F802804E6803FB08F4BD
:10F3100002FB08FC06EB840406EB8C0C002608E0DC
:10F32000BCEC011AD4ED000A761C40EE410AE4EC74
:10F33000010A4645F4DB5B1C9342C1D3531C3BE0FE
:10F340004688D0F804C006FB03740CEB8404A6EBDB
:10F35000070894ED000A03FB06F40CEB8404564303
:10F360000CEB860606EB870C04EB8704002608E00E
:10F37000BCEC011AD4ED000A761C40EE410AE4EC24
:10F38000010A4645F4DBB1F802804E6803FB08F43D
:10F3900002FB08FC06EB840406EB8C0C002608E05C
:10F3A000BCEC011AD4ED000A761C40EE410AE4ECF4
:10F3B000010A4645F4DB5B1CAB42C1D3571C5745E1
:10F3C0004FF00002FFF4EBAEB9F1000F18D1B5EE2B
:10F3D000C00AF1EE10FA13D14168002005FB0AF5CE
:10F3E00009E001EB800393ED000AB5EEC00AF1EEEF
:10F3F00010FA02D1401C8542F3D8854200D15A460A
:10F40000104634E7000000002DE9F04F4668D1F8BF
:10F41000049007884C88B0F80280DFED161AD2F805
:10F4200004B08A464FF0000CDAF804000BEB8C05B0
:10F430002346B0EE610A3146424608E0F1EC010A8B
:10F4400090ED001A00EB8400521E00EE810A002AA3
:10F45000F4D15B1EA4EB0301A5EC010A09EB8100CA
:10F46000E7D1A44406EB88067F1EDDD10020BDE86D
:10F47000F08F00000000000010B54C684368018860
:10F4800040885268414308E0B3EC010A491EF4EC9D
:10F49000010A30EE600AA2EC010A0029F4D1002032
:10F4A00010BDF0B50588426847884E682B46002499
:10F4B00006EB8401384606E0B2EC010A401E81EDFD
:10F4C000000A01EB85010028F6D15B1E04F101045E
:10F4D000EED1F0BDDFED1C0A20EE200AFDEEC00AE1
:10F4E000B5EEC00A10EE900AF1EE10FA00D2401EFE
:10F4F00000EE900AF8EEE00A30EE600ADFED130A43
:10F5000020EE200ABCEEC01A11EE100A80B2B0F54F
:10F51000007F02D330EE600A002000EE900A0C4912
:10F52000F7EE001AF8EE600A01EB800090ED011A88
:10F5300070EE600A90ED000A71EEE01A21EE800A8A
:10F5400000EE810A7047000083F9223E000000446B
:10F55000D423010870B5F1F72FFA8020F1F77CFB76
:10F560005520F1F779FB5520F1F776FB424C2070DE
:10F57000F1F71AFA0120F4F79BFAF1F71DFA80204F
:10F58000F1F76AFB5520F1F767FB5520F1F764FBB3
:10F590002070F1F709FA0120F4F78AFAF1F70CFA72
:10F5A000B6217E20F1F76AFBF1F7FEF95020F4F75F
:10F5B0007FFAF1F701FA8020F1F74EFB5520F1F7C1
:10F5C0004BFB5520F1F748FB2070F1F7EDF90120D6
:10F5D000F4F76EFAF1F7F0F98020F1F73DFB5520D2
:10F5E000F1F73AFB5520F1F737FB2070F1F7DCF922
:10F5F0000120F4F75DFA20781E2801D0FF2070BDAD
:10F600001D4D002060702435F1F7D6F9607800EBCD
:10F6100040004119285C4978F1F730FBF1F7C4F953
:10F620000120F4F745FAF1F7C7F9607800EB4000E4
:10F63000285C40F08000F1F70FFB5520F1F70CFB40
:10F640005520F1F709FB2070F1F7AEF90120F4F72E
:10F650002FFA6078237800EB400129444A789A42D7
:10F6600003D08978A2781143A170401CC0B26070A9
:10F670000628C9D3002070BDA401002070B5F1F7A1
:10F68000ABF93C490020F1F7DBFAF1F79DF90120D5
:10F69000F4F70EFAF1F7A0F936490020F1F7D0FAA5
:10F6A000F1F792F90120F4F703FAF1F795F9B62191
:10F6B0001420F1F7E3FAF1F787F95020F4F7F8F99D
:10F6C000F1F78AF92B490020F1F7BAFAF1F77CF942
:10F6D0000120F4F7EDF9F1F77FF926490020F1F761
:10F6E000AFFAF1F771F90120F4F7E2F9214D28782A
:10F6F0000F2801D0FF2070BD1E4C002068703634EA
:10F70000F1F76AF9687800EB40000119205C49784C
:10F71000F1F7B4FAF1F758F90120F4F7C9F9F1F764
:10F720005BF96878134900EB4000205CF1F788FA38
:10F73000F1F74AF90120F4F7BBF968782A7800EB71
:10F7400040012144497891420BD0401EC0B2094982
:10F75000687000EB400024310844A97880780843A1
:10F76000A8706878401CC0B268700628C8D3002012
:10F7700070BD0000A40100208169826A00EE101AA9
:10F7800000EE902A20EE200AB5EEC00AF1EE10FA43
:10F790004ADD00EE101AB5EEC00AF1EE10FA00EEE6
:10F7A000101A01DCB1EE400A436D00EE903AB4EE5F
:10F7B000E00AF1EE10FA37D9026D00EE903A00EE51
:10F7C000102A70EE200A00EE101AB5EEC00AF1EE13
:10F7D00010FA00EE101A01DCB1EE400AF4EEC00A95
:10F7E000F1EE10FA1EDB00EE101A00EE902AB5EED4
:10F7F000C00AF1EE10FA00EE101A01DCB1EE400A78
:10F80000016B70EEC00A00EE103A30EE801A00EE86
:10F81000102AC1EE000A00EE101A20EE800A10EE47
:10F82000101A00E000210163704770B50446D0F85B
:10F83000945000F16202B0F860300169D0F8900095
:10F84000CDB1022B35D900EE101AF1EE400A00EED0
:10F85000100A1046F9F77EFAE06800EE900AD4F834
:10F860009400806801EE100A70EE810A20EE200AF2
:10F8700010EE100A1BE0022B0CD900EE101AF1EE6C
:10F88000400A00EE100A1046F9F764FAE06800EE4C
:10F89000900AEBE7626900EE101A00EE902AE16828
:10F8A00070EEC00A00EE101A20EE801A12E0E0623C
:10F8B00070BDE26800EE102AAA6800EE902A626924
:10F8C00030EE201A00EE902A00EE101A30EEC00A38
:10F8D00021EE001A00EE100AC1EE000A10EE900AA6
:10F8E000E5E7026B816A00EE902A00EE101A426A88
:10F8F00070EE200A01EE102A00EE101AC26A31EEF4
:10F90000001A00EE102A31EE000AB5EEC00AF1EE40
:10F9100010FA01DCB1EE400A026C01EE102A00225E
:10F92000B4EEC10AF1EE10FA0CDD836900EE101A94
:10F9300001EE103A21EE000AB5EEC00AF1EE10FA1F
:10F9400000DD0263416C00EE101AB4EEE00AF1EE45
:10F9500010FA01D20263816200EE101AB1EE400A81
:10F96000B4EEE00AF1EE10FA07DD00EE101A0263C1
:10F97000B1EE400A10EE101A81627047EFF3108268
:10F9800072B643680169994201D90168016111F8B1
:10F99000013B01618168491C8160C168491E82F395
:10F9A0001088C160184670478B185B1E0160C0E963
:10F9B00001320022C0E903214161104670472DE960
:10F9C000F0475FEA01080446EFF3108772B62FD0C4
:10F9D000A5686DB361686069884201D9206860617B
:10F9E000954200DD15460E1A761CAE4206DB2A460D
:10F9F0004146F0F78AFD606928440DE0A5EB060951
:10FA000032464146F0F781FD08EB06014A46206880
:10FA1000F0F77BFD206848446061A068401BA0604F
:10FA2000E0682844E060284687F31088BDE8F08746
:10FA300087F310884FF0FF30F8E7C0687047B4EEE6
:10FA4000E00AF1EE10FA02D2B0EE600A7047B4EEAE
:10FA5000C10AF1EE10FAF9DDB0EE410A7047FDEE91
:10FA6000C00A10EE900A00EE900AF8EEE00A30EEBE
:10FA7000600A10EE101AB1F17C5F00DD401C704787
:10FA8000012131EE601A814070EE600A491E00EEDD
:10FA9000101AB8EEC00A20EE800AC0EE010ABDEED0
:10FAA000E00A10EE100A704710EE100AF6EE000A97
:10FAB000074960EE200AA1EB600000EE100A20EE7C
:10FAC000801AF7EE080A41EE400A20EE800A7047DD
:10FAD000865A375FF4F716FAFBF7ACFCF8F7FEFD31
:10FAE000F8F764FDF8F7BAFEF8F7D8FEF8F7FAFE73
:10FAF000F8F702FDF8F7C6FFF8F728FFF8F7E0FF80
:10FB0000F8F742FDF8F71CFDF8F754FFF8F79EFFF1
:10FB1000A820F2F7C5FB00210A48F1F73BF80028BE
:10FB2000F9D10948F5F704FD08210748F5F75CFF0E
:10FB3000F1F72AFAF1F744FAF8F786FD00F013F826
:10FB4000FEE70000F41200205414002001460020BB
:10FB5000842900D0C81C704710B500B9012000F0FE
:10FB60001FFE002010BD10B500F082FE002010BD69
:10FB70007FB50D4604464169B0F9080081B1A1691D
:10FB800071B1FFF7E3FFD4E905128DE80700D4E96E
:10FB900000102B46226901F0F4F9039004B070BD07
:10FBA000FFF7D4FF03A9CDE90001208A2B4682B2DA
:10FBB000D4E9001001F0B8F9012801D00020EDE7E8
:10FBC0000398EBE72DE9F0411A4E0F460446F5681D
:10FBD0003168002081F852003068001D00F0AEFC52
:10FBE00038B9306890F82C10012088403169814381
:10FBF0003161601C07D137B13168BDE8F0410E4872
:10FC0000091D00F0EBBC30682C44AC424460316804
:10FC100005D2B06BBDE8F041091D00F0C7BC706BA8
:10FC2000091D00F0C3FCB06A844200D2B462BDE892
:10FC3000F081000098000020E03400202DE9F04120
:10FC4000054600F0D7FC2E4EB068401CB06030680E
:10FC50002C4F10B1706940B32DE03560B0680128B9
:10FC600029D1002404EB840007EB800000F090FC15
:10FC7000641C072CF6D323488C3000F089FC214803
:10FC8000A03000F085FC1F48B43000F081FC1D4816
:10FC9000C83000F07DFC1B48DC3000F079FC1948CE
:10FCA0008C3070631430B06305E03068E96AC06A74
:10FCB000884200D83560706A0121401C7062E86A91
:10FCC000326981401143316100EB800007EB800015
:10FCD000291D00F083FC00F0ADFC706900280CD0F9
:10FCE0003068E96AC06A884207D207494FF08050FD
:10FCF0000860BFF34F8FBFF36F8FBDE8F081000046
:10FD0000980000200434002004ED00E038B500F035
:10FD100071FC104C2068C8B90F4800F039FC0E483F
:10FD2000143000F035FC0C48E060143020610A4BC0
:10FD30000020E83B009003F1480210210A2000F067
:10FD400089FE206010B105A100F0F6FCBDE8384046
:10FD500000F070BCD4000020DC350020546D7251DE
:10FD60000000000030B4026C0B46002A0BD0C168C2
:10FD70001144C1608468A14201D30168C16030BCF4
:10FD80001846F0F7C2BB30BC70472DE9F041856BD7
:10FD9000174604460026026C82B1C7B1E068F0F74E
:10FDA000B4FBE168206C091AE1602268914202D23A
:10FDB000A168081AE060022F16D017E02068A8B9E1
:10FDC000A06801F085F906460020A0600EE060689A
:10FDD000F0F79BFB216C606808446060A168884272
:10FDE00004D32068606001E005B16D1E6D1CA56341
:10FDF0003046BDE8F08110B5044690F8510058B186
:10FE000001280CD002280FD0502080F31188BFF3B6
:10FE10004F8FBFF36F8FFEE7206B00F01FFC204673
:10FE2000BDE8104000F01ABC10BD00000F4845F6B8
:10FE3000F771420705D0C01D0C4A20F00700821A56
:10FE4000891A0B4A00230144C2E900030839183A11
:10FE500021F0070111604B600B600B1AC0E9001321
:10FE600093604FF0004053605061704704360020AB
:10FE700000010020134E144DA6F1C8074FF0805822
:10FE8000DFF8489011E000F0B5FBF068C468201D71
:10FE900000F054FBA868401EA8606868401E6860B7
:10FEA00000F0C8FB2046FFF7A6FF68680028EAD1EB
:10FEB00038680128F9D9C9F80080BFF34F8FBFF324
:10FEC0006F8FF2E7CC3400209800002004ED00E0B2
:10FED0000346009829B10260C0E90F31012100F00A
:10FEE000EDBD0060F8E72DE9F05F0E46DDE90B940B
:10FEF0001746834691009A460A9DA522206BF0F78B
:10FF00007BFB6FF00301206B01EB8701084420F0BD
:10FF10000707780707D0502080F31188BFF34F8F71
:10FF2000BFF36F8FFEE74FF0000866B10020221884
:10FF3000315C82F83410315C11B1401C1028F6D3CA
:10FF400084F8438001E084F83480072D00D306252F
:10FF5000E562C4E91158201D00F025FB04F11800EA
:10FF600000F021FB2461C5F107006462A061C4F8C0
:10FF70004C8084F8508084F8528052465946384666
:10FF800000F05CFA2060B9F1000F01D0C9F8004020
:10FF9000BDE8F09F30B5114900E011460A68824281
:10FFA000FBD34B685C18844203D140681844486016
:10FFB000084643681C18944209D1084C183C246830
:10FFC000A24209D052681A4442600A68126802606C
:10FFD000814200D0086030BD0460F9E700010020D4
:10FFE00070B5002441600B4D0061914206D8D11AD2
:10FFF0008269914206D2011D286907E09A4203D224
:020000040801F1
:10000000994201D3012403E0011DE86800F0CEFA13
:10001000204670BDD400002010B5044600F0EAFA76
:10002000A06B20B1002400F005FB204610BD012488
:10003000F9E7000030B587B03C4D6EE0019800282C
:1000400006DADDE90301029A90470198002864DB93
:10005000039C606910B1201D00F070FA05A800F043
:10006000D7F8024601980A2857D2DFE800F00505C4
:10007000052D334A05052D3394F8240040F0010086
:1000800084F824000298A169034601442046FFF742
:10009000A7FF68B3216A2046884794F824004007E8
:1000A0003BD5002000900298A16900234218194610
:1000B000204601F025F9D8B9502080F31188BFF30C
:1000C0004F8FBFF36F8FFEE714F8240F20F001006D
:1000D000207022E094F8240040F0010084F824000D
:1000E0000298A06128B1811813462046FFF778FFD7
:1000F00013E0502080F31188BFF34F8FBFF36F8F51
:10010000FEE794F82400810703D4204600F0A6FA05
:1001100003E020F0010084F82400002201A92868EF
:1001200000F022FE002889D107B030BDD4000020A5
:100130002DE9FC410F46054600F0DCFB01A800F06C
:1001400067F80446019818B101F048F8BDE8FC8151
:10015000254EAFB130690068D0B30027291B3A465D
:10016000306800F0FBFA01F039F80028EED11F49A1
:100170004FF080500860BFF34F8FBFF36F8FE5E7FC
:10018000A542EBD801F02AF8F0682746C068C46899
:10019000201D00F0D3F994F82400410719D5A06977
:1001A0002B4641193A462046FFF71AFFA8B1002016
:1001B0000346014600902A46204601F0A1F860B9A6
:1001C000502080F31188BFF34F8FBFF36F8FFEE78E
:1001D00007E020F0010084F82400216A20468847C7
:1001E000B4E70127BAE70000D400002004ED00E0E6
:1001F0000648416B096829B1416BC968C9684968FB
:10020000816270474FF0FF31FAE70000980000204C
:1002100070B5054600F0F0FE064E0446B068844214
:1002200003D200F009F8012000E0002028602046F9
:10023000B46070BDD4000020F8B5194E20E0C0684D
:10024000C4680568201D00F079F9216A20468847B6
:1002500094F82400400713D5A0692844A84206D981
:1002600024616060211DF06800F0A0F908E0002022
:100270000346014600902A46204601F041F838B175
:10028000F06801680029DAD13169C6E90310F8BDC8
:10029000502080F31188BFF34F8FBFF36F8FFEE7BD
:1002A000D400002008484068401C4FF0500080F304
:1002B000118804D0BFF34F8FBFF36F8FFEE7BFF3FA
:1002C0004F8FBFF36F8FFEE708010020084CE068F6
:1002D000016839B1002139B10020FFF729FFFFF78C
:1002E000A9FEF4E70121F6E7C0680068F5E7000021
:1002F000D40000202DE9F041044600F07BF994F988
:10030000455004F1240609E0606A48B1304600F027
:100310002BFF08B100F072FA6D1E6DB2002DF3DCF8
:100320004FF0FF3684F8456000F084F900F062F980
:1003300094F9445004F1100709E0206948B13846A7
:1003400000F012FF08B100F059FA6D1E6DB2002DD9
:10035000F3DC84F84460BDE8F04100F06BB90000C4
:100360002DE9F0410546002600F0C4FA324F386806
:1003700008B9FFF75BFD786905424ED1C5B3083572
:1003800068070ED005F00700C0F1080005446807B3
:1003900007D0502080F31188BFF34F8FBFF36F8FCA
:1003A000FEE72DB37868854237D8234918310846CF
:1003B000046801E0214604466068A84202D2206831
:1003C0000028F7D13868844227D00E68206808607A
:1003D00060680836411B10290FD96019420708D000
:1003E000502080F31188BFF34F8FBFF36F8FFEE76C
:1003F00013E041606560FFF7CDFD61687868401AE1
:100400007860BA68904200D2B860786901430020F1
:10041000C4E90001F868401CF86000F0DFFE7007D6
:1004200007D0502080F31188BFF34F8FBFF36F8F39
:10043000FEE73046BDE8F081E800002010B5031F5C
:100440004FF080741C601B1F21F001011960191FFF
:10045000044B0B6014390A60091F6FF00202443824
:100460000A6010BDA502010800B52DED048B83B014
:1004700041EC190B01F030FB41EC180B18EE100A9F
:1004800018EE901A8DED008B002818BF012008434C
:1004900020F00040C0F17F6000F1E040C00F14D0B8
:1004A00019EE101A19EE900A8DED009B002918BF65
:1004B0000121084320F00040C0F17F6000F1E040DE
:1004C000C00F04BF0120F0F742F951EC180B03B044
:1004D000BDEC048B00BD10B500EE100A2DED028BB3
:1004E000B1EEC08A18EE100A20F00040C0F1FF40C3
:1004F000C00F0AD010EE100A20F00040C0F1FF40FB
:10050000C00F04BF0120F0F722F918EE100ABDEC6D
:10051000028B10BD01EE100A70EEC00A0120B8EE89
:10052000C11A8840401E21EE201A00EE900AF8EE13
:10053000E01AC1EE210A30EE800A7047D0E901329C
:1005400001699A60D0E901235A604A68824201D168
:1005500082684A60002202610868401E08600868DC
:1005600070470000034B036003F1540008608020D3
:1005700010607047A80B0020044B036003F1540087
:1005800008604FF48070106070470000FC0D002080
:1005900000F108014FF0FF32C0E90112C1600161B2
:1005A00000210160704700210161704730B50C687F
:1005B000621C02D000F1080202E0026904E01A465F
:1005C00053681D68A542FAD953684B6099608A60E8
:1005D000516008610168491C016030BD42684A6091
:1005E00093688B6093685960916008610168491C49
:1005F00001607047502080F31188BFF34F8FBFF325
:100600006F8F0A494868401C486001280CD108488F
:10061000006810F0FF0F07D0502080F31188BFF35F
:100620004F8FBFF36F8FFEE7704700000801002077
:1006300004ED00E00849486828B1401E486001D137
:1006400080F311887047502080F31188BFF34F8FDB
:10065000BFF36F8FFEE700000801002070B500288F
:100660002AD0164DA0F1080460686969084207D1D4
:10067000502080F31188BFF34F8FBFF36F8FFEE7D9
:1006800022683AB1502080F31188BFF34F8FBFF337
:100690006F8FFEE78843606000F02CF9606869683E
:1006A000084468602046FFF775FC2869401C2861F3
:1006B000BDE8704000F092BD70BD0000E800002071
:1006C0004FF0E02000210161816105494FF47A7209
:1006D0000968B1FBF2F1491E4161072101617047D0
:1006E0009400002010B5EFF71FFE114910280ED31B
:1006F00000F1E02090F8F0030A78904207D25020F1
:1007000080F31188BFF34F8FBFF36F8FFEE7094867
:100710000068896800F4E060884207D9502080F3BF
:100720001188BFF34F8FBFF36F8FFEE710BD00003E
:10073000080100200CED00E010B5074B002253F833
:1007400032401CB1521C082AF9D310BD43F83210B4
:1007500003EBC201486010BDC433002070B51546DC
:100760000E460446FFF746FF94F944100020491C4A
:1007700001D184F8440094F94510491C01D184F852
:100780004500FFF757FFA06B28B92A46314604F110
:10079000240000F051F82046BDE87040FFF7AABDE4
:1007A00010B5020014D00F48006B38B1502080F310
:1007B0001188BFF34F8FBFF36F8FFEE700F09AF8F9
:1007C00000211046FFF7FEF900F008FD002807D1D0
:1007D00005494FF080500860BFF34F8FBFF36F8F14
:1007E00010BD00009800002004ED00E002490A6AF4
:1007F0000260C968416070479800002001490120EB
:10080000C86170479800002010B50C4650B10949E6
:1008100009681831FFF7CAFE2046BDE810400121E3
:10082000FFF7D0B9502080F31188BFF34F8FBFF38B
:100830006F8FFEE79800002070B514460D4668B132
:100840000A4909681831FFF7C9FE0CB14FF0FF35AE
:1008500021462846BDE87040FFF7B4B9502080F328
:100860001188BFF34F8FBFF36F8FFEE79800002012
:1008700030B587B00025039505AA04A903A80495FF
:10088000FFF770FEDDE903010095CDE901100023BB
:1008900014A11648059A00F074FB154CE06218B1DB
:1008A00000F0FEFC012809D0401C19D1502080F333
:1008B0001188BFF34F8FBFF36F8FFEE7502080F397
:1008C0001188BFF34F8FBFF36F8F4FF0FF30A062DF
:1008D00001206061E56007B0BDE8304000F040B83D
:1008E00007B030BD49444C450000000075FE0008CB
:1008F000980000200248016B491C0163704700000A
:1009000098000020144A106B10B10120D06170478C
:100910000020D06110691149B0FA80F0C0F11F00C9
:1009200000EB800051F820306BB101EB800000F14A
:100930000803416849684160994201D149684160B2
:10094000C86810607047502080F31188BFF34F8F44
:10095000BFF36F8FFEE700009800002004340020F2
:100960001CB537480168374A914207D1502080F3BF
:100970001188BFF34F8FBFF36F8FFEE700683149D7
:10098000491E884207D1502080F31188BFF34F8F52
:10099000BFF36F8FFEE72C4908780190FF200870A5
:1009A00008788DF800009DF800009DF8002000F008
:1009B000F000904207D0502080F31188BFF34F8F92
:1009C000BFF36F8FFEE79DF80000204C00F0500051
:1009D00020700720A06006E0401EA0609DF8000087
:1009E00040008DF800009DF800000006A068F3D4D8
:1009F000032807D0502080F31188BFF34F8FBFF337
:100A00006F8FFEE74FF44070A060019808700C48AB
:100A10002030016841F470010160016841F07041CB
:100A20000160FFF74DFE00206060EFF745FC0848CD
:100A3000016841F040410160EFF72AFC00201CBD35
:100A400000ED00E071C20F4100E400E00801002069
:100A500034EF00E038B5049D18B153B1CAB181B18B
:100A600020E0502080F31188BFF34F8FBFF36F8FCA
:100A7000FEE7502080F31188BFF34F8FBFF36F8FD5
:100A8000FEE7502080F31188BFF34F8FBFF36F8FC5
:100A9000FEE739B1502080F31188BFF34F8FBFF3C9
:100AA0006F8FFEE748241C46012384F846302B460E
:100AB0000094FFF70DFA204638BD000070B50D46D2
:100AC000040025D0FFF796FDD4E90F20216802FB32
:100AD0000011A1600021A163216861600A46D4E988
:100AE0000F01401E00FB0121E16021464FF0FF3065
:100AF00001F8440F487004F110008DB1FFF748FD74
:100B000004F12400FFF744FDFFF794FD012070BDC0
:100B1000502080F31188BFF34F8FBFF36F8FFEE734
:100B200021690029F0D000F01FFB0028ECD0044917
:100B30004FF080500860BFF34F8FBFF36F8FE3E734
:100B400004ED00E02DE9FF4F83B01F468B46040003
:100B50004FF0000603D0BBF1000F08D011E0502089
:100B600080F31188BFF34F8FBFF36F8FFEE7206CC8
:100B700038B1502080F31188BFF34F8FBFF36F8FD0
:100B8000FEE7022F0AD1E06B012807D0502080F346
:100B90001188BFF34F8FBFF36F8FFEE700F01EFA8F
:100BA000DFF800914FF0000A4FF0805848B90598DF
:100BB00038B1502080F31188BFF34F8FBFF36F8F90
:100BC000FEE7FFF717FDA06BE16B884205D3022F0C
:100BD00003D00598C8B1DEB11EE03A46594620461A
:100BE000FFF7D3F8616A19B104F1240000F0BCFAF0
:100BF00028B1C9F80080BFF34F8FBFF36F8FFFF7A5
:100C000019FD012007B0BDE8F08FFFF713FD21E0CB
:100C10006846FFF7EBFD0126FFF70CFDFFF76AFEC4
:100C2000FFF7E8FC94F94400401C01D184F844A08B
:100C300094F94500401C01D184F845A0FFF7FAFC67
:100C400005A9684600F02CF930B12046FFF752FBA9
:100C500000F0C4FA0020D5E7FFF7CCFCA06BE16BF5
:100C6000884201D1012500E00025FFF7E3FC95B1A2
:100C700004F110000599FFF7C7FD2046FFF73AFB86
:100C800000F0ACFA00289CD1C9F80080BFF34F8F68
:100C9000BFF36F8F95E72046FFF72CFB00F09EFA1D
:100CA0008FE7000004ED00E02DE9F0471F46904675
:100CB0008946040003D0B9F1000F08D011E050209C
:100CC00080F31188BFF34F8FBFF36F8FFEE7206C67
:100CD00038B1502080F31188BFF34F8FBFF36F8F6F
:100CE000FEE7022F0AD1E06B012807D0502080F3E5
:100CF0001188BFF34F8FBFF36F8FFEE7FFF7F2FC52
:100D00005020EFF3118680F31188BFF34F8FBFF3AC
:100D10006F8FA06BE16B884206D3022F04D00020B6
:100D200086F31188BDE8F08794F94550A06B3A46E8
:100D300049462046FFF729F8681C04D06D1C84F84A
:100D400045500120ECE7606A0028FAD004F1240045
:100D500000F00AFA0028F4D0B8F1000FF1D0012118
:100D6000C8F80010EDE700002DE9F74783B08A4688
:100D700004004FF0000603D0BAF1000F08D011E0D4
:100D8000502080F31188BFF34F8FBFF36F8FFEE7C2
:100D9000206C38B1502080F31188BFF34F8FBFF320
:100DA0006F8FFEE700F01AF9DFF8F09000274FF0A0
:100DB000805848B9059838B1502080F31188BFF3A6
:100DC0004F8FBFF36F8FFEE7FFF714FCA56BC5B124
:100DD00051462046FEF7C6FF6D1EA563206950B13F
:100DE00004F1100000F0C0F928B1C9F80080BFF389
:100DF0004F8FBFF36F8FFFF71DFC012006B0BDE8DA
:100E0000F087059808B11EB106E0FFF713FC27E054
:100E10006846FFF7EBFC0126FFF70CFCFFF76AFDC5
:100E2000FFF7E8FB94F94400401C01D184F84470BA
:100E300094F94500401C01D184F84570FFF7FAFB96
:100E400005A9684600F02CF8002820460AD0FFF7D4
:100E500051FA00F0C3F92046FFF7DEF80028B3D0BE
:100E60000020CBE7FFF7D8F890B104F124000599F2
:100E7000FFF7CAFC2046FFF73DFA00F0AFF9002863
:100E8000A2D1C9F80080BFF34F8FBFF36F8F9BE7EC
:100E90002046FFF72FFA00F0A1F995E704ED00E0F6
:100EA0002DE9F0410C4605000FD0B4B1FFF7A2FBCD
:100EB0001C4EF1686B683268C81A002792F85220FD
:100EC0009AB1306880F852701AE0502080F311888F
:100ED000BFF34F8FBFF36F8FFEE7502080F3118871
:100EE000BFF34F8FBFF36F8FFEE72268B2F1FF3F72
:100EF00008D0D5F800C0366AB44509D08B4207D86F
:100F0000012400E00024FFF795FB2046BDE8F081B6
:100F1000824205D9101A20602846FFF767FCF1E7E6
:100F20002760EDE7980000202DE9FF5F8346DDE9AB
:100F30000E87994616468A469000FFF711FA05007B
:100F40001CD05420FFF70CFA040014D000202563B5
:100F500084F85100CDE90240CDE900874B46324686
:100F600051465846FEF7BFFF2046FEF767FE0120B8
:100F700004B0BDE8F09F2846FFF770FB4FF0FF304C
:100F8000F6E7F0B585B00546DDE90B040A9EA8B189
:100F9000E4B1542700972063022084F85100002018
:100FA000CDE9024004AF2846CDE90067FEF79BFF7C
:100FB0002046FEF743FE049805B0F0BD502080F3B4
:100FC0001188BFF34F8FBFF36F8FFEE7502080F380
:100FD0001188BFF34F8FBFF36F8FFEE7054841695C
:100FE00019B1006B18B10020704701207047022032
:100FF00070470000980000200148C068704700005A
:10100000980000202DE9F0412F4F0026386B28B1C1
:10101000B869401CB8613046BDE8F081FD686D1CC0
:10102000FD6013D1786B006838B1502080F31188CF
:10103000BFF34F8FBFF36F8FFEE7786BB96B7963A8
:10104000B863386A401C3862FFF7D2F8B86ADFF834
:101050007C80854209D3786B0068A0B1786BC0684A
:10106000C4686068854211D2B8623868C06A00EB13
:10107000800158F82100012800D90126F8690028CC
:10108000C9D00126C7E74FF0FF30EDE7201DFFF77D
:1010900055FAA06A18B104F11800FFF74FFAE06A98
:1010A00001213A6981401143396100EB800108EB6D
:1010B0008100211DFFF792FAE06A3968C96A884207
:1010C000C9D30126C7E7000098000020043400209F
:1010D00070B504004FF0000041D0214D29688C42CA
:1010E00007D0502080F31188BFF34F8FBFF36F8F6D
:1010F000FEE7A16C71B1491EA164636CE26A9A4279
:101100002DD000292BD1201DFFF718FA15490122F7
:1011100040B112E0502080F31188BFF34F8FBFF32E
:101120006F8FFEE7E06A00EB800351F8233023B9AC
:101130002B6902FA00F083432B61606CE062C0F11E
:101140000700A061E06A2B6982401A432A6100EB24
:10115000800001EB8000211DFFF740FA012070BDE7
:1011600098000020043400202DE9F041C068C468D4
:10117000ACB104F118000746FFF7E0F9154D286BF4
:101180000126A0B139461448FFF728FAE06A296819
:10119000C96A88421CD90120EE61BDE8F081502067
:1011A00080F31188BFF34F8FBFF36F8FFEE7201DD1
:1011B000FFF7C4F9E06A2A6906FA00F111432961D0
:1011C000054900EB8000B43901EB8000211DDBE70D
:1011D0000020E2E798000020B83400202DE9F04715
:1011E0002C4D00242746286B38B1FFF703FA286BF3
:1011F000401E2863286B40B146E0502080F31188E0
:10120000BFF34F8FBFF36F8FFEE7A8682249012617
:10121000D0B3A1F1B4098846D8F80010E9B1D8F8E4
:101220000C00C46804F11800FFF788F9201DFFF7CF
:1012300085F9E06A2A6906FA00F11143296100EB99
:10124000800109EB8100211DFFF7C8F9E06A2968D8
:10125000C96A8842E0D3EE61DEE70CB1FEF7C8FF51
:10126000AC693CB1FFF7CEFE00B1EE61641EF9D16E
:101270000020A861E86938B10849012738070860EB
:10128000BFF34F8FBFF36F8FFFF7D4F93846BDE838
:10129000F087000098000020B834002004ED00E042
:1012A00010B586B0FEF732FD114C2068B8B10020B1
:1012B0000390049005AA04A903A8FFF75DF9DDE9EE
:1012C000032102208DE8070000230AA10B48059A9C
:1012D000FFF757FE606010B106B0012010BD50202E
:1012E00080F31188BFF34F8FBFF36F8FFEE70000CD
:1012F000D4000020546D722053766300CD020108A3
:101300002DE9FF411F4603000A9E4FF0000015D053
:10131000134D2C68002C0ED08DE80E00062917DA2C
:10132000FFF75CFE02284FF000030FD00022694651
:101330002868FFF707FC04B0BDE8F081502080F377
:101340001188BFF34F8FBFF36F8FFEE73246EEE792
:1013500000233A4669462046FFF7A6FCEBE700006B
:10136000D400002021F00042A2F16052B2F5801FAB
:1013700001F0004328BFD2F17F6C0BD95FEA001C5B
:1013800043EAC20242EB507018BF704728BF20F0FA
:1013900001007047B2F5801FBCBF184670474FEA86
:1013A000410C1CF5001F02D2084600F0C1BD70B50B
:1013B00000F0FCFA00000089FFF7F6BF4FF0004094
:1013C000A0F580007047000010B591EA030F48BFF8
:1013D00083F0004300F15484841A71EB030C05D2AE
:1013E000121943EB0C03001B61EB0C01DFF824E145
:1013F0004FEA1154A4EB135C1EEA430F18BF9EEA98
:10140000445F73D023EA0E03DCF1200E21EA04517D
:1014100043F4801332D322FA0CFE10EB0E0023FAB1
:101420000CFE41EB0E01CCF1200E03FA0EFE10EB88
:101430000E0051F10001B1F5801FCCF1200E32D227
:1014400001EB045112FA0EF2BDE8104058BF70478C
:10145000401C38BF5FEA420218BF7047002814BF23
:1014600020F0010041F100014FEA410313F5001F94
:1014700038BF7047A1F1C04100F0E6BA012A43EB42
:101480000302ACF1200CDCF11F0E32BF4FF0000E56
:1014900023FA0CF310EB030041EB0451B4EB115FA2
:1014A000D0D0A1EB045101F5801149085FEA30006A
:1014B00001EB04510ED350F1000038BF12FA0EFEBA
:1014C00008D1BDE81040C9E7401C38BF5FEA4202BE
:1014D000CAD1C3E7BDE810404FEA410313F5001F2E
:1014E00038BF7047A1F1C04100F0AEBA9EEA445F38
:1014F00008D011EA5E0FBDE8104004BF01F00041C2
:1015000000207047BDE8104070B500F04FFA00BFF2
:1015100064FBBE3E0000E0FF491058BFC1F14041EE
:101520005B1058BFC3F140438B42EFF3008070471C
:101530002DE9C04130B4DFF8A0C23CEA111418BF55
:101540003CEA131400F0EC8081EA03051CEA111454
:1015500044EAD57418BF1CEA131500F0C780A4EB49
:1015600005044FF0004545EAC12145EAC32341EA9D
:10157000505143EA525304F17F74994204F5003408
:101580004FEAC0204FEAC22208BF904200F09C8080
:101590004FEA13650FF24016765D4FEA134506FBDE
:1015A00005F7C7F1807706FB07F74FEAD737A7FBA8
:1015B00003687642C8F58038A7FB06CE38BFA8F18D
:1015C000010807FB08E64FF0000EA6FB028CE6FBC5
:1015D00003CEDCF1000CCEF1004E38BFAEF1010EAF
:1015E000A6FB0C584FF000074FF00005E6FB0E87F6
:1015F000A1FB08C6A0FB07CE16EB0E0645F10005C1
:10160000E1FB076515F1E04E7EBFA4F580345FEA8B
:1016100046066D4116F1800745F100054FEA172790
:101620004FEA066647EA0567A6F1DE46B6F1805F37
:101630004FEA15251FD9384624F0010C05EBC4717B
:10164000BCF1FE6F01EB0C1102D8F0BCBDE80081CB
:1016500024425CBF01F5801E9EEAC47F02D4F0BC28
:10166000BDE80081244238D4F0BCA1F1C041BDE8FE
:10167000004100F0E9B94FEAD22242EA43524FEA70
:10168000D323A7FB02864FEAD02040EA415007FB54
:1016900003661EEA0E0F4FEAD12105FB026658BF12
:1016A000A6EB0056B6EB00564FEA520E4EEAC37E4A
:1016B00018EB0E0E56EB530EBDD518EB02085E412B
:1016C0007F1C55F10005B6E74FF480154FF0000779
:1016D0004FF000064FF00008ADE7F0BC4FF00000FF
:1016E00001F1C04101F00041BDE8008111EA0C1F89
:1016F0000CEA131500D00CE013EA0C1F00F0258053
:101700004FF00000F0BC81EA030101F00041BDE8A8
:101710000081F0BCBDE8004181EA030100F094B90A
:10172000F0BCBDE8004170B500F040F9097EFC3E18
:1017300000F007B881EA03014FF0000001F000411A
:10174000704781EA030100F07FB9F0BCBDE80041B9
:101750004FF0000021497047FFFDFBF9F7F5F4F267
:10176000F0EEEDEBE9E8E6E4E3E1E0DEDDDBDAD83C
:10177000D7D5D4D3D1D0CFCDCCCBCAC8C7C6C5C49A
:10178000C2C1C0BFBEBDBCBBBAB9B8B7B6B5B4B3B1
:10179000B2B1B0AFAEADACABAAA9A8A8A7A6A5A49C
:1017A000A3A3A2A1A09F9F9E9D9C9C9B9A99999860
:1017B0009797969595949393929191908F8F8E8E03
:1017C0008D8C8C8B8B8A8989888887878685858490
:1017D00084838382828181800000FF070000F87F7C
:1017E00051EA030C17D41CF5801F58BFBCF5801FAD
:1017F00000F10680994218BF704708BF90427047B9
:1018000007D711F5801F58BF13F5801F19D49942CF
:101810007047894270471CF5801F08D5BCF5801FB2
:10182000F7D58B4218BF704708BF824270474FF40C
:10183000001C1CEB410F38BF1CEB430F01D28B4245
:10184000704770B500F0B2F8922449004FF0005193
:101850004FF08053FFF760BEDFF848C170B51CEA57
:10186000111E1EBF1CEA13159EEA0C0F95EA0C0F01
:1018700000F06F8081EA030423EA4C134EEAD47E21
:1018800021EA4C1141F4801143F48013AE44A1FBD2
:10189000024CA0FB0365AEF17F7E361955EB0C05BB
:1018A000A1FB034C4CF10003A0FB021C16EB0C0641
:1018B000654153F10003094218BF46F0010613F4D5
:1018C000007F0BD14FEA03314FEA0530340341EA80
:1018D000155140EA16506FF003020AE04FEAC321A7
:1018E0004FEAC520F40241EA555140EA56506FF0E4
:1018F000020202EB2E4201EB025585EACE710AD0BC
:101900005FEA440C18BF24F0004450F1000041F19C
:10191000000120EAD47040F2FE7C624500D270BD26
:10192000A84214BF4FF080444FF04044002E08BF3F
:101930000024BEF1806FA8BFA1F1C041BDE8704096
:1019400080F282804FF0000001F1C04101F00041BF
:1019500070479EEA0C0F0CEA131518BF95EA0C0F9E
:1019600006D04FF0000081EA030E0EF0004170BD7A
:1019700000F01CF88900013E00F007B800F009B83B
:101980004FEA430C5FEA5C5C08D081EA030100F097
:101990005BB84FEA410C5FEA5C5CF6D14FF00000A7
:1019A000014970470000FF070000F87F0EF1020EAA
:1019B0002EF0030E5EF8046B364205D4012A43EB89
:1019C000030515F5001F12D8012841EB010C1CF589
:1019D000001F0CD80ED14FEAD17C15F5001F0CEB7F
:1019E0004C0C0CF1020C08BF4CEBD37C04E04FF024
:1019F000080C01E04FEAD37C0CEB4C0526FA05F607
:101A000006F00706B6F1040C06D20EEB860CBDE814
:101A100070404CF0010C6047DFE80CF0090B02024B
:101A20004FF000414FF00000A1F5002170BD1946B4
:101A30001046012851EB010418BFD4F5001484BFEF
:101A4000002001F0004170BD0808A0F500114FEA28
:101A50003101704753EA010C17D41CF5801F58BFA1
:101A6000BCF5801F00F106808B4218BF704708BF8D
:101A70008242704707D713F5801F58BF11F5801FAA
:101A800019D48B4270479B4270471CF5801F08D5C4
:101A9000BCF5801FF7D5994218BF704708BF904228
:101AA00070474FF4001C1CEB430F38BF1CEB410F79
:101AB00001D2994270470FB40CBC03BCFFF7C1BE02
:101AC00091EA030F10B581F000413FF585AC83F03A
:101AD000004300F0D5B800002DE9F04101F5801C6D
:101AE000BCF5001FC0F2A9804FEA115C21EA0C513D
:101AF0000CF1FD0C41F480115FEA5C0C0CF5C07C2C
:101B000001D34000494130A4890241EA9051870243
:101B10008E0E0A0CA45D04FB04F602FB06F6C6F169
:101B20004046A4FB0662F60D46EA422606FB06F492
:101B3000A4FB01235242C3F1404338BF5B1EA6FB06
:101B400002420024E6FB0324D20B42EA4446A6FBF1
:101B50000623A1FB02E2A3FB07E4E3FB614264422C
:101B6000C2F1404E38BFAEF1010EA6FB04234FF088
:101B70000002E6FB0E32A2FB03463400E2FB626485
:101B8000A1FB06E6A4FB07E8E4FB61687642C8F126
:101B9000405838BFA8F10108A2FB06E4A3FB08E502
:101BA000E2FB6854A1FB05E6A7FB04E8E1FB6486C1
:101BB00018F1200556F10006A809A8F11B08B10983
:101BC00008F03F08B8F10A0F40EA86601CD901EB23
:101BD0000C51BDE8F08100BFFCF5EEE8E2DDD8D3A2
:101BE000CFCBC7C3C0BDB9B6B4B1AEACA9A7A5A38E
:101BF000A19F9D9B9A9896959392908F8D8C8B899F
:101C00008887868584838281A0FB006800FB01F2BF
:101C100008EB4208B8EB872807D5341858EB0104C5
:101C2000D5D5401C51F10001D1E7341A78EB0104FD
:101C3000CDD4401E71F10001C9E75FEA4C0C5FEAA8
:101C40009C5C0DD105D34FF0000001F00041BDE8D0
:101C5000F081BDE8F04170B5FFF7A8FE6DDBFFBE77
:101C6000BDE8F0414FF00000004970470000F87FE8
:101C700010B591EA030F48BF83F000433FF5ACABCA
:101C8000841A71EB030C07D212198CF0004C43EB51
:101C90000C03001B61EB0C01DFF8A4E14FEA1154C7
:101CA000A4EB135C1EEA430F18BF9EEA445F00F0EA
:101CB000B08023EA6E03524221EA0451C3EB6E0363
:101CC00038BF5B1EDCF1200E25D322FA0CFE10EB90
:101CD0000E0043FA0CFE41EB0E01CCF1200E03FA8C
:101CE0000EFE10EB0E0051F10001CCF1200E29D4B4
:101CF00012FA0EF201EB0451BDE8104058BF7047D4
:101D0000401C1CBFB2F1004F704700280CBF491C9B
:101D100020F00100704712EB020E43EB030218BFE4
:101D20004FF0010E4EEA4202ACF1200CDCF11E0E27
:101D300054D943FA0CFE10EB0E0051F1FF31CCF1F7
:101D40001E0ED5D50EF1010E12FA0EFE404141EBEA
:101D5000010101EB445C5FEA5C5C10D910EBDE70C2
:101D600001EB045138BFBEF1004FBDE8104018BF71
:101D7000704700280CBF491C20F00100704730D28A
:101D80004FEAD42C11F5001124F400641BD0B1FAF1
:101D900081F20B3AA41AA41ED2F12003914030FA2A
:101DA00003F31943904001EBCC71002C01EB04517B
:101DB000BDE81040A8BF704701F1C0414FF00000DE
:101DC00001F000417047B0FA80F310FA03F100D13E
:101DD00010BDE41A173C4805C90AE4E701EB0451B9
:101DE00010BD491001EB0451BDE810404FEA30002E
:101DF00002E04FF0000170474A0008BF0042F8D0EF
:101E0000B2F5001F28BF704701F000414FF00000FD
:101E100070479EEA445F07D011EA5E0FBDE81040AC
:101E200004BF002100207047BDE8104070B5FFF7E7
:101E3000BDFD00BF40DFF63E83F000411046704715
:101E40000000E0FF43004FEAD30C4FEA3C0C434054
:101E50001FBF40070CF1605113F0FE4F70471CF09C
:101E6000006F03D100200CF0004170470CF00043DC
:101E700043EA507010B540EACC0000F00EF800BF05
:101E8000000000924FEA0001FFF7DEBD4FF0004175
:101E90004FF00000A1F5002170470EF1020E2EF068
:101EA000030E5EF8044B244204D44FEA4102B2F11F
:101EB0007F4F11D84FEA4003B3F17F4F0CD80ED1BA
:101EC0004FEAD07CB2F17F4F0CEB4C0C0CF1020CC2
:101ED00008BF4CEBD17C04E04FF0080C01E04FEA66
:101EE000D17C0CEB4C0324FA03F404F00704B4F1A6
:101EF000040C06D20EEB840CBDE810404CF0010C33
:101F00006047DFE80CF0070802024FF00040A0F540
:101F1000800010BD0846420018BFD2F1807288BF11
:101F200000F0004010BD4FF04070E1EE100A704725
:101F3000FF2141EAD050C00570470000342C010851
:101F4000C9B20008FFFF000000000000000100000F
:101F50000000000000000000702C0108DDB2000845
:101F6000030000000000000000040000000000006A
:101F700000000000602C0108B9B200080200000057
:101F80000000000000080000000000000000000049
:101F9000402C0108A9B20008000000000000000069
:101FA000000100000000000000000000282C0108D3
:101FB000EDB2000800000000000000000001000079
:101FC0000000000000000000502C0108FDB20008D5
:101FD00001000000000000000001000000000000FF
:101FE0000000000000061016000610160000000099
:101FF00000000000010203040607080900000000B9
:10200000010203040000803F000000000000000007
:10201000000000000000803F000000000000000001
:10202000000000000000803F0000000000000000F1
:10203000C3F51C410000803F0000000000000000CC
:102040000000803F0000803F000000000000000012
:102050000000000000000000000000000000000080
:102060000000803F000000000000000000000000B1
:102070000000000000000000000000000000803FA1
:102080000000000000000000000000000000000050
:1020900000000000000000000000803F0000000081
:1020A0000000000000000000000000000000000030
:1020B000000000000000803F000000000000000061
:1020C0000000000000000000000000000000000010
:1020D0000000803F005EBCE2613FDD83C29C7E2049
:1020E000A3FD1F419DC3217FFCA2401E5F01E3BDF4
:1020F0003E6082DC237D9FC1421CFEA0E1BF5D03E8
:1021000080DE3C62BEE0025CDF81633D7C22C09EDB
:102110001D43A1FF4618FAA427799BC584DA3866C7
:10212000E5BB5907DB856739BAE406581947A5FBB3
:102130007826C49A653BD987045AB8E6A7F91B45A7
:10214000C6987A24F8A6441A99C7257B3A6486D89B
:102150005B05E7B98CD2306EEDB3510F4E10F2AC87
:102160002F7193CD114FADF3702ECC92D38D6F3173
:10217000B2EC0E50AFF1134DCE90722C6D33D18F67
:102180000C52B0EE326C8ED0530DEFB1F0AE4C125B
:1021900091CF2D73CA947628ABF517490856B4EA47
:1021A0006937D58B5709EBB536688AD495CB297733
:1021B000F4AA4816E9B7550B88D6346A2B7597C927
:1021C0004A14F6A8742AC896154BA9F7B6E80A541B
:1021D000D7896B350000891112239B322446AD57F5
:1021E0003665BF74488CC19D5AAFD3BE6CCAE5DB5F
:1021F0007EE9F7F88110080193331A22A5562C477F
:10220000B7753E64C99C408DDBBF52AEEDDA64CB3E
:10221000FFF976E802218B30100299132667AF761A
:102220003444BD554AADC3BC588ED19F6EEBE7FA1E
:102230007CC8F5D983310A2091121803A7772E663E
:10224000B5543C45CBBD42ACD99E508FEFFB66EAFE
:10225000FDD874C904428D5316619F702004A915DE
:102260003227BB364CCEC5DF5EEDD7FC6888E199DE
:102270007AABF3BA85520C4397711E60A1142805FE
:10228000B3373A26CDDE44CFDFFD56ECE9986089BE
:10229000FBBB72AA06638F7214409D512225AB349A
:1022A0003006B9174EEFC7FE5CCCD5DD6AA9E3B89E
:1022B000788AF19B87730E6295501C41A3352A24BE
:1022C000B1163807CFFF46EEDDDC54CDEBB962A87E
:1022D000F99A708B088481951AA793B62CC2A5D35E
:1022E0003EE1B7F04008C919522BDB3A644EED5F6E
:1022F000766DFF7C899400859BB712A6ADD224C36E
:10230000BFF136E0C1184809D33B5A2AE55E6C4F4D
:10231000F77D7E6C0AA583B4188691972EE3A7F209
:102320003CC0B5D14229CB38500AD91B666FEF7E2D
:10233000744CFD5D8BB502A499961087AFF326E22D
:10234000BDD034C1C3394A28D11A580BE77F6E6E0D
:10235000F55C7C4D0CC685D71EE597F42880A191CD
:102360003AA3B3B2444ACD5B5669DF78600CE91DED
:10237000722FFB3E8DD604C79FF516E4A9902081ED
:10238000BBB332A2C55A4C4BD7795E68E11C680DCD
:10239000F33F7A2E0EE787F61CC495D52AA1A3B089
:1023A0003882B193466BCF7A5448DD59622DEB3CAD
:1023B000700EF91F8FF706E69DD414C5ABB122A0AD
:1023C000B9923083C77B4E6AD5585C49E33D6A2C8D
:1023D000F11E780F00000000920E493CB10AC93C82
:1023E0002BC3163D2EFB483D752B7B3D04A9963D26
:1023F00080B6AF3D36BDC83D2FBCE13D73B2FA3D5E
:1024000087CF093E8340163EB5AB223EA2102F3E39
:10241000CF6E3B3EC2C5473E0115543E135C603E45
:102420007F9A6C3ECCCF783EC07D823E938E883EB4
:10243000229A8E3E32A0943E86A09A3EE59AA03E15
:10244000128FA63ED47CAC3EEF63B23E2A44B83E27
:10245000491DBE3E15EFC33E53B9C93ECA7BCF3EB0
:102460004136D53E80E8DA3E4F92E03E7533E63E97
:10247000BBCBEB3EEA5AF13ECBE0F63E275DFC3E9D
:10248000E4E7003F3D9C033F824B063F9BF5083F3E
:102490006B9A0B3FDA390E3FCDD3103F2A68133FBA
:1024A000D9F6153FC07F183FC6021B3FD17F1D3FA5
:1024B000CBF61F3F9967223F25D2243F5636273F50
:1024C0001594293F4AEB2B3FDE3B2E3FBB85303F27
:1024D000C9C8323FF304353F233A373F4268393F9A
:1024E0003B8F3B3FF9AE3D3F67C73F3F70D8413F11
:1024F00001E2433F03E4453F65DE473F12D1493FD8
:10250000F8BB4B3F029F4D3F207A4F3F3D4D513F1F
:102510004918533F31DB543FE595563F5348583FE8
:102520006AF2593F1A945B3F532D5D3F05BE5E3FF3
:102530002146603F97C5613F5A3C633F59AA643FBB
:10254000880F663FD86B673F3CBF683FA7096A3F6B
:102550000C4B6B3F5E836C3F93B26D3F9ED86E3FDA
:1025600073F56F3F0809713F5213723F4714733F71
:10257000DD0B743F0BFA743FC6DE753F07BA763F3A
:10258000C58B773FF853783F9812793F9DC7793FC5
:1025900002737A3FBE147B3FCDAC7B3F283B7C3F30
:1025A000C9BF7C3FAC3A7D3FCCAB7D3F23137E3F20
:1025B000B0707E3F6DC47E3F580E7F3F6D4E7F3FB3
:1025C000AB847F3F0FB17F3F97D37F3F43EC7F3F8B
:1025D00011FB7F3F0000803F11FB7F3F43EC7F3FBB
:1025E00097D37F3F0FB17F3FAB847F3F6D4E7F3FDF
:1025F000580E7F3F6DC47E3FB0707E3F23137E3FF9
:10260000CCAB7D3FAC3A7D3FC9BF7C3F283B7C3F94
:10261000CDAC7B3FBE147B3F02737A3F9DC7793FB1
:102620009812793FF853783FC58B773F07BA763FCA
:10263000C6DE753F0BFA743FDD0B743F4714733FE2
:102640005213723F0809713F73F56F3F9ED86E3F7A
:1026500093B26D3F5E836C3F0C4B6B3FA7096A3FA3
:102660003CBF683FD86B673F880F663F59AA643FFD
:102670005A3C633F97C5613F2146603F05BE5E3FC0
:10268000532D5D3F1A945B3F6AF2593F5348583FC0
:10269000E595563F31DB543F4918533F3D4D513F7F
:1026A000207A4F3F029F4D3FF8BB4B3F12D1493F2D
:1026B00065DE473F03E4453F01E2433F70D8413FB9
:1026C00067C73F3FF9AE3D3F3B8F3B3F4268393FD5
:1026D000233A373FF304353FC9C8323FBB85303F0B
:1026E000DE3B2E3F4AEB2B3F1594293F5636273FC2
:1026F00025D2243F9967223FCBF61F3FD17F1D3F54
:10270000C6021B3FC07F183FD9F6153F2A68133F0A
:10271000CDD3103FDA390E3F6B9A0B3F9BF5083F44
:10272000824B063F3D9C033FE4E7003F275DFC3EB4
:10273000CBE0F63EEA5AF13EBBCBEB3E7533E63ECC
:102740004F92E03E80E8DA3E4136D53ECA7BCF3E2E
:1027500053B9C93E15EFC33E491DBE3E2A44B83E9B
:10276000EF63B23ED47CAC3E128FA63EE59AA03E0B
:1027700086A09A3E32A0943E229A8E3E938E883E48
:10278000C07D823ECCCF783E7F9A6C3E135C603E2B
:102790000115543EC2C5473ECF6E3B3EA2102F3EB0
:1027A000B5AB223E8340163E87CF093E73B2FA3D59
:1027B0002FBCE13D36BDC83D80B6AF3D04A9963D76
:1027C000752B7B3D2EFB483D2BC3163DB10AC93C02
:1027D000920E493C00000000920E49BCB10AC9BCEF
:1027E0002BC316BD2EFB48BD752B7BBD04A996BD22
:1027F00080B6AFBD36BDC8BD2FBCE1BD73B2FABD5A
:1028000087CF09BE834016BEB5AB22BEA2102FBE35
:10281000CF6E3BBEC2C547BE011554BE135C60BE41
:102820007F9A6CBECCCF78BEC07D82BE938E88BEB0
:10283000229A8EBE32A094BE86A09ABEE59AA0BE11
:10284000128FA6BED47CACBEEF63B2BE2A44B8BE23
:10285000491DBEBE15EFC3BE53B9C9BECA7BCFBEAC
:102860004136D5BE80E8DABE4F92E0BE7533E6BE93
:10287000BBCBEBBEEA5AF1BECBE0F6BE275DFCBE99
:10288000E4E700BF3D9C03BF824B06BF9BF508BF3A
:102890006B9A0BBFDA390EBFCDD310BF2A6813BFB6
:1028A000D9F615BFC07F18BFC6021BBFD17F1DBFA1
:1028B000CBF61FBF996722BF25D224BF563627BF4C
:1028C000159429BF4AEB2BBFDE3B2EBFBB8530BF23
:1028D000C9C832BFF30435BF233A37BF426839BF96
:1028E0003B8F3BBFF9AE3DBF67C73FBF70D841BF0D
:1028F00001E243BF03E445BF65DE47BF12D149BFD4
:10290000F8BB4BBF029F4DBF207A4FBF3D4D51BF1B
:10291000491853BF31DB54BFE59556BF534858BFE4
:102920006AF259BF1A945BBF532D5DBF05BE5EBFEF
:10293000214660BF97C561BF5A3C63BF59AA64BFB7
:10294000880F66BFD86B67BF3CBF68BFA7096ABF67
:102950000C4B6BBF5E836CBF93B26DBF9ED86EBFD6
:1029600073F56FBF080971BF521372BF471473BF6D
:10297000DD0B74BF0BFA74BFC6DE75BF07BA76BF36
:10298000C58B77BFF85378BF981279BF9DC779BFC1
:1029900002737ABFBE147BBFCDAC7BBF283B7CBF2C
:1029A000C9BF7CBFAC3A7DBFCCAB7DBF23137EBF1C
:1029B000B0707EBF6DC47EBF580E7FBF6D4E7FBFAF
:1029C000AB847FBF0FB17FBF97D37FBF43EC7FBF87
:1029D00011FB7FBF000080BF11FB7FBF43EC7FBFB7
:1029E00097D37FBF0FB17FBFAB847FBF6D4E7FBFDB
:1029F000580E7FBF6DC47EBFB0707EBF23137EBFF5
:102A0000CCAB7DBFAC3A7DBFC9BF7CBF283B7CBF90
:102A1000CDAC7BBFBE147BBF02737ABF9DC779BFAD
:102A2000981279BFF85378BFC58B77BF07BA76BFC6
:102A3000C6DE75BF0BFA74BFDD0B74BF471473BFDE
:102A4000521372BF080971BF73F56FBF9ED86EBF76
:102A500093B26DBF5E836CBF0C4B6BBFA7096ABF9F
:102A60003CBF68BFD86B67BF880F66BF59AA64BFF9
:102A70005A3C63BF97C561BF214660BF05BE5EBFBC
:102A8000532D5DBF1A945BBF6AF259BF534858BFBC
:102A9000E59556BF31DB54BF491853BF3D4D51BF7B
:102AA000207A4FBF029F4DBFF8BB4BBF12D149BF29
:102AB00065DE47BF03E445BF01E243BF70D841BFB5
:102AC00067C73FBFF9AE3DBF3B8F3BBF426839BFD1
:102AD000233A37BFF30435BFC9C832BFBB8530BF07
:102AE000DE3B2EBF4AEB2BBF159429BF563627BFBE
:102AF00025D224BF996722BFCBF61FBFD17F1DBF50
:102B0000C6021BBFC07F18BFD9F615BF2A6813BF06
:102B1000CDD310BFDA390EBF6B9A0BBF9BF508BF40
:102B2000824B06BF3D9C03BFE4E700BF275DFCBEB0
:102B3000CBE0F6BEEA5AF1BEBBCBEBBE7533E6BEC8
:102B40004F92E0BE80E8DABE4136D5BECA7BCFBE2A
:102B500053B9C9BE15EFC3BE491DBEBE2A44B8BE97
:102B6000EF63B2BED47CACBE128FA6BEE59AA0BE07
:102B700086A09ABE32A094BE229A8EBE938E88BE44
:102B8000C07D82BECCCF78BE7F9A6CBE135C60BE27
:102B9000011554BEC2C547BECF6E3BBEA2102FBEAC
:102BA000B5AB22BE834016BE87CF09BE73B2FABD55
:102BB0002FBCE1BD36BDC8BD80B6AFBD04A996BD72
:102BC000752B7BBD2EFB48BD2BC316BDB10AC9BCFE
:102BD000920E49BC00000080555555555555C53FCE
:102BE0007D6FEB0312D6D4BF5544880E55C1C93F43
:102BF0003B8F68B52882A4BF88B20175E0EF493FDA
:102C000009F7FD0DE13D023F4B2D8A1C273A03C019
:102C1000C88A599CE52A004059018D1B6C06E6BF05
:102C200082922EB1C5B8B33F5265665F5461736B33
:102C300000000000436865636B5F5461736B0000C4
:102C4000426F6172645F43616E5F5461736B000039
:102C500053757065725F4361705F5461736B000000
:102C6000436861737369735F5461736B00000000A4
:102C7000496E735F5461736B000000009C2C010867
:102C800000000020A80B0000C4010008A0310108CA
:102C9000A80B0020A0B90000200200080124137D29
:102CA000C51B08AD041AB9041AE104130DC61B08AC
:102CB0005D081A89041704030904120114020202B0
:102CC000164083044057260201020301031A1A0327
:102CD0001325101B0821041A1D041A49041A610443
:102CE0001933118210037524F41AAA018114810189
:102CF00082130A0632022A409C1C090243DB11257A
:102D0000C03209041B01020B13052416100105240F
:102D10000110090104240202052406170107058297
:102D20000308151009040133020A2E0705010240A9
:102D3000072A8107111325C2140895C01408CBC3B4
:102D400042081329C11408E1BF1B085714C11AA96E
:102D5000181A6D041AE9041A6104311983437017B3
:102D60000009103333EB3A58A08B3A157D04017CEF
:102D7000100F0240AB034101055308065804070F2A
:102D8000160810810911160A15800B1605320C1849
:102D9000010D1A40B729041159040B14803F1C2956
:102DA00018691C39080911347924091118A9140962
:102DB0002A30290439847995C918A904092AC469D3
:102DC0001C094AC4A9A8E918E91CE9C46930E9D07A
:102DD0006918691C0912E409169CA988A904012034
:102DE000A990E980A984A97028F34040D5CAA8C059
:102DF00046B1124148A7BF4079E9B9C04ED158C188
:102E000081048C40CF66F3C02F6E66412B59174169
:102E100017BC0CC15530ACC139D6994027C25DC131
:102E200067041BC2F65755C2BA093D42362B9DC1F5
:102E30007A25BF42F870CDBFA12D16C1865A71C147
:102E40007DAE2C41DE8EB0C0772DC34189EFA5C089
:102E500048BF3042C4713042F62807C23C3DD641DB
:102E6000FFE17AC262D841BE3541CC3F992ACC3FBE
:102E700041F3013FFCFB26402AA939C06F01C9C1BB
:102E8000FCA94DC1DC4B0C4039B4C341C73A41C227
:102E90006ACDC541CEAA05C0F2D0F7BE72DC69404A
:102EA0004BB0A03F45F041C085B699C0F5B9FE4191
:102EB0000C3381C2D12272438D379A429A08C5C120
:102EC000D96E8FC35C77FB3F772DE1C06F12B141A4
:102ED000B29104411F4B95C0098ABBC1F029EC296E
:102EE000F429E829F029F829F029EC29F429E8291E
:102EF000F029F819F01A41EC1A42F41A42E81AC201
:102F0000F01A41F81AC2F01A3FEC1A41F41A41E8DB
:102F10001AC1F01A40F82AC1C029BC29C429B8290D
:102F2000C029C829C029BC29C429B829C029C82852
:102F30003189EFA5C0C471304248BF3042FFE17A09
:102F4000C23C3DD641F62807C262D841BE992ACC80
:102F50003F3541CC3F2AA939C0FCFB264041F30153
:102F60003FF029EC29F429E829F029F829F029EC87
:102F700029F429E829F029F81890E78A2E3F035B05
:102F80007FC02AD702415B946D40D28F723FF90F08
:102F900023C19BAC913F581CBEC083512841249C47
:102FA000AC40CBBE0540F54A5AC1B9FC28C1C8980F
:102FB00025C16FB02742948724414636B341704EF5
:102FC0004EC28A59DFBF83341BC059E90441B8237C
:102FD0001040FF04AE40C3F014C15A642D4058A8FD
:102FE0004241ACA8EDC027421EC1BADAD3C170314C
:102FF0001F41CA8C323D5B60633FD32D7BBED8F14D
:10300000E7BE252303C0490E20A41A9368285B2835
:10301000C1836F3D428048244131084A410349330E
:10302000C2C37FC23E1F4BC7BEA3AF04403B8ECF7F
:103030003ED89FEC3E8E9469BFD9BDB741A1D6BFA3
:10304000C1815529C24D04AB41787AB44192DCABC1
:103050004134112040252381C0B49351C09E246F78
:103060004070B17240931A4A3EF029EC29F429E8E5
:1030700029F029F829F029EC29F429E829F029F880
:1030800019F01A41EC1AC2F429E81A42F01AC1F8F0
:103090001AC1F01A3FEC1AC1F429E81A41F01AC01B
:1030A000F82AC0C029BC29C429B829C029C829C008
:1030B00029BC29C429B829C029C828315A642D40FF
:1030C000ACA8EDC058A8424170311F41BADAD3C153
:1030D00027421EC1CA8C323DD32D7BBE5B60633F4D
:1030E000490E203F252303C0D8F1E7BEF029EC2983
:1030F000F429E829F029F829F029EC29F429E8290C
:10310000F029F82819FFB27BBCBF9C393E02891D0B
:10311000A73A3B59BECD4360273C223C27182D4D92
:10312000E9A6A61C280987B40627EE373326200017
:103130001912465FC1BD0FFC8E27504BB6261FE00B
:10314000D2A7BBB40BA7F07208A70364204213E810
:10315000A1142030A2122012AC1B2018041A300433
:103160001A6004811809295CCF3F17B7D13904AA26
:10317000380C012ACB803F0CC910A5CDCCCC3D2307
:10318000FA449AC8F8A92C013B2C50C3476809128D
:103190000409531C19C4091A1C01FF014D00000049
:040000050800018965
:00000001FF
