:020000040800F2
:1000000008BD002031030008B97A000881590008B2
:1000100017790008210D0008D3B700080000000080
:100020000000000000000000000000007102000855
:10003000E517000800000000CD0200084993000801
:100040004B0300084B0300084B0300084B03000858
:100050004B0300084B0300084F1800084B0300082F
:100060004B030008551800085B1800084B030008F4
:10007000291500084B0300084B0300084B03000838
:100080004B0300084B0300084B0300084B03000818
:10009000450D00084B0300084B03000861180008D9
:1000A0004B0300084B0300084B0300084B030008F8
:1000B00075960008819600084B0300084B03000862
:1000C0004B0300084B0300084B0300084B030008D8
:1000D0004B0300084B0300084B0300086D9C00080D
:1000E0004B0300084B0300084B0300084B030008B8
:1000F0004B0300084B0300084B0300084B030008A8
:100100004B0300084B0300084B0300084B03000897
:100110004B0300084B0300084B0300084B03000887
:100120004B03000835150008411500084D1500085F
:100130004B0300084B0300084B0300084B03000867
:100140004B030008510D00084B030008F57C000824
:10015000591500086515000871150008819C0008F4
:100160004B0300084B0300084B0300084B03000837
:100170004B0300084B0300084B030008000000007D
:100180004B0300084B03000800F002F800F060F891
:100190000AA090E8000C82448344AAF10107DA45E2
:1001A00001D100F055F8AFF2090EBAE80F0013F0D4
:1001B000010F18BFFB1A43F001031847C8040100E0
:1001C000E80401000A444FF0000C10F8013B13F062
:1001D000070408BF10F8014B1D1108BF10F8015BA0
:1001E000641E05D010F8016B641E01F8016BF9D193
:1001F00013F0080F1EBF10F8014BAD1C0C1B09D1EA
:100200006D1E58BF01F801CBFAD505E014F8016B5B
:1002100001F8016B6D1EF9D59142D6D370470000ED
:100220000023002400250026103A28BF78C1FBD8FF
:10023000520728BF30C148BF0B6070471FB50FF091
:100240001AFB9DE8030000F047FA1FBD10B510BD72
:1002500000F0AEFA1146FFF7F1FF0DF0C1F800F023
:10026000CCFA03B4FFF7F2FF03BC00F0FDFA000084
:100270002C4B19680868B0E8F04F80F30988BFF389
:100280006F8F4FF0000080F311887047000000006E
:1002900008480068006880F308884FF0000080F389
:1002A000148862B661B6BFF34F8FBFF36F8F00DF64
:1002B00000BF00BF08ED00E0DFF80C00016841F46A
:1002C00070010160704700BF88ED00E0EFF3098026
:1002D000BFF36F8F134B1A681EF0100F08BF20ED8D
:1002E000108A20E9F04F106009B44FF0500080F3FD
:1002F0001188BFF34F8FBFF36F8F0DF0C3FF4FF027
:10030000000080F3118809BC19680868B0E8F04F54
:100310001EF0100F08BFB0EC108A80F30988BFF3FD
:100320006F8F70479C000020EFF30580704700003E
:100330000948804709480047FEE7FEE7FEE7FEE779
:10034000FEE7FEE7FEE7FEE7FEE7FEE704480549B5
:10035000054A064B7047000009940008890100080F
:1003600008A9002008BD002008B9002008B9002015
:1003700070B5064600F094F9056806F10B0020F010
:100380000704B4429CBF002070BD2B466A68BAB116
:100390001068A04210D304F1080188423CBF5068A5
:1003A000586007D35168101941601168091B01603A
:1003B00058601460101D70BD13465268002AE7D1C2
:1003C0002146284600F074F90028DED170BD70B5D2
:1003D0000446051F00F064F90068002C14BF44684F
:1003E00070BD002C18BFAC423CBF20466468F8D3F7
:1003F00001680A18AA4218BF456003D12A68054659
:100400001144016028684119A1421CBF6C6070BD95
:100410006168696021680844286070BD53EA020C75
:1004200000F069802DE9F04B4FF00006002B1FBF54
:10043000B3FA83F503FA05F424FA05F65E4012BF19
:100440001643B2FA82F502FA05F4C5F120051EBF83
:1004500022FA05FC44EA0C04203556EA044C4FEA23
:10046000144418BF641C4FF000084FF0000990427C
:1004700071EB030C39D3002919BFB1FA81F701FAE6
:1004800007F6B0FA80F700FA07F6C7F120071EBF9B
:1004900020FA07FC46EA0C062037B6FBF4FCA7EB73
:1004A0000507103F07F01F0BCBF120060CFA0BFBE2
:1004B0002CFA06F644BFB3460026202FA4BF5E46A2
:1004C0004FF0000B5BEA060C08BF4FF0010B19EB75
:1004D0000B09ABFB027C48EB0608C01B06FB02CCF9
:1004E0000BFB03CC71EB0C01C1E70B460246414606
:1004F0004846BDE8F08B13B54FF000004FF0000107
:10050000AFF30080BDE81C407047032A40F2308002
:1005100010F0030C00F0158011F8013BBCF1020F44
:10052000624498BF11F801CB00F8013B38BF11F8C5
:10053000013BA2F1040298BF00F801CB38BF00F8DC
:10054000013B11F0030300F02580083AC0F0088059
:1005500051F8043B083A51F804CBA0E80810F5E73D
:10056000121D5CBF51F8043B40F8043BAFF3008020
:10057000D20724BF11F8013B11F801CB48BF11F895
:10058000012B24BF00F8013B00F801CB48BF00F865
:10059000012B704710B5203AC0F00B80B1E818501D
:1005A000203AA0E81850B1E81850A0E81850BFF45D
:1005B000F5AF5FEA027C24BFB1E81850A0E81850FC
:1005C00044BF18C918C0BDE810405FEA827C24BF50
:1005D00051F8043B40F8043B08BF7047D20728BFDE
:1005E00031F8023B48BF11F8012B28BF20F8023B2D
:1005F00048BF00F8012B704702F0FF0343EA0322D3
:1006000042EA024200F002B84FF000020429C0F0B2
:10061000128010F0030C00F01B80CCF1040CBCF134
:10062000020F18BF00F8012BA8BF20F8022BA1EB86
:100630000C0100F00DB85FEAC17C24BF00F8012B6B
:1006400000F8012B48BF00F8012B70474FF0000263
:1006500000B5134694469646203922BFA0E80C50B8
:10066000A0E80C50B1F12001BFF4F7AF090728BF93
:10067000A0E80C5048BF0CC05DF804EB890028BF0F
:1006800040F8042B08BF704748BF20F8022B11F038
:10069000804F18BF00F8012B7047704770477047B4
:1006A00000487047ACA800207047704770477047FB
:1006B00038B504460A4600206946AFF3008000289A
:1006C00008BF38BD02460099204600F04FF80120CF
:1006D00038BD012000F064B8F8B5AFF300800546DE
:1006E00000200C46102000BF0646A819A0420DD9D4
:1006F000324669460020AFF30080070008BF00F0D3
:100700004FF80098A04218BF0546C419FFF7C8FF6C
:1007100005600746F01D20F007004619284600F046
:100720000AF8B44208BFF8BDA21B31463868BDE8DC
:10073000F84000F01BB800210160C0E901107047CB
:100740001020704710B500F00DF8006810BD10B50E
:10075000044600F007F8046010BD00000048704730
:10076000A4A8002000487047A4A8002003464068C1
:100770008C46002818BF88423CBF03464068F8D327
:1007800018681844884207D00CF1030020F00700D5
:10079000001D411A521A0146081D0A60FFF717BED4
:1007A00010B500F039F8BDE8104000F02FB87047E0
:1007B0007546FFF7D3FFAE4605006946534620F065
:1007C0000700854618B020B5FFF7C0FDBDE8204002
:1007D0004FF000064FF000074FF000084FF0000BFD
:1007E00021F00701AC46ACE8C009ACE8C009ACE8B0
:1007F000C009ACE8C0098D46704710B50446AFF398
:1008000000802046BDE81040FFF72BBD002801D036
:1008100000F02AB87047000010B5012805D000216B
:1008200003A000F027F8012010BD09A1F8E700009F
:1008300053494752544D454D3A204F7574206F66C9
:100840002068656170206D656D6F72790000000031
:100850003A2048656170206D656D6F727920636F15
:10086000727275707465640001491820ABBEFEE7B2
:100870002600020070B505460C460A2000E06D1CFB
:1008800000F011F835B128780028F8D102E0641C96
:1008900000F009F814B120780028F8D1BDE87040C4
:1008A0000A20AFF3008008B569468DF800000320E8
:1008B000ABBE08BD10B506490120064C087002E029
:1008C00001200CF0D3FD20780028F9D010BD0000E5
:1008D000B0040020BE04002008F02CBC0D4A1278A1
:1008E000002A15D04278002A12D050F8022FDFEDEE
:1008F0000A0A00EE102A20EE200ADFED080A81ED38
:10090000080AC06800EE100A20EE200A81ED090AEC
:1009100070470000C0040020E12E6542E12E65C250
:1009200001221021014802F0A5BD00000000024094
:1009300000221021014802F09DBD0000000002408D
:1009400001221146014802F095BD0000000402405A
:1009500000220121014802F08DBD00000004024088
:1009600070B50446FFF7E4FF922000F02DF906224F
:100970006549122000F00AF9FFF7D2FF624DA5F198
:100980001C0668782978000200B2084300EE100ABD
:10099000D6ED030AB8EEC00A60EE200A94ED080A0C
:1009A00060EE800AC4ED000AE878A978000200B27F
:1009B000084300EE900AB8EEE01AD6ED030A21EEE5
:1009C000201A21EE001A84ED011A687929790002B3
:1009D00000B2084301EE100A3081B8EEC11A61EE90
:1009E000200A20EE800A84ED020AFFF7B1FF0822F8
:1009F0002946002000F0CAF8FFF7A2FF28780F2848
:100A00005AD1F078A9780028E8784FEA002000B29F
:100A100040EA01002BD000EE100AD4ED090AB8EE2E
:100A2000C01A96ED040A51EE000AC4ED030A687973
:100A30002979000200B2084300EE900A94ED0A1AE8
:100A4000F8EEE00A10EE801A84ED041AE879A9792C
:100A5000000200B2084300EE900A308194ED0B1AB8
:100A6000F8EEE00A10EE801A84ED051A24E000EE9C
:100A7000100AF8EEC00A96ED040A60EE800AC4ED92
:100A8000030A68792979000200B2084300EE900A4F
:100A9000F8EEE00A60EE800AC4ED040AE879A9796C
:100AA000000200B2084300EE900A3081F8EEE00A3E
:100AB00020EE800A84ED050AFFF73AFFA22000F03D
:100AC00083F802221049222000F060F8FFF728FF87
:100AD00028786978C00040EA51103081B0F5806F05
:100AE00002DBA0F500603081B6F90800B4EE001A10
:100AF00000EE100AF8EEC00AB3EE070A00EE810A13
:100B000084ED070A70BD0000C401002070B50D46D9
:100B10001649174C08600020A0700CF0F5F9A17878
:100B20000843A0700CF084FAA1780843A0701DB1AE
:100B3000104800F0ABF916E00E489FED0F0A80ED6B
:100B4000090A9FED0E0A80ED0A0A80ED0B0A9FED5F
:100B50000C0A80ED0C0A9FED0B0A80ED080A9FED50
:100B60000A0A80ED060AA07870BD0000F00100209E
:100B7000A801002000910020AC38223BB016CE39ED
:100B80003F161B41C48B813F0000204270B51446C4
:100B90000D4640F0800000F017F806E0552000F008
:100BA00013F8641E05F8010BE4B2002CF6D170BDF9
:100BB00010B50C4640F0800000F006F8552000F01B
:100BC00003F8207010BD000001B582B04FF47A70B8
:100BD00000900548012301AA02A9006803F0DCFE89
:100BE0009DF804000EBD0000F001002010B50C4679
:100BF000FFF7EAFF2046BDE81040FFF7E5BF000021
:100C000010B506490120064C087002E001200CF0E6
:100C10002DFC20780028F9D010BD00001805002018
:100C2000BE04002010B508F0CDFA08F005FABDE8C2
:100C3000104008F041BAB6EE002A92ED020AB0EE7A
:100C4000421AD2ED030A00EE401AD0ED001AD0EDA0
:100C5000013A00EEE01A21EE213A92ED011AD2EDAE
:100C6000001A61EE002A41EEE02A61EE200A41EE10
:100C7000800A02EEA33A90ED020AF0EE002A00EE9E
:100C8000803A23EE220A81ED000AD2ED010AD2ED6C
:100C9000021A92ED001A92ED030A20EEA13AD0ED6D
:100CA000003A90ED014A01EE003A23EE233AF0EECD
:100CB000423A40EEE03A40EE403A21EE800A01EE40
:100CC000600A03EE843AD0ED020A00EE203A23EEE9
:100CD000220A81ED010AD2ED010AD2ED031A92ED4A
:100CE000020A92ED001A20EEA13A60EE211AD0ED30
:100CF000003A00EEE02A01EE403A41EE201A90ED73
:100D0000011A00EE402A23EE233A90ED020A01EE8A
:100D1000813A02EE003A23EE220A81ED020A704780
:100D2000FEE70000024900200968C8637047000020
:100D30004C0F0020024A136898621068C163704724
:100D40004C0F0020014801F0E6BD0000480D0020D6
:100D5000014801F0E0BD0000700D002010B58AB020
:100D600000200124CDE9060408940090019002902F
:100D700003900590049069460D4801F0B5FC0C48BD
:100D800002F04BF802210A4801F034FC0E200990D1
:100D9000CDE904406946074801F0A6FC054802F089
:100DA0003CF81021034801F025FC0AB010BD0000FA
:100DB000480D0020700D0020002070470020704773
:100DC00010B500220449054809F04AF904490348CE
:100DD00009F039F9002010BD74260020941200207B
:100DE000741E002010B504460146054809F02BF991
:100DF000204608F015F8024809F0FEF8002010BD62
:100E000094120020002070470A46094910B5D1F815
:100E1000BC12D1F8141209B1012010BD01460448DA
:100E200009F01EF9BDE81040014809F093B900002F
:100E30009412002010B502004FF6FF700BD0064C44
:100E4000491E08D312F8013B4340DBB234F813309B
:100E500083EA1020F4E710BD14FB000830B50C46FF
:100E6000050011D0022C0FD9A11EFFF7E3FF2919AD
:100E7000C2B211F8023C9A4206D111F8011CB1EB42
:100E8000102F01D1012030BD002030BD2DE9F04FE1
:100E900004462DED048B89B000200090019000F0F5
:100EA0000FFCEB4E02AF0DF1140886ED050A4FF072
:100EB0007C5BDFF8A093DFF8A0A300F001FCD6ED87
:100EC000050AE64930EE600A10EE100A884212DD8B
:100ED0009FEDE30A84ED090A9FEDE20A84ED0A0A18
:100EE00084ED0B0A9FEDE00A84ED0C0A9FEDDF0A0A
:100EF00084ED060A87E19FEDDE0A00F0A5FB9FED79
:100F0000DD0A002584ED0C0A84ED090A84ED0A0A45
:100F100084ED0B0AF8E0FFF70BFD9220FFF754FE7B
:100F2000062269461220FFF731FEFFF7F9FC9DF813
:100F300001009DF80010000200B2084300EE100A04
:100F4000D6ED030AB8EEC00A20EE200A84ED000AAE
:100F50009DF803009DF80210000200B2084300EE65
:100F6000900A96ED031A20EE000AF8EEE00A60EE11
:100F7000810AC4ED010A9DF805009DF804100002E5
:100F800000B2084301EE900A00EEA00AF8EEE11A62
:100F900021EE811A84ED021A01EE010A0BF00DF91F
:100FA000B0EE408A94ED0C0A30EE080A84ED0C0A8B
:100FB000FFF7CEFC082269460020FFF7E7FDFFF7A8
:100FC000BFFC9DF800000F2840D19DF803009DF85C
:100FD0000210000200B2084300EE100AF8EEC00A48
:100FE00096ED040A60EE800AC4ED030A94ED091A36
:100FF00071EE200AC4ED090A9DF805009DF8041061
:10100000000200B2084300EE900AF8EEE00A60EE3B
:10101000800AC4ED040A94ED0A1A71EE200AC4EDA8
:101020000A0A9DF807009DF80610000200B2084366
:1010300000EE900AF8EEE00A20EE800A84ED050A40
:10104000D4ED0B0A30EE800A84ED0B0A002D7CD023
:10105000B4EEC98AF1EE10FA01DDB0EE489AB4EEB2
:10106000E88AF1EE10FA01D2F0EE488A00204246FA
:1010700004EB800191ED030A07EB8001D1ED000A3A
:10108000B4EEE00AF1EE10FA01DD81ED000A02EBA8
:101090008001D1ED000AB4EEE00AF1EE10FA01D2BF
:1010A00081ED000A401CC0B20328E1D339EE680A82
:1010B0000020414686ED060A4A4607EB8003D3ED41
:1010C000000A01EB800393ED001A02EB8003401C41
:1010D00070EEC10AC0B20328C3ED000AEDD310EED2
:1010E000100A584514DC11685046814210DC5168E2
:1010F00081420DDCD9F80810514509DC9FED5E0AEC
:1011000000F0A2FA6D1CADB2F0888542FFF403AF87
:10111000F288D4ED0C0A00EE102A0020B8EE400A46
:1011200080EE801A84ED0C1A00EE102A04EB800188
:10113000401CB8EE400AD1ED090AC0B2032880EE87
:10114000801A81ED091AEFD300E069E0FFF7F0FBA8
:10115000A220FFF739FD022269462220FFF716FD83
:10116000FFF7DEFB9DF800009DF80110C00040EA8B
:101170005110B0F5806F01DBA0F5006000EE100AA1
:10118000B4EE001AF8EEC00AB3EE070A00EE810AC8
:1011900084ED060AB088401CB080B06958453FF71E
:1011A0008CAE94ED0C0ADFED350A30EE600AB0EE3D
:1011B000C00A10EE100A5845F1DCD9F8002051465B
:1011C00048468A42EBDC42688A42E8DCD9F80800EB
:1011D0005045E4DC94ED090A2948B0EEC00A10EE4F
:1011E000101A8142DBDC94ED0A0AB0EEC00A10EE60
:1011F000101A8142D3DC94ED0B0AB0EEC00A10EE57
:10120000101A8142CBDC94ED0C0ADFED1E0A80EE51
:10121000801A84ED081A09B0BDEC048BBDE8F08F8C
:10122000B0EE489AF0EE488A0020414604EB800276
:1012300092ED030A07EB800282ED000A01EB8002C7
:10124000401CC0B282ED000A0328EFD32EE7000055
:10125000A8010020F49000209A99193E0000204136
:10126000AC38223BB016CE393F161B41000020425D
:101270000AD7A33B000000006F12033ACDCC1C41FB
:101280000AD7233CC3F51C4130B587B00546002082
:1012900000910290CDE903021C468DF8140002E093
:1012A00001200CF0E3F8284601F01FFB0028F7D0DE
:1012B000012322466946284601F0AEF980B1022397
:1012C00022466946284601F0A7F948B10423224680
:1012D0006946284601F0A0F910B1012007B030BDE1
:1012E0000020FBE770B5467802250322104B01244D
:1012F0002EB1067800206EB10870187070BD0D48D0
:101300001C70807A022811D003280DD00128F5D155
:101310000D7070BD08481D70C079C0F3011028B170
:10132000012801D00228F4D10A7070BD0C7070BD84
:10133000BC04002028A8002094A6002010B5D0E905
:1013400000348268A34201D1521C04E0521E826024
:10135000002A01DC0022826043608A4203DB491ECE
:101360008160012010BD002010BD00002DE9F0417A
:101370000AF088FA114C124D124E134F02E0012070
:101380000CF074F8207829780840317808403978D2
:101390000842F4D04FF4FA600CF068F80B4C04E00B
:1013A00007F08CFC01200CF061F820780028F7D0C1
:1013B000074901208870BDE8F0810000B0040020DA
:1013C000B4040020CB04002018050020550600209E
:1013D000BC04002070B50D46044614211D48FFF7DB
:1013E000ADFF607014211C48FFF7A8FF2070142186
:1013F00005F19400FFF7A2FFA070142105F1AC00E5
:10140000FFF79CFFE070142105F1C400FFF796FF81
:101410002071142105F13800FFF790FF607114214D
:1014200005F17C00FFF78AFFA07161782278E378EC
:1014300001EB4201A278520202EB8322114422798D
:1014400001EBC221627901EB023101EB40302081D6
:1014500070BD000040A8002088A6002010B50749F4
:101460000748FFF7B7FF07490548FFF73BFF044868
:1014700000F086FABDE810400AF010BA48A7002034
:10148000F89A0020BD04002070B50C462DED028BAB
:1014900005469FED168A90ED020AF0EE480A00F02C
:1014A000CBFA134EDFED138AB0EEC00A86ED040AC4
:1014B00095ED020AF0EE680A00F0BEFAB0EEC00A3E
:1014C00086ED050AD6ED040AF4EEC00AF1EE10FA34
:1014D00002D884ED018A01E0C4ED018A94ED010A8D
:1014E00085ED070ABDEC028B70BD0000513A0BC0C0
:1014F000C0040020C023763F1CB5FF228DF80020D9
:101500008DF801208DF804208DF802208DF805203B
:101510008DF803208DF80620FB228DF807206B46FE
:101520000822FFF7B1FE1CBD014801F029BD0000F3
:1015300074110020014801F023BD0000D4110020E7
:10154000014801F01DBD0000440E0020014801F0DB
:1015500017BD0000A40E0020014801F011BD0000DD
:1015600014110020014801F00BBD000034120020CE
:10157000014801F005BD0000B410002001681823E7
:10158000CAB2103AB2FBF3F2054B6FF30901032A1A
:101590009B5CC36500D9091D816508467047000042
:1015A00034F9000810B5014600208B698A6A4FF0B3
:1015B000C07453B1B3F5005F15D072B1012A0CD0DD
:1015C000022A0AD0032A09D104E01AB1012A06D05E
:1015D000022A03D1C96AC90100D5012010BDC96A18
:1015E000A142FAD010BD002AF7D0012AF2D0022A77
:1015F000F3D0032AF3D010BD30B50468256825F474
:1016000080252560046863608368402B036803D0ED
:1016100099600068C26030BD9A600068C16030BDEA
:10162000074808B5406800900146064802699142A3
:1016300002D2C168491CC1600099016108BD000067
:10164000001000E0100600200A4841680A4AD2ED66
:10165000000A4268521AF8EE601A01EE102AB8EE3B
:10166000411A60EE211AB4EEE11AF1EE10FAF0D34D
:1016700070470000001000E01006002000B50E4981
:101680002DED028B81B0496800910168009A511AD2
:1016900000EE101A0949F8EE400A91ED000A0260C6
:1016A000B8EE400A80EE808AFFF7BAFF01B0B0EED4
:1016B000480ABDEC028B00BD001000E010060020BF
:1016C00010B500F043F80C489FED0C1A818890ED9E
:1016D000000A00EE901AC088B8EE400AF8EE600AE0
:1016E00000EE810A00EE900A9FED051AF8EE600AFE
:1016F00000EE810A10BD0000400600206F12833A00
:10170000BD3786350D490A6842F080720A600C497F
:1017100000224A600B6843F001030B6009494FF453
:101720007A734843B0FBF3F30749C1E90003054B63
:10173000B0FBF3F0C1E9020270470000FCED00E0ED
:10174000001000E040420F00100600202DE9F84391
:10175000224840680090FFF763FF214C0027009863
:10176000E1684FF0FF323D46E1FB0205C4E90E059A
:10177000D4F80080064642463B462946FEF74EFE18
:101780000246A2FB083CC4E9060101FB08C002FBBB
:101790000701F01A65EB0105C4E9080504F13008FA
:1017A0000646C8F80020D4F8049000234A4629468B
:1017B000FEF734FE81B2A8F8041001FB09F1701A9B
:1017C00065EB0705C4E90A0529460023A268FEF770
:1017D00025FEA8F80600BDE8F8830000001000E030
:1017E0001006002070471CB5FF228DF800208DF8F0
:1017F00001208DF804208DF802208DF805208DF849
:1018000003208DF80620FD228DF807206B46082264
:10181000FFF73AFD1CBD7CB5160A8DF800608DF807
:1018200001201A0ADDE906548DF802202A0A8DF8F3
:1018300004208DF80550220A8DF806208DF803301B
:101840008DF807406B460822FFF71EFD7CBD012086
:1018500001F01CBD082001F019BD102001F016BDDB
:10186000202001F013BDB6EE002A92ED020AB0EE80
:10187000421AD2ED030A00EE401AD0ED001AD0ED64
:10188000013A00EEE01A21EE213A92ED011AD2ED72
:10189000001A61EE002A41EEA02A61EE200A41EE14
:1018A000C00A02EEA33A90ED020AF0EE002A00EE22
:1018B000803A23EE220A81ED000AD2ED010AD2ED30
:1018C000021A92ED001A92ED030A20EEA13AD0ED31
:1018D000003A90ED014A01EE403A23EE233AF0EE51
:1018E000423A40EEE03A40EE403A21EE800A01EE04
:1018F000200A03EE843AD0ED020A00EE203A23EEED
:10190000220A81ED010AD2ED010AD2ED031A92ED0D
:10191000020A92ED001A20EEA13A60EE211AD0EDF3
:10192000003A00EEE02A01EE003A41EE601A90ED36
:10193000011A00EE402A23EE233A90ED020A01EE4E
:10194000813A02EE003A23EE220A81ED020A704744
:101950001CB5FF228DF800208DF801208DF80420A1
:101960008DF802208DF805208DF803208DF80620D3
:10197000FC228DF807206B460822FFF785FC1CBD72
:10198000F0B42B4D002305F10C07297819B9008913
:101990003B607B60AB60264E386814363146346855
:1019A0004A68844202D179688A4236D0012129707E
:1019B00044F62061844211D0A868642290FBF2F7BB
:1019C00002FB1702F2B1282A22D0401CA86063282B
:1019D00002D1641CAB603460F0BC7047786882420E
:1019E000FAD0A868282490FBF4F704FB17044CB144
:1019F000142C0DD0401CA8602728EDD1521CAB60E0
:101A00007260E9E7401CA860F0BC0120FFF792B9C2
:101A1000401CA860F0BCFFF785B9A868401CA8600E
:101A2000F028D9DB2B70AB6033607360D4E7000023
:101A30005406002072B6FEE730EEC01AB5EEC00ABA
:101A40001E48F1EE10FA16DDF5EEC00AF1EE10FABE
:101A500011D2DFED1B1A31EEC00A30EE200AF1EE92
:101A6000410A80ED010AB4EEE00A80ED021AF1EEBF
:101A700010FA1BD31DE0B5EEC00AF1EE10FA18D231
:101A8000F5EEC00AF1EE10FA13DDDFED0E1A31EEBD
:101A9000C00A30EE200A80ED010AF1EE400A80ED26
:101AA000021AF4EEC10AF1EE10FA02D280ED030A36
:101AB00001E080ED031A90ED030A704784060020D0
:101AC000DB0FC940DB0FC9C0028802810A8852BA05
:101AD00002804A8852BA42808A8852BA82808979C2
:101AE0008171C168B1F57A7F01DB002100E0491CFA
:101AF000C16070472DE9F04115462DED028B82B093
:101B000000780C46002640F2FF1878B101280DD06D
:101B1000524F9FED538A7868012827D000285148FA
:101B20004FF00A011FD0FFF7E7FC34E00A214D48CF
:101B3000FFF759FE01200BF099FC0C214A48FFF7F2
:101B400052FE01200BF092FC002300961A464446F8
:101B5000414644480196FFF75EFE002300961A4670
:101B60002146019672E0FFF7F3FE14E095ED0A0AB4
:101B7000F2EE020A05F0C0FEB0EE402AB0EE480ACE
:101B80000A22F0EE401AB0EE401AF0EE400A11467A
:101B9000344805F0C1FE01200BF068FCB86C012848
:101BA0000AD0002830484FF00C0102D0FFF7A4FC07
:101BB00019E0FFF7CDFE16E095ED0B0AF2EE020AF2
:101BC000B1EE400A05F098FEB0EE402AB0EE480AA9
:101BD0000A22F0EE401AB0EE401AF0EE400A0C2154
:101BE000214805F099FE01200BF040FC94ED060A17
:101BF000DFED1E0A05F080FEBDEEC00A00960196DC
:101C000010EE100A0022464603B241461548FFF77F
:101C100002FE9FED178A94ED050AF0EE480A05F0E2
:101C20006BFEBDEEC00AF0EE480A10EE100A94ED0D
:101C3000040A05B205F060FEBDEEC00A00231A4694
:101C400010EE100A314600B2CDE900050648FFF754
:101C5000E2FD02B0BDEC028BBDE8F08148A7002098
:101C600000000000480D0020700D002000401C46C0
:101C7000000080462DE9FF5FDFF840A206462DED0B
:101C8000048B1C460027DDE913589AF80000DFF8A2
:101C900030B220B1012805D002280CD018E0A7806E
:101CA000E78015E0B6F90E00012105F0F1FAA080F9
:101CB000B6F90C0008E0D946BBF90C00012105F08B
:101CC000E7FAA080B9F90A00012105F0E1FAE08005
:101CD000B6F90600052105F0DBFA2080B6F904000C
:101CE000052105F0D5FA608098F80000A8B1012818
:101CF00013D09AF8000080B172494FF001099FEDAE
:101D0000729B01280FD002287DD1087800287BD053
:101D1000BBF81100C00510D417E02F7094ED020A33
:101D200084ED070A11E00878E0B1B08AC00504D458
:101D3000B6F9020010F5257F07D1287828B9294681
:101D40002046FFF7A1FB85F80090059806F0ABFB55
:101D5000129A06982146BDEC048B04B0BDE8F05FF2
:101D600000F0BEB82F7098F80000022832D0032887
:101D700049D1B4F906000DF022FA53EC192B0DF0FD
:101D800049FA41EC180B206A0DF004FD53EC182BB6
:101D90000DF016FC0CF0B2FF2062B4F904000DF057
:101DA0000EFA53EC192B0DF035FA41EC180B606A62
:101DB0000DF0F0FC53EC182B0CF0D2FF0CF09EFF52
:101DC000606205993046BDEC048B04B0BDE8F05F5D
:101DD00006F072BBB4F902000DF0F1F99FED3C1B67
:101DE00053EC112B0DF016FA41EC180B206A0DF094
:101DF000D1FC53EC182B0DF0E3FB0CF07FFF2062BD
:101E0000B4F9000001E055E01FE00DF0D8F99FEDB6
:101E1000321B53EC112B0DF0FDF941EC180B606AED
:101E20000DF0B8FC53EC182B0CF09AFF0CF066FF89
:101E30006062059806F037FB12993046BDEC048BC2
:101E400004B0BDE8F05F06F017BF2F7098F80000EF
:101E500003282FD1B4F906000DF0B1F953EC192B7A
:101E60000DF0D8F941EC180B206A0DF093FC53ECFF
:101E7000182B0DF0A5FB0CF041FF2062B4F9040013
:101E80000DF09DF953EC192B0DF0C4F941EC180B32
:101E9000606A0DF07FFC53EC182B0CF061FF0CF026
:101EA0002DFF60620598BDEC048B04B0BDE8F05FC7
:101EB00009F022BDBDEC048BBDE8FF9FBC040020EF
:101EC00094A6002018A800202D431CEBE2365A3FB0
:101ED000613255302AA9433F2D431CEBE2363A3F8D
:101EE00070B5064600250C461570174806F085FAB1
:101EF0001548AE3006F081FA144806F07EFA124812
:101F0000AE3806F07AFA94ED030A114884ED080A17
:101F1000D4ED050AC4ED090A07F096FB0C48BBEEA8
:101F20000E0A283807F090FB0B499FED0A0A81ED55
:101F3000060A81ED070A81ED080A96ED010A86ED91
:101F4000030A0D704D7070BD049F0020A89D0020F5
:101F5000EEA3002000000000C004002070B504467D
:101F60002DED028B0D4618789FED338AE8B30128DA
:101F700056D03248007810B385ED0A8A85ED0B8A79
:101F800084ED048A84ED058A84ED068A10780028A1
:101F900012D0D5ED070A95ED020A294805F062FF37
:101FA000274895ED040AD0ED0D0AAE3005F05AFF32
:101FB00085ED0A0A85ED0B8ABDEC028B70BD0846E3
:101FC00000F0BEF9284600F0B7FAB4F90000D4EDED
:101FD000020A00EE100A1B48B8EEC00A05F042FFE4
:101FE00084ED040A94ED020A00E019E0B4F902005D
:101FF000F1EE400A00EE100A1248B8EEC00AAE3008
:1020000005F030FF84ED050A94ED010A03F0A0FC11
:10201000D4ED030A0C4805F025FF84ED060ACBE752
:1020200085ED0B8A81ED0A8A84ED048A84ED058AA8
:1020300084ED068AC0E700000000000018A8002018
:1020400060A00020BCA1002018A300202DE9F041D1
:1020500000232DED048B022204219FEDA58AF1EED1
:10206000081AF1EE040AF0EE484AB0EE484AF0EEE3
:10207000483AB0EE483AF0EE482AB0EE482AB0EEC0
:10208000481AB2EE040A9B4806F0D1F9994800229A
:1020900001231146F0EE484AB0EE484AF0EE483AC5
:1020A000B0EE483AF0EE482AB0EE482AF1EE001AB7
:1020B000B0EE481AF1EE040AB2EE020AAE3006F0B3
:1020C000B6F9002302220421F0EE484AB0EE484A55
:1020D000F0EE483AB0EE483AF0EE482AB0EE482A20
:1020E000F7EE001AB0EE481AF1EE040AB2EE040A56
:1020F000814806F09CF97F48002201231146F0EE4A
:10210000484AB0EE484AF0EE483AB0EE483AF0EEAF
:10211000482AB0EE482AF7EE001AB0EE481AF0EE60
:10212000080AB2EE020AAE3806F081F90023022254
:102130001946F0EE484AB0EE484AF0EE483AB0EEA2
:10214000483AF0EE482AB0EE482AF7EE001AB0EE10
:10215000481AF1EE040AB2EE040A684806F067F97C
:102160006648002302221946F0EE484AB0EE484A7B
:10217000F0EE483AB0EE483AF0EE482AB0EE482A7F
:10218000F7EE001AB0EE481AF1EE040AB2EE020AB7
:10219000AE3006F04CF900231A460A21F0EE484A08
:1021A000B0EE484AF0EE483AB0EE483AF0EE482A2F
:1021B000B0EE482A9FED529AB0EE481AF0EE491A56
:1021C000DFED508AF0EE680ADFED4F9A4F48B0EE2F
:1021D000690A06F02CF94D4800231A460A21F0EE50
:1021E000484AB0EE484AF0EE483AB0EE483AF0EECF
:1021F000482AB0EE482AF0EE491AB0EE481AF0EE3E
:10220000680AB0EE690AAE3006F011F90222002326
:102210001146F0EE484AB0EE484AF0EE483AB0EEC9
:10222000483AF0EE482AB0EE482ADFED391AB0EE0F
:10223000481AF0EE680A9FED370A374806F0F7F8BB
:102240009FED368A34489FED360AF0EE480AD630C4
:1022500007F003FA3048F0EE480AB0EE680AAE30F4
:1022600007F0FBF99FED2F8A01220221B0EE480A08
:102270002D4806F003FAB0EE480A012203212B484C
:1022800006F0FCF92A480021274C81720121583CB4
:10229000C172284D284EA4F11C07DFF8A08012E07F
:1022A00095ED1F0A84ED080A95ED1D0A84ED090AD3
:1022B000B6F8B80000EE100A0120B8EE400A87ED2B
:1022C000030A0BF0D3F898F800000028E8D0124871
:1022D00094ED080AD63007F0B7F9BDEC048BBBEEDD
:1022E0000E0ABDE8F0410C48AE3007F0ADB9000071
:1022F00000000000049F0020A89D002060A0002096
:102300006666864100007A4400007A46BCA100203F
:10231000000018420070144618A300200AD7A33BFF
:1023200000002F4448E17A3F789B0020A49C0020C5
:10233000C0040020E491002048A70020BE04002033
:102340002DE9F04104462DED088B90ED090A4A482D
:1023500007F062F8484D686900EE100A9FED47BA31
:10236000286960EE0B0A00EE100A454820EE0B0AC1
:1023700090ED001AA0F13C0661EE200A90ED031AE0
:1023800041EE000AC6ED070A94ED050A60EE0BBAAD
:1023900094ED060A0BF054FD06F14C07D7ED020A46
:1023A00020EE200A10EE100A0DF0F4F941EC190BA2
:1023B0001BEE900A0DF0EEF941EC100B09F0F8FD60
:1023C000B0EE408AF0EE608A78680DF0E3F953ECE5
:1023D000182B0CF01FFF41EC1A0B1BEE900A0DF0AE
:1023E000D9F941EC100B09F047FEB0EE408AF0EE4F
:1023F000608A38680DF0CEF953EC182B0CF00AFF08
:1024000053EC1A2B0CF0ACFC53EC192B0CF0A8FC81
:102410000CF074FC3062E86800EE100AA5F2C240CD
:1024200060EE0B0A94ED050A20EE0B0A05F01AFD8A
:10243000286900EE100AA5F2144060EE0B0A94ED34
:10244000060A05F00FFD96ED070AD6ED080AA5F27B
:10245000C24070EE200A90ED0D0AAE30406B70EE77
:10246000800A00EE100A30EE800A84ED0B0ABDEC03
:10247000088BBDE8F0810000C6A3002034FA8E3C32
:10248000FC040020074A416A914202DDB3EE0E0AC5
:1024900004E0054A914203D9BBEE0E0A80ED090A19
:1024A000704700000000F0410000F0C10EB5194B6C
:1024B0001949A3F11C02194809F0C0F91949184A31
:1024C000A1F11A008DE80700124B1749A3F11C0275
:1024D0001648FFF7CFFB0F491548FEF7FFF90D48E7
:1024E000FFF7D0FF0F4A0B491A3A1C39114806F082
:1024F0008FFE08490A4B0B4AA1F11C00FFF72EFD85
:10250000044A03B0A2F11C0105485DF804EBFFF793
:10251000F1BA0000209B002048A70020E491002091
:10252000BD040020E404002094A8002028A8002076
:1025300080920020C89A002070B504462DED048BCF
:1025400090ED080A284806F067FF274D9FED278A7F
:10255000686900EE100A286920EE089A00EE100A59
:1025600060EE088AB0EE680A0BF06AFC2048F0EED4
:10257000400AA0F12C0690ED000A90ED011A20EE21
:10258000090A01EE280A90ED021A01EE200A86EDF2
:10259000060AE86800EE100AA5F2466060EE080A36
:1025A00094ED030A20EE080A05F05CFC286900EEB1
:1025B000100AA5F5B36060EE080A94ED040A05F070
:1025C00051FCA5F24660D6ED060A90ED0D0AAE303C
:1025D000406B70EE200A00EE100A30EE800A84EDA7
:1025E0000A0ABDEC048B70BDEEA3002034FA8E3CC9
:1025F000EC04002090F82020012A07D0022A05D000
:10260000416A41F4802141620120704700684269BB
:102610000A43426100207047F0B590F820500468EA
:10262000A468012D05D0022D03D0416A41F4802118
:1026300057E014F0406F01D1E5004FD5C4F30164B9
:102640000125A5401D608B684FF4C0759BB1CE6815
:1026500033434E6843EAC603066805EB0417F3519B
:102660004FF4C273076803EB04130E69FE50097D33
:10267000012905D009E00E88CB6843EA4653EBE711
:102680000168CE5846F48076CE501179D3795679C8
:1026900041EA036193791B0443EA062319434FF48B
:1026A000C676036806EB041699511178D37841EA8F
:1026B0000361937852781B0443EA022211434FF4DA
:1026C000C473026803EB0413D150006805EB0411D6
:1026D000425842F0010242500020F0BD416A41F4EC
:1026E000001141620120F0BD10B590F82020012AB0
:1026F00007D0022A05D0416A41F4802141620120BD
:1027000010BD3B48D0F8002242F00102C0F8002280
:10271000D0F8002222F47C52C0F80022D0F8002227
:102720004B6A42EA0322C0F800220A7D02F01F032E
:1027300001229A40D0F81C329343C0F81C32CB6976
:10274000B3B9D0F80C329343C0F80C328C894B6883
:1027500064F31F434C6900EBC404C4F840320C8995
:102760000B6864F31F434C6900EBC404C4F84432A3
:10277000CB69012B16D1D0F80C321343C0F80C32C0
:102780000C884B6864F31F434C6900EBC404C4F825
:1027900040320C89CB6864F31F434C6900EBC404DE
:1027A000C4F844328B69002BD0F804320ED01343A6
:1027B000C0F804320B69002BD0F8143208D0134350
:1027C000C0F81432096A012904D008E09343EFE706
:1027D0009343F5E7D0F81C121143C0F81C12D0F84F
:1027E000001221F00101C0F80012002010BD00000D
:1027F00000640040704770B590F82040012C05D06F
:10280000022C03D0416A41F4802128E0046809B316
:102810002469A40720D04FF4D874056804EB011490
:102820002D5915F00405956005682D591AD0ED084D
:10283000556005682C5904F00204D4604FF4DA7432
:10284000056804EB01142E5906F00F06082E0CD370
:1028500008250DE0E468DCE7416A41F400114162BB
:10286000012070BD6D0D1560E3E72D5905F00F05D2
:10287000156105682D59C5F30725956105682C5923
:10288000240C54614FF4DC72046802EB0112A4586A
:102890001C700468A458240A5C700468A458240CB2
:1028A0009C700468A258120EDA704FF4DE7204684D
:1028B00002EB0112A4581C710468A458240A5C712C
:1028C0000468A458240C9C710468A258120EDA7192
:1028D000006829B1016941F020010161002070BD4B
:1028E000C16841F02001C160F8E70246002092F87B
:1028F0002010012901D002290CD111688A685201E7
:1029000000D501208A68120100D5401C8968C900E1
:1029100000D5401C70472DE9F05F05460068002493
:102920004669D0F804908768D0F80CB0D0F810A0B1
:10293000D0F81880F10748D0F90714D00121816040
:10294000B80703D5284600F094FA0CE0780702D5C2
:102950004FF4006407E0380702D54FF4805402E0DA
:10296000284600F085FAF80516D529684FF48070DE
:102970008860B80503D5284600F07DFA0CE078059C
:1029800002D544F4005407E0380502D544F48044ED
:1029900002E0284600F06EFAF80316D529684FF4D5
:1029A00080308860B80303D5284600F066FA0CE052
:1029B000780302D544F4004407E0380302D544F418
:1029C000803402E0284600F057FA300707D55FEA66
:1029D000CB6004D52968102044F40074C8607007E7
:1029E0004FF0080707D55FEA0B7004D52868C76069
:1029F000284600F097F9B00706D52868C068800718
:102A000002D0284600F090F9700607D55FEACA6048
:102A100004D52968102044F480640861B00607D505
:102A20005FEA0A7004D528680761284600F0C8F9F3
:102A3000F00606D528680069800702D0284600F015
:102A4000C1F9B00308D55FEAC96005D5296810202F
:102A50004860284600F0E0F9F00307D55FEA097006
:102A600004D528684760284600F008FA300446D5A7
:102A70005FEA497040D5F00504D55FEAC87001D01F
:102A800044F00104B00504D55FEA887001D544F034
:102A90000204700504D55FEA487001D544F00404CF
:102AA000300529D518F0700F26D008F070004028A6
:102AB00015D006DC102809D020280AD0302816D1DD
:102AC0000AE050280ED0602811D10EE044F008042E
:102AD0000DE044F010040AE044F0200407E044F064
:102AE000400404E044F0800401E044F48074286869
:102AF000816921F070018161296804204860002CFF
:102B000005D0686A204368622846FFF773FEBDE877
:102B1000F09F70B5040003D094F8200010B104E0D9
:102B2000012070BD204600F081F82068016841F066
:102B30000101016000F0A4FC0546052604E000F058
:102B40009FFC401B0A2811D820684068C007F6D0B7
:102B50002068016821F00201016000F091FC054647
:102B60000BE000F08DFC401B0A2806D9606A40F497
:102B70000030606284F82060D2E7206840688007F7
:102B8000EFD4207E0128206801683DD021F080012B
:102B90000160607E01282068016838D021F0400182
:102BA0000160A07E01282068016833D021F0200157
:102BB0000160E07E0128206801682ED041F01001FC
:102BC0000160207F01282068016829D021F00801D8
:102BD0000160607F01282068016824D021F0040191
:102BE0000160D4E902010843D4E904121143084307
:102BF0006168491E08432168C861002060620120A5
:102C000084F82000002070BD41F08001C0E741F051
:102C10004001C5E741F02001CAE721F01001CFE7EC
:102C200041F00801D4E741F00401D9E7F0B587B0DD
:102C3000044614216846FDF709FD3549354ADFF899
:102C4000CCE00868D4F800C0324B032402250926E2
:102C500010320027401CF44521D10860012807D11B
:102C6000106840F000701060106800F0007005906F
:102C7000186840F00800186018688DE8B00000F08F
:102C80000800CDE9046069460394234800F00AFB7C
:102C900000220521142000F09FFD142031E0DFF810
:102CA0007CE0F4452FD1D2F800C04CF0806CC2F823
:102CB00000C0D2F800C001280CF0806CCDF814C020
:102CC000086007D1106840F000701060106800F0D4
:102CD00000700590186840F0020018601868694696
:102CE00000F00200059060208DE8A100CDE90346C8
:102CF0000B4800F0D7FA00220521412000F06CFDBE
:102D0000412000F05BFD07B0F0BD00000064004012
:102D10001C00002030380240000C024000680040D7
:102D2000000402407047000010B5214B214A0021E9
:102D3000FFF761FD0028FDD11E4800680B282FD049
:102D4000A0F5807005380AD0A0F58070013826D132
:102D50001848BDE810401649F030FEF7B5BE1449DA
:102D60001548DFED160A0A7802F001030370C2F37A
:102D700040024270B1F8012052BA0281B1F803203A
:102D800052BA42814A798281C98849BA09B200EEB1
:102D9000101AB8EEC00A80EE201A80ED011A10BD9C
:102DA00004480A22BDE810400149383005F0A2BFAE
:102DB0007006002010A7002018A8002000007A4408
:102DC0007047000010B5124B124A0121FFF713FDA6
:102DD0000028FDD10F4800680D2809D0A0F500702B
:102DE00007380DD0012812D10A480949BC300AE041
:102DF00008480A22BDE810400549603005F07ABF56
:102E000004480349A430BDE81040FEF75DBE10BD84
:102E1000780600202CA70020704770B5044690F873
:102E20002000012804D0606A40F40020606217E0AE
:102E3000022084F820002068016821F0010101606F
:102E400000F01EFB05460DE000F01AFB401B0A28AF
:102E500008D9606A40F400306062052084F82000E0
:102E6000012070BD20684068C007EDD1606270BD70
:102E7000704770477047704770477047704710B58C
:102E8000040002D0607910B106E0012010BD0020DE
:102E90002071204600F004F801206071002010BD70
:102EA00008B500680649884208D10648016841F41F
:102EB00080510160006800F48050009008BD00005F
:102EC00000300240303802402DE9F0410446876D61
:102ED00000F0D6FA054694F835000026022806D000
:102EE0008020606584F834600120BDE8F0812068AE
:102EF000016821F0160101602068416921F080011C
:102F00004161206C08B9A06C20B12068016821F0F3
:102F1000080101602068016821F0010101600CE0F6
:102F200000F0AEFA401B052807D920206065032079
:102F300084F8350084F83460D7E720680068C0075B
:102F4000EED194F85C103F208840B860012084F8EE
:102F5000350084F834600020C7E790F83510022966
:102F600003D08021416501207047052180F835108C
:102F70000068016821F00101016000207047000035
:102F80002DE9F84304464FF00009CDF8009063485E
:102F90004FF41651A56D0068B0FBF1F72E6894F858
:102FA0005C20082101FA02F030420FD0206802684C
:102FB00052070BD5026822F00402026094F85C000C
:102FC0008140A960606D40F00100606594F85C107C
:102FD0004FF0010808FA01F0304208D02168496931
:102FE000090604D5A860606D40F00200606594F8A1
:102FF0005C1004208840304208D0216809688907A5
:1030000004D5A860606D40F00400606594F85C1021
:1030100010208840304218D021680968090714D56B
:10302000A86020680168490304D50068000308D53A
:10303000A16C07E00168C90503D4016821F008010B
:103040000160216C09B12046884794F85C1020206B
:103050008840304231D021680968C9062DD5A86062
:1030600094F8350005282068016806D0490347D543
:10307000006800031DD4616C1CE021F016010160A2
:103080002068416921F080014161206C08B9A06C81
:1030900020B12068016821F00801016094F85C10FB
:1030A0003F208840A86084F8358084F83490216DF2
:1030B0001FE0E16B09B120468847606D00282BD0E6
:1030C000606DC00714D0052084F8350020680168C1
:1030D00021F0010101600098401C0090B84203D823
:1030E00020680068C007F6D184F8358084F83490F1
:1030F000E16C002910D001B02046BDE8F04308473C
:103100000168C905D5D4016821F01001016084F877
:10311000358084F83490CCE7BDE8F883980000202F
:103120002DE9F041044600F0ABF905465CB1022000
:1031300084F83500002684F834602068016821F0A6
:10314000010101600DE00120BDE8F08100F098F977
:10315000401B052805D920206065032084F8350030
:10316000F2E720680068C007F0D121680A682048AB
:103170000240D4E901031843D4E903352B43184333
:1031800063691843A3691843E3691843236A184322
:103190001043626A042A03D1D4E90B231A43104373
:1031A000086020684069656A20F0070128460D43E1
:1031B000012704280CD1A06A0543E06A40B12046EB
:1031C000FEF7F0F920B14020606584F83570BAE769
:1031D000206845612046FEF7D1F994F85C203F2134
:1031E00091408160666584F835700020ACE700008E
:1031F0003F8010F02DE9F0410446866D90F83400D0
:10320000002501280DD0012084F8340094F8357091
:103210000020012F07D084F8340002252846BDE89D
:10322000F0810220FBE7022784F8357060652046B4
:10323000FEF7E2F994F85C103F208840B060206807
:10324000016841F016010160206C20B1206801681E
:1032500041F0080101602068016841F0010101604E
:10326000DCE7000070B5044600F00AF90546601C72
:1032700002D004480078044400F002F9401BA04248
:10328000FAD370BD8C00002070470000044910B5CF
:103290000A68024202D00860FFF7F6FF10BD000086
:1032A000143C01402DE9F84FDFF89C910022A9F170
:1032B000040B03274FF00F0C09F1040AABF1040EC5
:1032C00001250B6895402B40AB426ED10C7904F080
:1032D0000304012C01D0022C15D18668540007FA92
:1032E00004F826EA0806D1F80C8008FA04F848EA3F
:1032F0000608C0F808804468AC430D79C5F3001592
:103300009540254345600C79E443A40708D0C5687F
:10331000540007FA04F6B5438E68A6402E43C660F3
:103320000C7904F00304022C11D1D40800EB8406BC
:10333000356A5407E40E0CFA04F825EA0805D1F8BA
:10334000108008FA04F848EA0508C6F820800568E5
:10335000540007FA04F6B5430E7906F00306A640BA
:103360002E4306604C6814F4403F66D0374C256805
:1033700045F480452560246822F0030504F4804468
:103380000094334C05EB0408D8F808589407260F2E
:103390000CFA06F4A5432F4CA04201D1002424E0EE
:1033A0002D4CA04202D101241FE046E02B4CA0424C
:1033B00001D1022419E02A4CA04201D1032414E0D7
:1033C000284CA04201D104240FE0274CA04201D197
:1033D00005240AE0254CA04201D1062405E0244C36
:1033E000A04201D1072400E00824B4402C43C8F8CF
:1033F0000848D9F800404D464E689C43F60200D577
:103400001C432C60DAF8004055464E689C43B602D7
:1034100000D51C432C60DBF800405D464E689C43A1
:10342000B60300D51C432C60DEF8004075464E689C
:103430009C43F60300D51C432C60521C102AFFF459
:103440003FAFBDE8F88F0000083C0140443802401F
:103450000030014000000240000402400008024029
:10346000000C02400010024000140240001802400C
:10347000001C02400AB1816170470904FBE70000AB
:1034800001488068704700008C00002070B504007F
:1034900025D094F83D00002520B984F83C50204602
:1034A00000F0B8F8242084F83D002068016821F07D
:1034B000010101602068016841F400410160206859
:1034C000016821F40041016000F08CFF4D4B616800
:1034D000994201D84C4900E04C49884201D2012070
:1034E00070BD4B492268B0FBF1F1566826F03F06EB
:1034F0000E43566062689A4206D94FF49672514361
:103500004FF47A72B1FBF2F12268491C166A26F078
:103510003F06314311626168994210D84900401E4C
:10352000B0FBF1F2521CC2F30B02042A01D20420B8
:1035300022E0B0FBF1F0401CC0F30B001CE0A268DD
:10354000F2B301EBC10303EB0116431EB3FBF6F329
:103550005B1C43F480431B0549D092B301EBC102CD
:1035600002EB0111401EB0FBF1F0401CC0F30B0058
:1035700040F4804040F400402168CA694CF6FF7373
:103580009A431043C861D4E90710014320680268D8
:1035900022F0C00211430160D4E903010143206815
:1035A000826848F2FF339A4311438160D4E90510E1
:1035B00001432068C26822F0FF021143C16001E0AC
:1035C0000EE016E02068016841F001010160256409
:1035D000202084F83D00256384F83E50002070BD13
:1035E00001EB4106431EB3FBF6F35B1CB3E701207E
:1035F000C2E701EB4101401EB0FBF1F0401CC0F3FB
:103600000B00B7E7A086010080841E0000093D0082
:1036100040420F00F0B587B0044614216846FDF71C
:1036200015F81D492068884233D11C4800250168DF
:1036300041F004010160016801F004010591016895
:1036400041F0010101600068122600F001000590C0
:103650004FF40070CDE90006032704240295CDE95C
:10366000037469460E48FFF71DFEA001CDE9000670
:103670000295CDE9037469460A48FFF713FE07482F
:103680001030016841F400010160006800F400009E
:10369000059007B0F0BD0000005C004030380240EB
:1036A000000802400000024002488168027811448C
:1036B000816070478C0000200B4810B5016841F410
:1036C00000710160016841F480610160016841F4AA
:1036D00080710160032000F09FF80F2000F006F8D1
:1036E00000F050F8002010BD003C024030B5054607
:1036F000204887B00024016841F0010101600068A2
:1037000006A900F001000590684600F045FE039808
:10371000B0B100F067FE400017494FF08042B0FBA7
:10372000F1F11648491E026040F2E732C0E9032475
:10373000C0E90114846101F06DFA040003D015E0C2
:1037400000F050FEE8E70D4801F008FB04000DD141
:103750001C2000F033F8102D07D2002229461C202F
:1037600000F03AF80648056000E0012407B0204662
:1037700030BD00004038024040420F00742E00204F
:10378000900000200C4882B0016841F48041016043
:10379000006800F4804000900748001F016841F075
:1037A000805101600068002200F0805000900F21DD
:1037B000901E02B000F010B844380240002809DB27
:1037C00000F01F02012191404009800000F1E0203B
:1037D000C0F8001170470000F0B40E4B1B68C3F333
:1037E0000223C3F10704042C00D904241D1D072D56
:1037F00001D2002300E0DB1E012606FA04F56D1E4F
:103800000D409D409E40761E164045EA0601F0BCE4
:1038100008F045B90CED00E0064A00F00701106819
:103820004FF6FF03184040EA0120034908431060A7
:10383000704700000CED00E00000FA0570470068DA
:10384000416200207047F0B50368586A39B19C6A3C
:103850004FF4827500EB144400204E1E0AE040EA4B
:10386000024098620FE005EB8007DF59401C04EB33
:103870001744C0B2B042F6D344EA02404FF480721B
:1038800002EB810158500020F0BDD0F8E00406F0B2
:10389000FABE01EBC10200EB8202D0F8E004126A2A
:1038A00006F04BBE01EBC10200EB8202D0F8E0044F
:1038B000D2F8602206F09DBED0F8E00406F0E5BE26
:1038C0000A0601F00F0101EBC10100EB810101D5F6
:1038D000143101E001F51571006807F0C9BD70B53C
:1038E00004460B0601F00F0000EBC00104EB810160
:1038F0004FF001024FF0000502D54A75143103E084
:1039000081F8555201F51571087094F89404012856
:1039100008D084F89424206807F0C8FA84F89454F6
:10392000002070BD022070BD70B5044601F00F008C
:103930002279904201D9012070BD0B0601F00F01E0
:1039400001EBC10104EB81014FF001024FF00005D2
:1039500002D54A75143103E081F8555201F515710D
:103960008D70087094F89404012808D084F8942489
:10397000206807F009FC84F89454002070BD0220F0
:1039800070BD01F00F0101EBC10100EB8100D0F827
:10399000680270472DE9F04104460F0601F00F0060
:1039A00000EBC00104EB81014FF001064FF0000570
:1039B00002D54E75143103E081F8555201F51571A9
:1039C000C2F30A0208708A600B714A7802B1488318
:1039D000022B00D14D7194F89404012809D084F889
:1039E0009464206807F0B0F9284684F89454BDE840
:1039F000F0810220FBE710B501F00F0404EBC401D5
:103A000000EB8101C1E998230023C1F8683281F8F5
:103A1000553281F85442837901F51571012B00D19B
:103A2000CA618279006807F007FC002010BD70B5FC
:103A300004460D4601F00F002179884201D901208A
:103A400070BD29064FF000064FF0010206D500EBCD
:103A5000C00104EB81014A75143107E005EBC50193
:103A600004EB810181F8556201F515718A700870C7
:103A700094F89404012807D084F89424206807F06F
:103A8000AFFB280702D007E0022070BDA17904F245
:103A90009C42206807F04CFB84F89464002070BDC1
:103AA00010B501F00F0404EBC40100EB8101C1E982
:103AB000082300238B6201234B7501F8144F83798F
:103AC000012B00D1CA618279006807F0B5FB0020A4
:103AD00010BD00002DE9F84F05680446284607F0A0
:103AE00062FD00287DD1206807F089FD002878D08C
:103AF000D5F80808C0F30D20C4F8D404206807F0F6
:103B00007EFD800704D52068416901F00201416112
:103B1000206807F074FDC10604F29C40009034D583
:103B20002068816921F0100181612F6A07F00F0080
:103B300000EBC00004EB8006C7F3434006F51576A2
:103B4000022802D0062811D01AE047F6F07007428A
:103B500016D0C7F30A1217462846F16807F053FD3E
:103B6000F0683844F0607069384408E0082228465C
:103B7000009907F048FD7069C7F30A1108447061A5
:103B80002068816941F010018161206807F037FDEC
:103B900000034FF0010B7AD50026206807F00EFDD8
:103BA0008046DFF878A46FE05FEAC87069D0F1B2B0
:103BB000206807F01CFD0746C00707D005EB46113B
:103BC000C1F808BB3146204604F09AF8380722D5E0
:103BD00005EB46110820C1F8080B2068D0F840908A
:103BE00000E018E200EB4610D0F8082BD14505D9CB
:103BF000110403D54FF40041C0F8081B204600F023
:103C0000F0FAD14507D9A079012804D12068012113
:103C1000009A07F08DFAF80604D505EB461110203E
:103C2000C1F8080BB8071DD56869000605D5D5F899
:103C3000040840F48061C5F8041806EBC60004EBE4
:103C4000800090F8571200F51570012905D1002168
:103C5000C170F1B2204600F0E7F905EB46110220F1
:103C6000C1F8080BB80604D505EB46102021C0F8B2
:103C7000081BB80405D505EB46104FF40051C0F8F9
:103C8000081B4FEA5808761CB8F1000F8CD1206849
:103C900007F0B5FC40036DD5206807F088FC80462E
:103CA000002664E05FEAC8705ED0F1B2206807F0D9
:103CB0008CFC0746C00723D006F00F010BFA01F079
:103CC000D5F834188143C5F8341805EB4610C0F810
:103CD00008B9A07901280FD106EBC60004EB8000DB
:103CE000D0E907211144016236B9606A20B9206821
:103CF0000121009A07F01CFAF1B22046FFF7C9FD36
:103D0000380704D505EB46110820C1F80809F80664
:103D100004D505EB46111020C1F80809780604D532
:103D200005EB46104021C0F80819B80716D53146F2
:103D3000284607F00DFC06EBC60004EB8000C17DB1
:103D40001430012905D10021C170F1B2204600F0E4
:103D500067F905EB46110220C1F80809380603D5BA
:103D60003146204604F032F84FEA5808761CB8F184
:103D7000000F97D1206807F042FC002811DAD5F82F
:103D8000040820F00101C5F8041894F8CC040128B7
:103D90002BD0204600F00AFA2068416901F000416A
:103DA0004161206807F02BFC00050BD5D5F8080809
:103DB000C00702D0204600F03DFA2068416901F4B6
:103DC00000614161206807F01AFCC00467D5D5F88E
:103DD000040820F00101C5F804181021206807F03C
:103DE000B7FB00214FF67F3220E0002084F8CC049E
:103DF00001462046FFF722FDCEE705EB4110C0F853
:103E00000829D0F8003923F40013C0F80039C0F8AD
:103E1000082BD0F8003B23F40013C0F8003BD0F887
:103E2000003B43F00063C0F8003B491C2079884206
:103E3000E3D8D5F81C0840F00111C5F81C18E07B48
:103E4000002828460DD0D0F8840840F00B01C5F8B2
:103E50008418D5F8440840F00B012846C5F84418EA
:103E60000DE0D0F8140842F22B010843C5F81408FD
:103E7000D5F8100840F00B012846C5F81018D0F806
:103E8000000820F4FE61C5F80018A1792068009AA6
:103E900007F04EF92068416901F4805141612068C2
:103EA00007F0ADFB800415D5206806F08DFF206873
:103EB00007F06CFBE07100F08FFA0146E2792068B0
:103EC00007F000FC204600F05BF92068416901F42E
:103ED00000514161206807F092FB000707D520469A
:103EE00000F068F92068416901F00801416120682B
:103EF00007F085FB000615D5A86920F08001A961AF
:103F000001260CE006EBC60004EB800090F8570297
:103F1000012803D1F1B22046FFF7D2FC761C2079AC
:103F2000B042EFD8206807F06AFBC0021FD5012617
:103F30005F4614E005EB4610D0F8001906EBC6000A
:103F400004EB8000027E012A08D1002906DAC77539
:103F5000F0B240F080012046FFF7B2FC761C2079D9
:103F6000B042E7D82068416901F4801141612068BE
:103F700007F045FB800231D501205B4626E005EBCA
:103F80004011D1F8001B00EBC00204EB820292F852
:103F90005862012E19D1002917DA94F8D464C1F3BC
:103FA000004106F001068E420FD182F85732A9690E
:103FB00041F08002AA616969090606D4D5F80408AF
:103FC00040F40070C5F8040803E0401C21798142E8
:103FD000D5D82068416901F400114161206807F0DB
:103FE0000EFB400007D52046FFF74FFC20684169D3
:103FF00001F080414161206807F001FB40070AD5CC
:1040000020684568680702D52046FFF755FC206800
:10401000416829434160BDE8F88F00000A30544FE1
:10402000D0F8E00406F083BBD0F8E00406F093BBC0
:10403000F8B5040005D094F895042668002510B161
:1040400006E00120F8BD84F89454204600F056F8AC
:10405000032084F89504B6F1A04F00D1A571206823
:1040600007F060F8207C8DF8000094E80F0006F05F
:10407000B9FE0226B0BB0021206807F0E3FA88BB36
:10408000002101270CE001EBC10004EB8000477523
:104090000175C1850576C5610562491CC9B24562D5
:1040A00020798842EFD8002111E001EBC10004EB38
:1040B000800080F8555280F8541280F85852C0F8A9
:1040C0005C52C0F86052491CC9B2C0F864522079F1
:1040D0008842EAD8207C8DF8000094E80F0006F0B2
:1040E00069FF10B184F89564ABE7657484F8957442
:1040F000206806F051FF0020F8BD000010B586B022
:10410000044614216846FCF7A1FA2068B0F1A04FDC
:104110002FD119480021026842F0010202600068B4
:1041200000F0010005904FF4C05000900220CDE94E
:104130000101032003900A20049069460F48FFF70D
:10414000B1F80D48001D016841F0800101600A4886
:104150001430016841F4804101600068002200F4DD
:104160008040059005214320FFF736FB4320FFF7F1
:1041700025FB06B010BD00003038024000000240B0
:1041800070B50446C079012570B1022801D0FDF751
:1041900051FC2946D4F8E00406F04CFBD4F8E004C6
:1041A000BDE8704006F000BB0025F2E7D0F8E0045F
:1041B00006F029BBD0F8E00406F02FBB10B504468A
:1041C00090F8940401280AD0012084F894046174C2
:1041D000206807F065FA002084F8940410BD0220DE
:1041E00010BDD0F8E02400F29C41104606F02EBB32
:1041F00010B50446006894F89414012909D00121EF
:1042000084F89414C168490609D5617B012902D05C
:1042100005E0022010BD816B41F48031816320688C
:1042200007F074F9206806F0A9FE002084F89404D1
:1042300010BD000010B50446D0F8E00406F048FBBD
:104240002068D0F8001E41F00101C0F8001EE07A9D
:10425000002804D00248016841F00601016010BD49
:1042600010ED00E02DE9F0470D46040065D0DFF8C1
:104270001491D9F80000EFB200F00700A84207D26D
:1042800089F80070D9F8000000F00700A84254D166
:1042900020683D4E810712D5400703D5306840F4B1
:1042A000E05030602078000703D5306840F460406B
:1042B00030603068A16820F0F0000843306020785A
:1042C000C0072DD0304960680839012812D0022873
:1042D00013D0032811D00968890700292DDA316825
:1042E00021F0030101433160FFF7CAF8804641F233
:1042F000883A0EE009688903EFE709688901ECE76D
:10430000FFF7BEF8A0EB0801514502D90320BDE834
:10431000F0873068616800F00C00B0EB810FEFD1DE
:10432000D9F80010484601F00701A94207D90770E3
:10433000006800F00700A84201D00120E7E72078DC
:10434000400705D53068E16820F4E050084330604C
:104350002078000706D53068216920F4604040EAE3
:10436000C100306000F05EF83168084AC1F3031103
:10437000515CC8400649086006480068FFF7B6F976
:104380000020C4E7003C0240083802403CF9000825
:1043900098000020900000200F2202600C4A136851
:1043A00003F003034360136803F0F00383601368B2
:1043B00003F4E053C36012684FF4E05303EAD202FF
:1043C00002610448006800F00700086070470000C0
:1043D00008380240003C0240014800687047000075
:1043E000980000200448054900680968044AC1F3A0
:1043F0008221515CC8407047980000200838024074
:104400004CF900080448054900680968044AC1F3EA
:104410004231515CC8407047980000200838024083
:104420004CF90008154810B5006810F00C0114484C
:1044300013D0144B04290FD008290ED10F4C241F80
:10444000216801F03F022168490207D52068C0F3C6
:104450008810A0FB030106E0184610BD2168C1F3D7
:104460008811A1FB00010023FBF7D8FF2168C1F3ED
:104470000141491C4900B0FBF1F010BD0838024071
:104480000024F400001BB7002DE9F84F040075D09C
:104490002078DFF838A3C007AAF1040548D00AF154
:1044A00004000168C1F38101012908D00068C0F34C
:1044B000810002280AD1DAF80000400206D52868F7
:1044C000800335D560680028E1D031E06068B0F540
:1044D000803F10D0B0F5A02F286810D020F4803095
:1044E0002860286820F4802028606068A0B1FEF76A
:1044F000C7FF06460CE0286840F48030F4E740F43B
:1045000080202860F7E7FEF7BBFF801B642871D886
:1045100028688003F7D50BE0FEF7B2FF064604E0FB
:10452000FEF7AEFF801B6428F1D828688003F7D41B
:104530002078DFF89C9280074FF0000B3DD5A34810
:10454000001D016811F00C0F08D00068C0F3810055
:1045500002280AD1DAF80000400206D42868800751
:1045600015D5E068012809D111E0E068B8B1012053
:10457000C9F80000FEF784FF064605E022E1FEF7D9
:104580007FFF801B0228C2D828688007F7D52868DB
:10459000216920F0F80040EAC10028600DE0C9F868
:1045A00000B0FEF76DFF064604E0FEF769FF801BD2
:1045B00002281FD828688007F7D42078000722D562
:1045C000824F84486169703771B101210160FEF743
:1045D00057FF064604E0FEF753FF801B022809D868
:1045E00038688007F7D50EE0C0F800B0FEF748FF46
:1045F000064605E082E0FEF743FF801B02287DD8D7
:1046000038688007F7D42078400765D56F484FF0A9
:1046100000083C300068C0000BD46C483C30016896
:1046200041F08051016000684FF0010800F08050B7
:104630000090694F3868C0050FD4386840F4807026
:104640003860FEF71DFF064604E0FEF719FF801BE9
:10465000022853D83868C005F7D55C4FA0686C377E
:1046600001280FD00528386810D020F001003860EC
:10467000386820F004003860A068B0B1FEF700FF91
:1046800006460EE0386840F00100F4E740F0040010
:104690003860F7E7FEF7F4FE811B41F28830814273
:1046A00063D838688007F5D50DE0FEF7E9FE0646C9
:1046B00006E0FEF7E5FE811B41F28830814254D8C6
:1046C00038688007F5D4B8F1000F05D03F483C307A
:1046D000016821F080510160A069B8B33B49091D10
:1046E0000968C1F38101022946D00228584606D044
:1046F000C9F86000FEF7C4FE044639E035E04F46D5
:10470000C9F86000FEF7BCFE064604E0FEF7B8FEFE
:10471000801B022829D828688001F7D4D4E9070132
:104720000843A16A2D4A490802EB0141626A41EA45
:104730008211084394F82C1040EA0161CAF8001075
:1047400001203866FEF79CFE044605E03CE0FEF7DB
:1047500097FE001B022808D828688001F7D533E0AF
:10476000FEF78EFE001B022802D90320BDE8F88F59
:1047700028688001F4D427E00128F7D0DAF8000097
:10478000E26900F4800191421CD1226A00F03F01ED
:10479000914217D147F6C071626A0140B1EB821FA6
:1047A00010D1A26A4FF0FF3300F4403103EB520204
:1047B000B1EB024F06D194F82C1000F07060B0EB12
:1047C000016F01D00120D1E70020CFE7043802407B
:1047D00000004742800E4742007000400000FFFF8B
:1047E00070B5040009D0606A002540B1256165619B
:1047F000A56294F8510040B10CE0012070BD6068E2
:10480000B0F5827FF4D0E561F2E784F8505020469D
:1048100000F044F8022084F851002068016821F07B
:1048200040010160A088218900F4827001F40441F4
:104830000843A18901F400610843217C01F00201D1
:104840000843217D01F001010843218B01F400712F
:104850000843217F01F03801084394F8201001F04B
:1048600080010843218D01F400510843216808604C
:10487000A069042101EA104094F8241001F010010D
:104880000843216848602068C16921F40061C16162
:104890006565012084F85100002070BD2DE9F043CA
:1048A00087B0044614216846FBF7D0FE34492068DF
:1048B000884261D133480025016841F4805101608C
:1048C000006800F4805005902E481438016841F0CB
:1048D00002010160016801F002010591016841F0E7
:1048E000010101600068022600F001000590182017
:1048F00001274FF003084FF005098DE8C103694611
:104900002148FEF7CFFC80208DE8C10369461F488F
:10491000FEF7C8FC1F4E1E484FF0C0673060C6E966
:1049200001754FF48068C6E9035875617812B56166
:10493000C6E9075030467562FEF7F2FB08B1FDF795
:1049400079F8E664B463134E114860361830E6E82F
:1049500002074020A6E82101C00246F81459B561BB
:10496000C6E907500B4875626030FEF7D9FB08B105
:10497000FDF760F8A664B46307B0BDE8F0830000FB
:104980000030014044380240000402400000024070
:1049900040640240440E00202DE9FF4F81B01F46C5
:1049A0009346044601250E9EFEF76AFD804694F864
:1049B00051006168012806D0B1F5827F3CD1A16821
:1049C000C9BB042838D10298002870D0BBF1000F71
:1049D000FBD0002FF9D094F8500001282CD04FF0D4
:1049E000010A84F850A094F85100042802D0052050
:1049F00084F851004FF00009C4F85490C4F838B05E
:104A0000E787A78702992163E786A786C4F84090C5
:104A1000C4F8449020680168490603D4016841F055
:104A200040010160E068B0F5006F606808D0E8B34D
:104A3000012F47D07DE0FFE7022005B0BDE8F08FF1
:104A400008B1012F37D1206B21680088C860206B26
:104A5000801C2063E08E401EE0862CE02068816888
:104A600089070DD5E18E59B1012D09D1216B098836
:104A7000C160206B801C2063E08E401EE086002514
:104A800020688168C9070BD0E18F49B1C068A16B6C
:104A90000880A06B801CA063E08F401EE08701258A
:104AA000FEF7EEFCA0EB0800B04201E00AE064E093
:104AB00001D3701C4ED1E08E0028CFD1E08F0028AA
:104AC000CCD13CE0206B216800780873206B401C3F
:104AD0002063E08E401EE0862BE020688168890715
:104AE0000DD5E18E59B1012D09D1216B09780173E2
:104AF000206B401C2063E08E401EE086002520686D
:104B00008168C9070BD0E18F49B1C068A16B0870FB
:104B1000A06B401CA063E08F401EE0870125FEF7DC
:104B2000AFFCA0EB0800B04202D3701C01D011E032
:104B300086B1E08E0028D0D1E08F0028CDD142464A
:104B40003146204604F0DEF950B12020606584F83B
:104B5000509012E084F851A084F8509003206CE744
:104B6000A06818B92068C1688068009084F851A0D6
:104B700084F85090606D0028F1D001205DE7704707
:104B80007047000070B590F83C20012A32D0012512
:104B900080F83C50022280F83D20026853689468F7
:104BA00023F070060B6833435360134B02689A423C
:104BB00014D0B2F1804F11D0104B9A420ED0104B4E
:104BC0009A420BD00F4B9A4208D00F4B9A4205D015
:104BD0000E4B9A4202D00E4B9A4204D1496824F0FF
:104BE00080031943916080F83D50002180F83C100B
:104BF000084670BD022070BD000001400004004066
:104C000000080040000C004000040140004001404A
:104C10000018004010B5040003D094F83D0010B116
:104C200007E0012010BD002084F83C00204600F081
:104C30001FF8022084F83D00211D206804F026FDA5
:104C4000012084F8460084F83E0084F83F0084F890
:104C5000400084F8410084F8420084F8430084F85E
:104C6000440084F8450084F83D00002010BD000099
:104C700008B50068174A1849904211D1086840F0F9
:104C8000020008600868002200F002000090052180
:104C90001D20FEF7A1FDBDE808401D20FEF78EBDDA
:104CA0000E4A904207D1086840F004000860086886
:104CB00000F004000BE00A49884209D10648001DB3
:104CC000016841F400310160006800F40030009098
:104CD00008BD0000000400404038024000080040C9
:104CE0000044014090F83D10012901D00120704797
:104CF000022180F83D1000681149884214D0B0F1BB
:104D0000804F11D00F4988420ED00F4988420BD0F6
:104D10000E49884208D00E49884205D00D49884284
:104D200002D00D49884204D1816801F007010629AB
:104D300003D0016841F001010160002070470000CC
:104D4000000001400004004000080040000C00404A
:104D500000040140004001400018004090F83D1060
:104D6000012901D001207047022180F83D1001681F
:104D7000CA6842F00102CA6000681149884214D032
:104D8000B0F1804F11D00F4988420ED00E498842B1
:104D90000BD00E49884208D00D49884205D00D49F4
:104DA000884202D00C49884204D1816801F0070191
:104DB000062903D0016841F001010160002070471D
:104DC000000001400004004000080040000C0040CA
:104DD00000040140004001400018004070B5044646
:104DE00090F83C000025012817D0012684F83C608B
:104DF000022084F83D002068826822F0770222F4C5
:104E00007F4282600868502838D00DDC20284FD0BF
:104E100005DC90B3102811D14AE0022070BD302883
:104E200046D040280AD13BE060282FD070280DD012
:104E3000B0F5805F03D0B0F5005F12D0012584F893
:104E40003D60002084F83C00284670BDCB68D1E965
:104E50000121206804F08FFC2068816841F077010F
:104E600009E0CB68D1E90121206804F084FC2068C6
:104E7000816841F480418160E1E719E0CA684968CE
:104E8000206804F062FD5021206806E0CA68496885
:104E9000206804F06BFD6021206804F076FCCEE70A
:104EA000CA684968206804F050FD40212068F4E792
:104EB000226801461046F0E770472DE9F0410446AC
:104EC0000068C66805694FF00007A90713D5B10748
:104ED00011D5F91E016101202077206880698007C3
:104EE000204602D0FFF7E8FF04E000F0C1F82046BA
:104EF00000F053F92777680716D5700714D5216895
:104F00006FF004000861022020772068806910F4A7
:104F1000407F204602D0FFF7CFFF04E000F0A8F862
:104F2000204600F03AF92777280715D5300713D522
:104F300021686FF008000861042020772068C069AC
:104F40008007204602D0FFF7B7FF04E000F090F89A
:104F5000204600F022F92777E80616D5F00614D58A
:104F600021686FF010000861082020772068C06970
:104F700010F4407F204602D0FFF79EFF04E000F0CF
:104F800077F8204600F009F92777E80708D0F007FE
:104F900006D021686FF001000861204600F066F934
:104FA000280608D5300606D521686FF08000086114
:104FB0002046FFF7E4FD680608D5700606D521688F
:104FC0006FF040000861204600F057F9A8060AD5A6
:104FD000B00608D521686FF0200008612046BDE8C2
:104FE000F041FFF7CDBDBDE8F081000010B586B0FF
:104FF000044614216846FBF729FB2068174C002360
:1050000017490222A0420FD1086840F0080008604A
:105010000868694600F00800059050038DE80D000F
:10502000CDE903320F4814E00F4B984213D10868C2
:1050300040F0200008600868694600F020000590F4
:105040004020CDE900020120CDE9020203200490B6
:105050000648FEF727F906B010BD00000008004022
:1050600030380240000C024000440140001402406D
:10507000704770B5044690F83C0000260D460128A4
:105080000FD0012084F83C006AB1042A1DD0082A00
:105090002FD00C2A3FD00126002084F83C00304657
:1050A00070BD022070BD206804F078FB2068816923
:1050B00041F0080181612068816921F0040181616A
:1050C000206881692A69114311E0206804F096FB89
:1050D0002068816941F4006181612068816921F45F
:1050E00080618161206881692A6941EA02218161C8
:1050F000D2E7206804F0B8FB2068C16941F00801DC
:10510000C1612068C16921F00401C1612068C169E1
:105110002A69114311E0206804F0DAFB2068C169B4
:1051200041F40061C1612068C16921F48061C161FD
:105130002068C1692A6941EA0221C161ACE710B562
:10514000040003D094F83D0010B107E0012010BD29
:10515000002084F83C00204600F01EF8022084F86D
:105160003D00211D206804F091FA012084F84600DA
:1051700084F83E0084F83F0084F8400084F8410041
:1051800084F8420084F8430084F8440084F8450021
:1051900084F83D00002010BD7047704710B50446EC
:1051A00049B104290AD008290BD094F841000128FC
:1051B0000AD0012010BD94F83E00F8E794F83F00B3
:1051C000F5E794F84000F2E70220B1B3042938D0A3
:1051D000082939D084F841000122206804F0BEFA81
:1051E0001B4920681B4A884201D0904203D1436C7E
:1051F00043F4004343642068884213D0B0F1804FE9
:1052000010D0154988420DD0144988420AD014495B
:10521000884207D0904205D01249884202D01249F4
:10522000884204D1816801F00701062903D0016892
:1052300041F001010160002010BDFFE784F83E004D
:10524000CAE784F83F00C7E784F84000C4E70000DD
:10525000000001400004014000040040000800403C
:10526000000C004000400140001800400068B0F110
:10527000804F01D1FEF718BA7047704770477047EA
:10528000F8B5016804460868CA684B6910F00F0F4A
:105290004FF0000559D003F0010602F49077374330
:1052A00065D0C10705D0D10503D5616C41F001017E
:1052B0006164410705D5D90703D0616C41F0020153
:1052C0006164810705D5D90703D0616C41F0040101
:1052D0006164010707D502F02001314303D0616CFE
:1052E00041F008016164616C00293AD0800604D560
:1052F000900602D5204604F0D2FB20684069616C1C
:10530000C0F38010090700D460B3204604F092FB7C
:1053100020684069400621D52068143050E8001FFD
:1053200021F0400140E80012002AF5D1E06BA8B15D
:1053300072490165E06BFDF710FE002811D0E06BAB
:10534000016D01B0BDE8F040084783060FD5930614
:105350000DD52046BDE8F84004F0A1BB2046FFF77C
:105360008EFFF8BD2046FFF78AFF6564F8BD266B07
:105370002023012E7ED1C6067CD5D6067AD50868B4
:105380004868009048694FF0020640064DD5E26B30
:10539000106840684FF480770004000C3AD0A18D6B
:1053A000814237D9E085D069B8422DD020680C30D1
:1053B00050E8001F21F4807140E80012002AF5D166
:1053C0002068143050E8001F21F0010140E800126D
:1053D000002AF5D12068143050E8001F21F0400168
:1053E00040E80012002AF5D184F842302563206895
:1053F0000C3050E8001F21F0100140E80012002A94
:10540000F5D1E06BFDF760FD6663A08DE18D401A7C
:1054100081B206E0A18D8142A8D1D069B842A5D160
:1054200066632046FFF72AFFF8BDA08DE18D401A84
:1054300081B2E08D0028F7D00029F5D020680C302B
:1054400050E8002F22F4907240E80027002FF5D199
:105450002068143050E8002F22F0010240E80027B5
:10546000002FF5D184F84230256320680C3050E8D5
:10547000002F00E006E022F0100240E80023002B9D
:10548000F3D1CDE705062BD5150629D594F84100B3
:105490002128C9D1A068B0F5805F01D12069B0B1E1
:1054A000206A411C2162216800784860E08C401E1F
:1054B0000004000CE084B7D12068C16821F08001AD
:1054C000C1602068C16841F04001C160F8BD206A38
:1054D0000088C0F308004860206A801C2062E5E76D
:1054E0004006F3D55006F1D5CA68204622F04002A6
:1054F000CA6084F8413000F0ABF9F8BD919900081A
:1055000070B5040004D094F84100002510B106E005
:10551000012070BD84F84050204600F023F824207C
:1055200084F841002068C16821F40051C160204620
:1055300004F016FB2068016921F4904101612068A4
:10554000416921F02A0141612068C16841F400519C
:10555000C1606564202084F8410084F842006563DE
:10556000002070BD2DE9F04F87B004461421684635
:10557000FBF76CF88848DFF81C821438D4F800C0B8
:10558000854A022703210723002506154FF0400B0B
:105590004FF0006AC44564D1D2F800C04CF0100C42
:1055A000C2F800C0126802F010020592026842F0D0
:1055B00002020260026802F002020592026842F0F2
:1055C000010202600068884600F00100059080201A
:1055D000CDE900070DF1080C99468CE820036946D7
:1055E0006E48FDF75FFE7010CDE900070DF1080C65
:1055F00069468CE820036A48FDF754FE6A4F694803
:10560000D046C7E90356B14607F1180C86154FF48A
:10561000803A7D618CE860047D6287E80109384644
:10562000FDF77EFD08B1FCF705FAA763BC635E4F8A
:105630005C48603730383860C7E90185C7E90359ED
:1056400007F118017D6181E8600438467D62FDF74D
:1056500067FD08B1FCF7EEF9E763BC6307B0BDE88E
:10566000F08FDFF848814FF44039C4453BD14A4AB6
:10567000121FD2F800C04CF4802CC2F800C012688F
:1056800002F480220592026842F00402026000687F
:10569000029500F004000590CDE903134FF440603B
:1056A000CDE9000769464248FDF7FCFD3E4F414801
:1056B000C0373860C7E901A5C7E9035680157D6189
:1056C000C7E90650C7E908953846FDF729FD08B136
:1056D000FCF7B0F9E763002205212720BC63FEF741
:1056E0007BF8272052E0344B9C45B7D1136843F038
:1056F00020031360126802F020020592026842F053
:10570000400202600068029500F0400005904FF4EE
:105710008440CDE900070820CDE9031069462748F9
:10572000FDF7C0FD1F48264F90384FF020683860C5
:10573000C7E90185C7E903567D614FF40030BD61BB
:10574000C7E9075038467D62FDF7EAFC08B1FCF76F
:1057500071F9E763BC631A4F124860371838C7E91C
:1057600003567D61BD61C7E907597D6287E801097C
:105770003846FDF7D5FC08B1FCF75CF9A7630022B9
:1057800005214720BC63FEF727F84720FEF716F8EF
:1057900064E7000000100140443802400004024069
:1057A00000000240B8640240B410002000480040ED
:1057B0000008024028600240001401400018024026
:1057C000D41100207047000037B5044690F841001E
:1057D000202801D002203EBD019901B3FAB1216217
:1057E000A284E28400206064212384F84130A56B08
:1057F000144BEB63A56B144B2B64A56B134BEB6441
:10580000A36B186520681346A56B021D2846FDF79B
:10581000F1FC30B110206064202084F841000120A8
:105820003EBD21686FF0400008602068143050E8E9
:10583000001F41F0800140E80012002AF5D100204D
:105840003EBD0000E99900082B9A00089F990008C6
:105850007047704770B5044600203C4D2074A27B11
:10586000288861684243D4F8F400FAF793FEA17BDC
:10587000288841436068FAF7E9FEA07B10FB00F13D
:1058800028884143D4F81801FAF7E0FE207BA17B79
:1058900010FB01F128884143D4F80C01FAF7D6FE39
:1058A00000202BE0D4F8F41001EB800292ED000A06
:1058B000B5EEC00AF1EE10FA1ED0227C01EB820197
:1058C00081ED000A227C616A8854A169227B01EB88
:1058D0008001237C91ED000A6169095C12FB0311D0
:1058E0006FF0030202EB8101D4F80C21114481ED29
:1058F000000A217C491C2174401CC0B2A17B81425A
:10590000D0D8002010E0636AE2691B5C02EB8302DE
:1059100092ED000A10FB0101D4F81821401C02EBA3
:105920008101C0B281ED000A217C8142EBD8C8B26E
:1059300024F8780F14F86C0C608020816181218339
:1059400061832084618424F8301C70BD38050020F8
:1059500010EE100A0749DFED080A884202DB30EE3C
:10596000600A704710EE100A04498842F9D330EEFD
:10597000200A7047DB0F4940DB0FC940DB0F49C0ED
:10598000FEE7000070B50446001DFBF777FE208B94
:10599000F0EE400A01EE100A94ED080AB8EE411A42
:1059A00001EE600A02F030FE304984ED080A0889F1
:1059B00060834889A08389892183E18B401A462826
:1059C0000BDBE06A401E00EE100AB8EEC00A02F0DF
:1059D0001BFEBDEEC00A84ED0B0AA08BE083618B39
:1059E0009FED231A081A00EE100A2249224DF8EE04
:1059F000C00A80EE810A10EE100A84ED0A0A88427D
:105A000002DB9FED1E0A10E010EE100AA0F18040AC
:105A1000B0F5800F02D29FED1A0A06E010EE100AD0
:105A2000B0F1804F03DA9FED170A85ED010A204699
:105A3000FBF724FE84ED030A94F82400002813D019
:105A4000D4ED040A30EE800A84ED040AD5ED010A93
:105A5000B4EEE00AF1EE10FA06DB00209FED0A0A30
:105A600084ED040A84F8240070BD000018A800200A
:105A70000000C84200004040B4040020CDCCCC3D22
:105A8000CDCCCC3ECDCC4C3F00000000F0B5894FD2
:105A90000E462DED068B044687B01546D0ED040A60
:105AA00097ED050A844830EEC00AB0EEC00A10EE49
:105AB000101A814219DC94ED050A97ED061A30EEB2
:105AC000410AB0EEC00A10EE101A81420DDC94EDCE
:105AD000060A97ED071A30EE410AB0EEC00A10EE42
:105AE000101A814201DC2078F0B3DFED74AA80EE59
:105AF000AA0A06F0ABFFD4ED050AF0EE409A80EE5C
:105B0000AA0A06F0A3FFD4ED060AB0EE40AA80EE82
:105B1000AA0A06F09BFFD4ED040AB0EE409A80EE8C
:105B2000AA0A07F0B1F9D4ED050AB0EE408A80EE7A
:105B3000AA0A07F0A9F9D4ED060AF0EE408A80EE31
:105B4000AA0A07F0A1F969EE890A68EE281AB0EEF0
:105B5000601A01EE801A87ED081A2AEE081A87EDFE
:105B6000091A29EE801A00E023E069EE081A0020E5
:105B700001EEE81A87ED0A1A29EEA81A21EE001A9A
:105B800009EE481A87ED0B1A29EE8A1A87ED0C1ACE
:105B900028EE401A2AEE400A00EEE81A87ED0D1AA8
:105BA00087ED0E0A2AEE090AC7ED0F8A87ED100A63
:105BB00020700020694606EB800292ED000A04EB9B
:105BC0008002D2ED010A01EB8002401C20EE200A87
:105BD000C0B2032882ED000AEDD39DED001AD7ED87
:105BE000085ADDED010AD7ED094A61EE251A9DED4F
:105BF000020A97ED0A2A002044EEA01A03A942EEF9
:105C0000001AC6ED001A97ED0B3AD7ED0C3A97ED56
:105C10000D4A61EE031A43EEA01A44EE001AC6EDD7
:105C2000011AD7ED0E1A97ED0F5AD7ED102A21EE73
:105C3000211A05EE201A02EE801A86ED021A05EBF3
:105C4000800292ED000A01EB8002401CC0B282ED9E
:105C5000000A0328F3D39DED030A9DED041ADDED40
:105C6000050A60EE255A44EE815A42EE205A20EE93
:105C7000032A20EE210A03EE812A05EE010AC5ED72
:105C8000005A04EE202A02EEA00A85ED012A85EDD5
:105C9000020A94ED040A87ED050A94ED050A87EDE2
:105CA000060A94ED060A87ED070A07B0BDEC068BDD
:105CB000F0BD00006C0400206F12833AE12E6542B3
:105CC00010B504462DED048BD0F8EC00D0ED009A11
:105CD000D0ED018A90ED029A29EEA90A90ED038A8F
:105CE00008EEA80A09EE090A08EE080A07F062FBA6
:105CF0000020D4F8EC1001EB8001401CD1ED000A2B
:105D0000C0B2042860EE800AC1ED000AF1D33F481A
:105D1000D4F8001190ED6F0A60EE280AB6EE000A82
:105D200060EE800AC1ED040AD0ED6F0AD4F80011CC
:105D300060EE890A60EE800AC1ED050AD0ED6F0AB7
:105D4000D4F8001120EEA91AFEEE000A21EE201A66
:105D500081ED0A1A90ED6F1AD4F8001121EE081A9D
:105D600021EE001A81ED0B1A90ED6F1AD4F8001194
:105D700021EE081A21EE201A81ED101A90ED6F1A0B
:105D8000D4F8001121EE291A21EE201A81ED111A02
:105D900090ED6F1AD4F8001121EE091A21EE000AD5
:105DA00081ED160A90ED6F0AD4F8001120EE280A52
:105DB00020EE200A81ED170AD4F8F810D0ED740A0D
:105DC00091ED1C0A80EE201A81ED1C1AD4F8F8100F
:105DD000D0ED740A91ED230A80EE201A9FED0D0A92
:105DE00081ED231AD4F8F8000949026F8A4201DDD7
:105DF00080ED1C0AD4F8F800D0F88C208A4201DD2E
:105E000080ED230ABDEC048B10BD000018A4002017
:105E100000401C4600401C4670B52C4C01252DED61
:105E2000028B04F5D8702570B7EE008A80EC030A67
:105E300000209FED270A84ED730A84F83801C4E935
:105E40005000C4E9520011EE900AB0F17E5F01DD0E
:105E5000F0EE481AC4ED741A84ED642A032300227C
:105E60000621201D00F028FE1A4B01221146A3F145
:105E7000080006F042FE54F8EC0F9FED170A90223E
:105E800080ED008A54F86409184980ED010A606EBB
:105E900080ED020A606E80ED030A1048A06410488D
:105EA000E064104820651048606504F85A5C04F806
:105EB000595CE06FFAF76EFB606F9022BDEC028BCD
:105EC0000B49BDE87040FAF765BB000018A400203C
:105ED00077CC2B32E0A5002000000000F55E000822
:105EE000C15C0008295F00080164000884F900080B
:105EF0008005002010B50446902254F8F81F084889
:105F0000FAF748FB48220748616AFAF743FB05485D
:105F100061694822BDE810404830FAF73BBB0000F9
:105F200080050020F8A5002070B50446B0EE000AF8
:105F300054F8EC0F2B4DD0ED000A60EE800AC5ED51
:105F4000090AD0ED010A60EE800AC5ED0A0AD0ED1B
:105F5000020A60EE800AC5ED0B0AD0ED030A20EEBE
:105F6000800A85ED0C0A14F8DE0C14F8E01C10FB16
:105F700001F11D4800884143206AFAF767FBD5ED1F
:105F80000B1A206AB1EE612A80ED002A206A95ED95
:105F90000C1A80ED011A95ED090A206AF1EE400A0B
:105FA000C0ED020A206AD5ED0A0AC0ED030A206A94
:105FB000C0ED060A206A80ED070A206A80ED081A03
:105FC000206AC0ED091A206A80ED0C0A206AB1EE41
:105FD000600A80ED0D0A206A80ED0E2A206A80EDAD
:105FE0000F1A70BD3C0500203805002070B5F74C35
:105FF0002DED088BB0EE438AB0EE629AF0EE429A35
:10600000B0EE61AA2078F0EE41AAF0EE60BAB0EEF0
:1060100040BADFEDEF8A58B9B0EE682AF7EE001A01
:106020009FEDEC1ADFEDEC0AB2EE040AFFF7F4FE86
:1060300084ED6F8AD4ED581AE84D90223BEE610A48
:10604000E74984ED5B0AD4ED591A7BEEE10AC4ED11
:106050005C0AD4ED5A1A3AEEE11AF6EE001A20EE76
:10606000210A84ED5D1A20EE080A85ED000A20EE73
:10607000A10A20EE080A85ED010A21EE210A20EE90
:10608000080A85ED020AD4F8040104F58274FAF7CF
:1060900081FA95ED001A2068B1EE412A80ED012ABF
:1060A000D5ED010A2068F1EE602AC0ED022A95EDD7
:1060B000020A2068F1EE401AC0ED031A206880ED54
:1060C000061A206880ED080A2068C0ED092A2068B9
:1060D000C0ED0C0A2068C0ED0D1A206880ED0F1A83
:1060E000206880ED120A2068C0ED130A54F8440BB2
:1060F00080ED142A74E85201084305D184ED5EAAAC
:10610000C4ED5F9A84ED609A94ED5E0A94ED641A92
:10611000D4ED6F0A20EE012A30EE810AC2EE001A99
:1061200020EE8A2AC2EE002A31EEA22A84ED5E2AEF
:10613000D4ED5F1A61EE812AC2EE801A60EEA92AC0
:1061400060EE890A82EE803A71EE831AC4ED5F1A1E
:10615000D4ED602A62EE812A82EE801AC0EE802A97
:1061600022EE020A01EEA10A71EE220AC4ED600AD3
:1061700000EEA00A07F01EF985ED030A002004EBEB
:106180008001D1ED5E0AA16801EB800160EE800A1A
:10619000401CC0B2C1ED000A0328F0D394ED5B0AA5
:1061A000D4ED5C0A20EE000A00EEA00AD4ED5D0AF0
:1061B00000EEA00A07F0FEF8B7EE009A894989EED2
:1061C000001A84ED651AD5ED030A11EE100A89EE66
:1061D000200A884284ED660A0BDA10EE100A824922
:1061E000884206DD10EE100A8049884201DA01205B
:1061F00000E0002084F8390194ED6C0AD4ED6F0AB8
:10620000D4F8180120EE200A80ED000A94ED6C0A03
:10621000D4ED6F0AD4F8180120EE200A80ED070AA9
:1062200094ED6C0AD4ED6F0AD4F8180120EE200A20
:1062300080ED0E0A94ED6C0AD4ED6F0AD4F81801C3
:1062400020EE200A80ED150A94ED6D0AD4ED6F0A58
:10625000D4F8180120EE200A80ED1C0A94ED6D0A96
:10626000D4ED6F0AD4F8180120EE200A80ED230A3D
:10627000D4F81C0194ED6E0A80ED000AD4F81C01DC
:1062800094ED6E0A80ED040AD4F81C0194ED6E0AB8
:1062900080ED080A201D00F0F9FE6068B0EE008A6B
:1062A00090ED001A84ED541A90ED010A61EE012A76
:1062B00084ED550AD0ED021AC4ED561A90ED032A6A
:1062C00040EE002A84ED572A21EE021AD0ED040A8E
:1062D000C4ED580AD0ED050A00EE211AC4ED590AA2
:1062E000F0EE490AC4ED5A8A52EE880A21EE080AF5
:1062F00005F008FDDFED3E8AF0EE490A20EE280A9F
:1063000084ED6A0A94ED540A94ED571A60EE001A6F
:1063100041EE011A51EE880AD4ED551A20EE210AF9
:10632000D4ED561A01EE810A20EE080A05F0EAFCC7
:1063300020EE280A84ED690A94ED550AD4ED570A37
:1063400094ED561A20EE200AD4ED540A00EEC10A4C
:10635000F8EE000A20EE200A05F03EFC20EE280AA6
:10636000244984ED680A94ED6A0AD4ED760A70EE49
:10637000600A10EE900A884203DDB4F8D401401E92
:1063800007E010EE900A1C49884204D9B4F8D40101
:10639000401CA4F8D401B4F9D401DFED181A00EEC2
:1063A000900AB8EEE01AF0EE400A41EE210AC4ED80
:1063B0006B0A84ED760AF4E95201401C41F10001B8
:1063C000C4E90001BDEC088B70BD000018A40020DA
:1063D000000000008096184B6F12833A3C050020A5
:1063E00084F900089A99993ECDCC1441CDCC244132
:1063F000E12E654200003443000034C30000B44382
:106400002DE9F84F00F180010446783005460091EF
:1064100006F021FD84F8C800B4F87800A4F8A800BC
:10642000B4F85A00A4F8AA0004F1A80204F1580133
:1064300091468B46284606F0C1FC84F8C800B4F8A3
:10644000A800A4F8B000B4F88200A4F8B20004F1E7
:10645000B00290464846009906F0B0FC84F8C800A7
:10646000B4F89000A4F8A000B4F89200A4F8A20038
:1064700004F1A002154604F19001404606F028FB05
:1064800084F8C80041462846B03406F03BFB20762D
:10649000E06BBE490125D0ED001AF0EE002AC1EDF7
:1064A0000D1A90ED011A002781ED0E1AD0ED020AA7
:1064B000B74EC1ED0F0A90ED030A81ED100A21EEEF
:1064C000002A34F8380C2081658101EEE02AE06F63
:1064D00022EE222A80ED002A21EE812A61EEA11A05
:1064E000E06F00EE802A41EE411A22EE222A40EEB1
:1064F000E01A80ED012AE06FB03C40EE001AC0EDDA
:10650000021AD4F82C0100EB870090ED000AB0EEDF
:10651000C00A05F0D5FA06EB87007F1CFFB280EDBC
:10652000610A032FEDD3B4F84800A4F8C00004F1C9
:10653000C00204F1B801A4F8C25017468A4604F11B
:10654000480006F073FC84F8C800B4F8C000A4F852
:10655000A80024F8AA5F4A463946404606F02EFCB9
:10656000A077E581E08A20825146384606F073FC28
:10657000A077884A4946504606F020FCA07796ED61
:10658000730AB6EE001AD6ED720A20EE011AAA3C82
:10659000F4EEC10AF1EE10FA01D286F83851F4EEA9
:1065A000C00A0020F1EE10FA34DD96F8381181B3FC
:1065B00096F8391129B1D6E95012491C42F100026E
:1065C00001E000210A46C6E95012D6E950234FF0F7
:1065D000320C0021BCEB0202994102D286F838014C
:1065E00036E06D4E14F80C2F30884243D4E9370161
:1065F0007434F9F7CFFF14F8740C10FB00F23088F4
:106600004243D4E91E01F9F7C5FF04F8545CBDE824
:10661000F88FFFE79FED611A20EE011AF4EEC10A30
:10662000F1EE10FA0DDD96F8381151B170EE600AF6
:106630009FED5B1A20EE010A80EE801A86ED671A44
:1066400003E0B7EE000A86ED670A0021C6E95011A3
:1066500084F82C00B4F85800A4F8A800B4F882001C
:10666000A4F8AA004A4658466C34009906F0A6FBE6
:1066700004F85C0FA4F13002934641464846C83CFA
:1066800006F09CFB84F8C80000200DE0D4F81C1133
:10669000D6ED670A01EB8001401C91ED000AC0B203
:1066A00020EE200A81ED000AB4F89810B4F89A2080
:1066B00051438142EADC04219FED3A0A002006EBB7
:1066C000810C01EB41039CED5D1AD4F81C2103EB16
:1066D0000008C1EE000A02EB8802401C92ED001A8D
:1066E000C0B2032860EE810AC2ED000AEBD3491C58
:1066F000C9B20629E2D334F8980F52462084658443
:106700003946584606F05AFB84F8300096F83801AE
:10671000983C50B3DFED240A9FED241A0420D4F8EE
:10672000BC1096ED6F0A01EB800120EE200AD1ED3E
:10673000001AF4EEC01AF1EE10FA01DD81ED000A44
:10674000D4F8BC1096ED6F0A01EB800120EE010A2F
:10675000D1ED001AF4EEC01AF1EE10FA01D281ED7B
:10676000000A401CC0B20628D9D3D4F8BC009FED63
:10677000100A04F1300280ED030A514604F138009A
:1067800006F0A6F984F8C80041E700003C050020A7
:1067900018A40020D8A5002038050020CDCCCC3D81
:1067A0006666663FDA0FC93F0AD7233C0AD723BC87
:1067B00000000000114810B590ED070A1048D0ED18
:1067C000030A104801F04EFB0E4890ED0D0A06F04A
:1067D000CBFD00EE100A9FED0C1ADFED0C0AB8EEAF
:1067E000C00A06F0B1FDBCEEC00ABDE8104010EED4
:1067F000100A002182B2064803F092B800910020EE
:106800006C040020349100200000804F0000000044
:10681000940F002010B52448B7EE000A2DED028B2E
:10682000012180ED010A80ED020A9FED208A80EDB2
:10683000030A80ED048A80ED058A80ED068A0170E6
:10684000B0EE482AF7EE001A9FED191ADFED190A8B
:10685000B2EE040AFFF7E0FA00231A461946F0EEFA
:10686000484AB0EE484AF0EE483AB0EE483AF0EE08
:10687000482AB3EE042ADFED101AB0EE481ADFED15
:106880000F0A9FED0F0A0F4801F0D1FD00210E48BD
:10689000FEF784FC04489FED0D0A803880ED100A55
:1068A000BDEC028B10BD00006492002000000000CF
:1068B0008096184B6F12833A00007A44000096438A
:1068C0000000FA4434910020940F002096430B3CC2
:1068D00070B562482DED028B86B007C88DE80700C1
:1068E0005F48FAF7CBFE5E4D5E4885ED010AD5EDB7
:1068F000020A30EE800A85ED020AFAF731F85948AB
:10690000594C90ED000A04F11C0284ED070A90ED49
:10691000010AA2F10C0184ED080A90ED020A84ED4F
:10692000090A90ED030A84ED040A90ED040A84ED4F
:10693000050A90ED050A01F1700084ED060AFFF7E3
:10694000A5F8D4ED090A94ED070A05F0DBF99FEDEF
:10695000478A20EE080ADFED460A80EE201A84ED11
:106960001A1AD4ED090A94ED080A05F0CBF920EEC5
:10697000080ADFED400A04F1100080EE201A84EDD1
:106980001B1A95ED013A90EC060AFFF72FFB3A49E6
:1069900020464EC980E84E00024600F144012F48CF
:1069A0002438FAF748F92D48224602F150011838E8
:1069B000FAF741F92948224602F15C010C38FAF74E
:1069C0003AF9224603A96846FAF74DFF95ED011AF8
:1069D000002003AA04EB800102EB800391ED070A7B
:1069E000D3ED000A401CC0B230EE600AD4ED100AAC
:1069F000032820EE012A30EE810AC2EE001A91ED42
:106A00000A2A62EE200A80EE802A31EE820A81EDA7
:106A10000A0ADFD3144A02F13401A1F10C00FAF79B
:106A20000AF9164890ED6A0A84ED1E0A90ED690A8B
:106A300084ED1D0A90ED680A84ED1C0A90ED6B0A46
:106A400084ED1F0A287CC00701D1FFF7B3FE286937
:106A5000401C286106B0BDEC028B70BD78F90008BF
:106A60006C04002000910020E491002000003443D9
:106A7000DB0F49C0DB0F494068A5002018A40020A7
:106A8000F0B500230A24302537261F4610E0B4EB6A
:106A9000107F02D905EB107C01E006EB107C01F8B9
:106AA00013C001EB430C00015B1C8CF80170DBB2DE
:106AB0009342ECD3F0BD00002DE9F047DFF8DC8312
:106AC0000D460421A8F800100821A8F8021005734B
:106AD000427383734FF000091E46044680F81090FD
:106AE00017463046F9F744FC31466061F9F78CFDF2
:106AF000B8F800007043F9F73BFCA061B8F800104B
:106B00007143F9F7A3FDB8F800007043F9F730FCC2
:106B1000E061B8F800107143F9F798FDB8F800008B
:106B20006843F9F725FC2062B8F800106943F9F7CB
:106B30008DFD3046F9F71CFC31466062F9F764FDC3
:106B4000B8F800006843F9F713FC2060B8F80010AB
:106B50006943F9F77BFDB8F800007043F9F708FCCA
:106B60006060B8F800107143F9F770FDB8F80000E4
:106B70007843F9F7FDFBA060B8F800107943F9F706
:106B800065FDB8F800006843F9F7F2FBC4F8E800C7
:106B9000B8F800106943F9F759FD217B012204F18F
:106BA0003000D4F8E83005F0A8FFB8F800006843DA
:106BB000F9F7DEFBC4F8EC00B8F800106943F9F708
:106BC00045FD217B012204F13800D4F8EC3005F0BA
:106BD00094FF9FB1B8F800007843F9F7C9FBC4F8F7
:106BE000F000B8F800107943F9F730FD617B01221D
:106BF00004F14000D4F8F03005F07FFFB8F8000051
:106C00007043F9F7B5FBC4F8F400B8F8001071430D
:106C1000F9F71CFDA17B012204F14800D4F8F430FF
:106C200005F06BFFB8F8000068436843F9F7A0FB74
:106C3000C4F8F800B8F8001069436943F9F706FD95
:106C4000217B04F150000A46D4F8F83005F055FFD6
:106C5000B8F8000068436843F9F78AFBC4F8FC0001
:106C6000B8F8001069436943F9F7F0FC217B04F19F
:106C700058000A46D4F8FC3005F03FFFB8F8000091
:106C800068436843F9F774FBC4F80001B8F80000E2
:106C9000883468436843F9F76BFBE067B8F8001085
:106CA000A06F69436943F9F7D1FCB8F80010E06FB1
:106CB00069436943F9F7CAFC54F8783FA4F1A0008E
:106CC00014F8F41CA4F580740A4605F016FF217B25
:106CD00004F168000A46D4F8043105F00EFFAFB1A4
:106CE000B8F8000068437843F9F742FBC4F808019C
:106CF000B8F8001069437943F9F7A8FC627B217B5F
:106D000004F17000D4F8083105F0F7FEB8F800007F
:106D1000474670436843F9F72BFBC4F80C013888E9
:106D2000943468437043F9F723FBE0673988A06F18
:106D300071436943F9F78AFC3988E06F694371430D
:106D4000F9F784FC14F8882C14F8861CA4F11C00B4
:106D5000A36F943C05F0D1FEA27B217B04F180005F
:106D6000D4F8103105F0C9FE388868436843F9F754
:106D7000FFFAC4F81401398869436943F9F766FCDE
:106D8000217B04F188000A46D4F8143105F0B5FEE1
:106D9000388870437043F9F7EBFAC4F81801398862
:106DA00071437143F9F752FCA17B04F190000A464C
:106DB000D4F8183105F0A1FE388868437043F9F71C
:106DC000D7FAC4F81C01398869437143F9F73EFCCE
:106DD000A27B217B04F19800D4F81C3105F08DFED4
:106DE000207B10FB00F039884843F9F7C1FAC4F85A
:106DF0002001207B10FB00F039884843F9F7B8FAEE
:106E0000C4F82401207B10FB00F039884843F9F7CF
:106E1000AFFAC4F82801207B39884843F9F7A8FA6B
:106E2000C4F82C01207B39884843F9F7A1FAC4F84B
:106E30003001217B04F1A0000A46D4F8203105F08E
:106E40005CFE217B04F1A8000A46D4F8243105F049
:106E500054FE217B04F1B0000A46D4F8283105F035
:106E60004CFE217B012204F1B800D4F82C3105F04E
:106E700044FE217B012204F1C000D4F8303105F03A
:106E80003CFE04F8289F84F8019084F8029084F86E
:106E9000039084F80490BDE8F087000038050020D6
:106EA00070B50446C07B0F4D18B12046FEF7D2FCEA
:106EB0000DE0A27B288861684243D4F8F400F9F71A
:106EC00069FBA17B288841436068F9F7BFFB627BBF
:106ED0002888A1684243D4F8F000BDE87040F9F773
:106EE00059BB0000380500202DE9F041044690F818
:106EF0002C0000282BD1B4F89800A4F8A800B4F80E
:106F00007A10A4F8AA10A4F8B000B4F85A00A4F8B3
:106F1000B20004F1A802154604F1780104F19800CA
:106F200005F04CFF84F8C80004F1B00204F15801E8
:106F300016460F46284605F041FF84F8C80004F1C4
:106F400050023146384605F071FF84F8C800BDE8AC
:106F5000F0812DE9F041044690F8290000282CD159
:106F600004F1680104F160000F46064605F073FF66
:106F700084F8C80004F15802154604F15001304667
:106F800005F01CFF84F8C800B4F85800A4F8A80065
:106F9000B4F86A00A4F8AA0004F1A802164639461B
:106FA000284605F00BFF84F8C8002A4604F1880142
:106FB000304605F08DFD84F8C800BDE8F0812DE96C
:106FC000F047044690F82A0000285CD104F18001C3
:106FD00004F178008946054605F03DFF84F8C800B5
:106FE000B4F87800A4F8A800B4F85A00A4F8AA00ED
:106FF00004F1A80204F1580190460F46284605F016
:10700000DDFE84F8C800B4F8A800A4F8B000B4F815
:107010008200A4F8B20004F1B00215464946404689
:1070200005F0CCFE84F8C800B4F89000A4F8A000E5
:10703000B4F89200A4F8A20004F1A002164604F1EC
:107040009001284605F044FD84F8C80029463046E2
:10705000AA3405F057FDA07734F8520C24F8020C3E
:1070600034F8280C208042464946384605F0A6FEF2
:1070700004F81E0FA4F1300229464046C83C05F032
:107080009DFE84F8C800BDE8F087000070B5044696
:10709000FFF706FFD4F8CC1009B1204688472046F8
:1070A00000F068F8D4F8D01009B12046884720468F
:1070B000FFF74FFFD4F8D41009B120468847207C51
:1070C0002B4DC0B9E07BB0B1227B28884243D4E984
:1070D0003A01F9F75FFA207B10FB00F2288842435F
:1070E000D4E93E01F9F756FAD4F8E01009B1204688
:1070F0008847002029E02046FFF761FFD4F8D81028
:1071000009B120468847204600F06EF8D4F8DC101C
:1071100009B1204688472046FFF7E6FEE4E710FB6A
:107120000101D4F8F82002EB8101226AD1ED000AB6
:1071300002EB800292ED000AF4EEC00AF1EE10FAC2
:1071400001D281ED000A401CC0B2217B8142E6D809
:10715000CAB22888D4F8E81042432068F9F71AFA2E
:10716000D4F8E41009B120468847206870BD0000BB
:10717000380500202DE9F041044690F82800002849
:107180002AD1627B04F1300104F1600004F138057A
:1071900022B3227BA4F8B820012604F1B802A4F897
:1071A000BA60174605F00AFE84F8C800207BA4F8F0
:1071B000C000A4F8C26004F1C002164604F1400108
:1071C00004F1700005F0FAFD04F8C80F2A463146B4
:1071D000384605F07DFC2070BDE8F0812A4605F0B8
:1071E000EDFD84F8C800F7E72DE9F041044690F87A
:1071F0002B00002838D1B4F87800A4F8B800012595
:1072000004F1B80204F13801A4F8BA5090460F46D0
:1072100004F1780005F0D2FD84F8C800B4F8480005
:10722000A4F8C00004F1C002A4F8C25016464146BA
:1072300004F1480005F0FAFD84F8C800B4F898009D
:10724000A4F8B800A4F8BA504246314604F19800B8
:1072500005F0B4FD84F8C80004F130024146384618
:1072600005F036FC84F8C800BDE8F08110B5064989
:107270000120064C087002E0012006F0F7F82078A3
:107280000028F9D010BD0000B4040020BE04002086
:107290004A42904202DB884200DC00207047000036
:1072A0000148FEF76FBB0000C89A00200F4810B5D8
:1072B0000D4901600321416000214FF410228160DB
:1072C000C0E903124FF400124261017641768176E3
:1072D000C17601774177FBF71CFC002803D0BDE89D
:1072E0001040FAF7A7BB10BD00640040480D002015
:1072F0000F4810B50D4901600321416000214FF492
:1073000010228160C0E903124FF40012426101763D
:1073100041768176C17601774177FBF7FAFB002849
:1073200003D0BDE81040FAF785BB10BD00680040EF
:10733000700D0020074910B5054808600846FBF7A6
:107340009EFD002803D0BDE81040FAF773BB10BDC6
:107350000030024020000020254808B5016841F4B3
:1073600080010160016801F480010091016841F42D
:10737000001101600068002200F400100090052157
:107380000C20FCF729FA0C20FCF718FA0022052142
:107390003920FCF721FA3920FCF710FA00220521E8
:1073A0003A20FCF719FA3A20FCF708FA00220521E6
:1073B0003B20FCF711FA3B20FCF700FA00220521E4
:1073C0004420FCF709FA4420FCF7F8F900220521D3
:1073D0004520FCF701FA4520FCF7F0F900220521D1
:1073E0004620FCF7F9F9BDE808404620FCF7E6B96D
:1073F0003038024010B5AAB01C2221496846F9F77E
:10740000C9F80021684606F03DF81E4C1C491C22B4
:1074100060601C3107A8F9F7BDF8002107A806F045
:1074200031F81749A0601C2238310EA8F9F7B2F8DC
:1074300000210EA806F026F81149E0601C22543104
:1074400015A8F9F7A7F8002115A806F01BF80C49B4
:1074500020611C2270311CA8F9F79CF800211CA89F
:1074600006F010F8064960611C228C3123A8F9F758
:1074700091F8002123A806F005F8A0612AB010BDFC
:107480008CF80008000000202DE9F04786B0142198
:107490006846F9F7DBF857480025016841F002011A
:1074A0000160016801F002010591016841F04001AD
:1074B0000160016801F040010591016841F001019E
:1074C0000160016801F001010591016841F00801C6
:1074D0000160016801F008010591016841F00401B3
:1074E0000160016801F004010591016841F080012B
:1074F0000160016801F080010591016841F02001FF
:1075000001600068012200F02000DFF8EC80140226
:10751000059021464046FBF7ADFFDFF8E0900122E1
:1075200040214846FBF7A6FF354E01221021304688
:10753000FBF7A0FFDFF8CCA0012211465046FBF775
:1075400099FF00940124CDE9014569464046039521
:10755000FBF7A8FE4020CDE9000402256946484615
:10756000CDE90245FBF79EFE09204FF40417CDE953
:107570000007694602944846FBF794FE1020CDE9C7
:10758000000469463046CDE90245FBF78BFE30200A
:10759000CDE90007694602944046FBF783FE00945C
:1075A000694650460194CDE90245FBF77BFE002277
:1075B00005210620FCF710F90620FCF7FFF8002251
:1075C00005210920FCF708F90920FCF7F7F800224B
:1075D00005210A20FCF700F90A20FCF7EFF8002249
:1075E00005211720FCF7F8F81720FCF7E7F806B09C
:1075F000BDE8F08730380240000802400018024021
:1076000000000240000402400D4810B50B49016023
:107610000C49416000214FF480428160C0E90312AF
:1076200041618161C1610162FBF730FF002803D035
:10763000BDE81040FAF7FEB910BD0000005C004044
:10764000980D0020801A0600104810B50E49016000
:107650004FF482714160002102228160C0E903126F
:1076600001224261520282613822C0E9072141624F
:1076700081620A21C162FDF7B3F8002803D0BDE89A
:107680001040FAF7D7B910BD00300140EC0D0020D2
:1076900010B588B01C216846F8F7D8FF1548144982
:1076A000002401605321C0E9011440F2CF71C0E908
:1076B00003148461FDF7AEFA08B1FAF7BBF90D487F
:1076C000FDF73DFD08B1FAF7B5F96020CDE90004FA
:1076D00002940022694607480494FDF7CAFC08B1E9
:1076E000FAF7A8F90348FDF781FC08B010BD0000C7
:1076F00000440140940F002010B586B000241748C4
:107700000094019402940394049413490594016035
:10771000A721C0E9011442F20F71C0E903148021CE
:107720008161FDF777FA08B1FAF784F94FF48050D8
:10773000009069460948FDF751FB08B1FAF77AF95C
:10774000049404A905480594FDF71CFA002801D00B
:10775000FAF770F906B010BD00040040040F0020D5
:1077600010B58EB000240794089409940A940B94E1
:107770001C2168460C94F8F769FF1E481C49C0E9B3
:10778000001445F20721C0E9024104618461FDF75C
:1077900041FA08B1FAF74EF94FF48050079007A963
:1077A0001448FDF71BFB08B1FAF744F91148FDF73F
:1077B000C6FC08B1FAF73EF90B940BA90D480C94DE
:1077C000FDF7E0F908B1FAF735F96020CDE90004DA
:1077D00002940822694607480494FDF74AFC08B160
:1077E000FAF728F90348FDF701FC0EB010BD0000C0
:1077F000000800404C0F00200C4810B50A490160F9
:107800004FF4E1314160002181600C22C160C0E988
:1078100004128161C161FDF773FE002803D0BDE849
:107820001040FAF707B910BD00100140DC0F00202E
:107830000C4810B50A4901600B4941600021816084
:107840000C22C160C0E904128161C161FDF758FEDC
:10785000002803D0BDE81040FAF7ECB810BD0000D6
:107860000048004024100020A08601000C4810B5FC
:107870000A4901604FF461214160002181600C22BE
:10788000C160C0E904128161C161FDF739FE0028C1
:1078900003D0BDE81040FAF7CDB810BD0014014088
:1078A0006C10002010B500220F49104802F020FE95
:1078B00008B1FAF7BFF80E490C4803F037F808B1E1
:1078C000FAF7B8F80B49094802F0B2FB08B1FAF729
:1078D000B1F8064803F0AEF8002803D0BDE8104028
:1078E000FAF7A8B810BD000028000020941200206C
:1078F0007001002078000020B4EEE00AF1EE10FAEA
:1079000006DAF1EE600AB4EEE00AF1EE10FA01D800
:10791000B0EE600A7047FEE72DE9FC419446F0EEB8
:10792000413AB0EE604A0D4606469FED591ADFED2A
:10793000590A9FED593ADFED592A0A2A05D0BCF1C0
:10794000140F2AD01E2A50D07FE0102005F01DFD14
:1079500082B20C20B3EE0E1AFBEE0E0AB0EE440A11
:1079600005F013FD87B20C20B0EE431AF0EE620A68
:10797000B0EE630A05F009FD84B20C20B1EE041AE2
:10798000F0EE620AB0EE610A05F0FFFC83B20C2053
:10799000B2EE041AFAEE040A52E0102005F0F5FCEB
:1079A00082B20C20B2EE041AFAEE040AB0EE440AD7
:1079B00005F0EBFC87B20C20B0EE431AF0EE620A41
:1079C000B0EE630A05F0E1FC84B20C20B1EE041ABB
:1079D000F0EE620AB0EE610A05F0D7FC83B20C202B
:1079E000B3EE0C1AFBEE0C0A2AE010209FED2C1AC5
:1079F000DFED2C0A05F0C9FC82B20C209FED2A1A9B
:107A0000DFED2A0AB0EE440A05F0BFFC87B20C2075
:107A1000B0EE431AF0EE620AB0EE630A05F0B5FC70
:107A200084B20C20B1EE041AF0EE620AB0EE610AE4
:107A300005F0ABFC83B29FED1E1ADFED1E0A0C2091
:107A4000B0EE420A05F0A1FC80B2110A8DF80010D8
:107A50008DF8012039098DF80210C4F3032141EAA1
:107A600007118DF803108DF8044019098DF80510E1
:107A7000C0F3032141EA03118DF806108DF80700C9
:107A80006B46082229463046F9F7FEFBBDE8FC812B
:107A9000DA0F4940D64A49C00000FA43000000000E
:107AA000DC0F4940DC0F49C000003442000034C202
:107AB00000005842000058C2FEE7000070B50446BE
:107AC000D0F8060090ED011A784880ED031A0020E6
:107AD000042317E0D4F8061003EB80028D1801EBA5
:107AE0008001D5ED001A71EEC11AC1ED001AD4F86B
:107AF0000A100A4401EB8001D2ED001A401CC1EDCE
:107B0000001A80B22188491E8142E3DC2188D4F822
:107B100006006FF0070202EB8102024492ED001AA8
:107B20006FF0030202EB810131EE000A084480EDA0
:107B3000000A2188D4F80A0002EB81010844C0ED54
:107B4000000AD4F802002188884202D2401CC4F8FE
:107B50000200102104F11A00F8F756FD2188D4F82C
:107B600002000B1A98B23BE0D4F80620D4F81A5061
:107B700002EB800200EE905A92ED000A40EE000AFD
:107B800010EE905AC4F81A50D4F81E50D2ED000AE4
:107B900000EE105A30EE800A10EE105AC4F81E5053
:107BA000D2ED000AD4F80A20D4F8225002EB800269
:107BB00000EE105A92ED001A401C80B200EE810ACD
:107BC00010EE105AC4F82250D2ED000AD4F8262044
:107BD00000EE102A30EE800A10EE102AC4F826209B
:107BE0008142C1D800EE101AD4F82200D4F8262021
:107BF000B8EE400A00EE900AD4F81E0001EE102AFA
:107C000060EE800A00EE100AD4F81A2040EE410A15
:107C100000EE101A01EE102AB8EE400A21EE001A0A
:107C200000EE100A002000EE401A80EE810A10EEED
:107C3000102AC4F80E20C4F8160098B223E0D4F835
:107C4000063000EE902A03EB800393ED001AD4F87F
:107C5000123000EE103AD4F80A3000EE810A03EB3D
:107C60008003401CD3ED000AD4F8163080B230EE09
:107C7000600AF0EEC00A00EE103A30EE800A10EE14
:107C8000103AC4F816308142D9D800EE101A54F8D0
:107C9000160FB8EE401A00EE900A80EE810A10EE40
:107CA000100A00EE102A206070BD0000240500209C
:107CB00070B50446002524F8021B8E00256030466E
:107CC00005F0D8FF6060304605F0D4FFA060E560A5
:107CD000256160683146F8F7B9FCA0683146A41EFA
:107CE000F8F7B4FC04F11A00BDE870401021F8F771
:107CF0008BBC00000148FBF7EDBE00009017002090
:107D00002DE9F041066805460C46306C06EB44113F
:107D1000D1F8083B95F806C04FF400474FF0200E0D
:107D200005F29C42BCF1010F08D0DFF898C0604515
:107D300038D1180431D5C1F8087B3FE0224E5FEA04
:107D4000037C04D5B04239D91804F4D436E05FEA94
:107D5000836C02D5C1F808EB30E013F0280F2DD169
:107D6000B04201D91804E6D404EBC40005EB80004E
:107D7000D1F8101BD0F87432C1F31201591AC0F8AF
:107D8000681200F51570ACB903691BB1C2681144E3
:107D9000C1600FE0012128680AE098060AD5C1F801
:107DA00008EB07E034B9D5F8640218B90021304671
:107DB00003F0BEF9E1B22846FBF774FD0020BDE8F0
:107DC000F08100000A31544F0A30544F2DE9F84F2A
:107DD0000E4601EBC60100EB81048146D0F800801D
:107DE000D4E909101434884202D90120BDE8F88F83
:107DF000081AA168814200D20846C01C870808EB17
:107E0000461A15E0451AA068A84200D20546E81CAB
:107E1000870899F806000090ABB2F2B24046E168DC
:107E200003F0C4FCE0682844E060606928446061B5
:107E3000DAF8180980B2B84205D3D4E904018142C6
:107E400001D20028DED1D4E90401884208D806F026
:107E50000F0101208840D8F834188143C8F834183D
:107E60000020C3E770B504462DED028BF0EE608A6A
:107E700090F89800B0EE408A000649D5606B00EE9D
:107E8000100A206C01EE100ADFEDFE1A21EE211A15
:107E9000B4EEC10AF1EE10FA3AD32068FA4A00EEC5
:107EA000100AB0EEC00A10EE101A914230DB2169C0
:107EB00000EE100A01EE101AF44930EE410AB0EE5D
:107EC000C01A00EE100AF0EEC01A81EE210A10EE80
:107ED000100A88420ADD54F89D0F6168401C44F87E
:107EE000040B41F1000144F8A11904E00021C4F899
:107EF0009D10C4F8A110D4F89D20D4F8A1104FF41F
:107F0000FA7300209A1A884102D2012084F8A50051
:107F100004F18C00F9F7B2FB10EE100A18EE101AFB
:107F2000C4F8900018EE900A21612060D4F89920DE
:107F3000D74B012A04D0022A78D0002A77D018E043
:107F400000EE101AB5EEC00AF1EE10FA71DD00EE87
:107F5000100AB5EEC00AF1EE10FA6AD200EE101A5D
:107F6000DFEDCC0A96E010EE100A01E010EE900A68
:107F7000A061D4F8A61009B120468847A06900EE98
:107F8000100AB5EEC00AF1EE10FA00EE100A01DC9C
:107F9000B1EE400AA16C00EE901AB4EEE00AF1EEE8
:107FA00010FA7CDDD4F8941004F16203E9B362683E
:107FB00000EE102A0A6800EE902A70EE200A00EE09
:107FC000100A20EE800A10EE102A6262A26800EE0B
:107FD000102A4A6800EE902AD4F8902070EE200A09
:107FE00000EE100A60EE800A00EE102A20EE800AF1
:107FF00010EE105A2563B4F86050022D7ED900EEC1
:10800000900A00EE102A1846FFF758FDE06800EECF
:10801000900AD4F89400806801EE100A70EE810A8C
:1080200020EE200A10EE100ACDE07DE020E074E0A2
:10803000FFE700EE101AB5EEC00AF1EE10FA6CD2AE
:1080400000EE100AB5EEC00AF1EE10FA65DD00EEA2
:10805000101ADFED910A01EE100A70EEC00A00EE70
:10806000100A30EE800A00EE901A71EE600A4AE0C3
:1080700000EE101AB5EEC00AF1EE10FA23DD00EEA4
:10808000100AB5EEC00AF1EE10FA1CD200EE101A7A
:10809000DFED820A70EEC00A00EE100A00E09DE1FA
:1080A00030EE800A00EE900A01EE101A70EEC10A5E
:1080B00083EC020AB1EE601AB4EEC10AF1EE10FAD6
:1080C000BFF454AF4FE700EE101AB5EEC00AF1EE60
:1080D00010FA22D200EE100AB5EEC00AF1EE10FA44
:1080E0001BDD00EE101ADFED6E0A70EEC00A00EE26
:1080F000100A30EE800A00EE900A00E04CE001EE3B
:10810000101A70EEC10AB1EE401A83EC020AB4EE06
:10811000E01AF1EE10FAD3D225E700EE100A00EED5
:10812000901A30EE600A1EE7616800EE100A00EE59
:10813000901A20EE800A10EE101A00EE100A61620A
:10814000A16800EE901AD4F8901060EE800A00EE5C
:10815000101A20EE800A10EE102A2263B4F8602074
:10816000022A0AD900EE900A00EE101A1846FFF70C
:10817000A5FCE06800EE900A52E700EE100AE06904
:1081800000EE900AE06870EE600A00EE100A20EE41
:10819000801A00EE101A12E0E368896800EE103AC7
:1081A00000EE901A30EE201A00EE100AE06900EEA0
:1081B000900A30EE600A21EE001A00EE102AC1EE9D
:1081C000000A10EE900AE062D4F8AA1009B1204625
:1081D000884794F89800410721D5D4F89410B6EE5A
:1081E000000AE9B3A268496800EE902A01EE101A6D
:1081F000A16970EE811A00EE901AE16901EE101A81
:1082000070EE810A20EE800A61EE800AD4F89010A8
:1082100000EE101A20EE800A10EE101A216380067C
:1082200002D5204604F082FF94F89800800702D51A
:10823000204604F0D4FF94F89820500639D5E06A1F
:10824000D4F8901000EE900A00EE101AE06D60EE87
:10825000801A00EE900A00EE101A30EE800A00E05C
:108260004CE081EE801AE36B00EE100A00EE903ACB
:1082700060EE801A00EE100A00EE901A30EE200A2E
:1082800010E000006F12833A17B7D1383333733FD1
:10829000F40100200000B4430000B4C3DB0FC94068
:1082A000DB0FC9C0C1EE800A31EE200A10EE100AC1
:1082B000E062D00702D0204604F0EDFFA06A00EE95
:1082C000100A206B00EE900A30EE200A10EE100A21
:1082D000A062626A00EE100A00EE902AE06A70EE78
:1082E000800A00EE100A30EE800A10EE100A606379
:1082F00094F89810C90611D4606B34E0A16900EEBF
:10830000901AE16901EE101AA16870EE810A60EE20
:10831000800A00EE101A60EE800A77E7D4F8901019
:1083200000EE100A00EE901AA06DA36B60EE201A0A
:1083300000EE900A00EE101A30EE800A00EE903A3D
:1083400081EE801A00EE100A60EE801A00EE100A2C
:1083500000EE901A30EE200AC1EE800A31EE200ABB
:1083600010EE100A606300EE900A206C00EE100A16
:10837000F4EEC00AF1EE10FA00DD6063616B00EE0E
:10838000100A00EE901AB1EE400AF4EEC00AF1EEC7
:1083900010FA06D200EE100AB1EE400A10EE101AE2
:1083A000616300EE102A00EE900AB4EEE00AF1EEEE
:1083B00010FA00DD6062616A00EE100A00EE901AA9
:1083C000B1EE400AF4EEC00AF1EE10FA06D200EE69
:1083D000100AB1EE400A10EE100A60622069606176
:1083E000606BA063E16AE163A169E161216B2162D5
:1083F00000EE100ABDEC028B70BD38B504460020BB
:108400002063A062A061E062206160636062A0639B
:1084100060612062E061E0632060D4F88C0000902D
:108420006846F9F72BF90098C4F88C0038BD2DE99F
:10843000F041044611EE100A0025A06410EE900AE7
:108440001E46606410EE100A1746206411EE900A72
:108450002560606012EE100AA06012EE900AE060E3
:1084600013EE100A2563206513EE900A606514EE82
:10847000100AA06514EE900AE065A4F8601004F1FB
:108480006200FFF715FCC4F88C50C4F8997084F8AA
:1084900098600020C4F89D00C4F8A10084F8A5509D
:1084A0006563BDE8F0810021017041708170416019
:1084B0008160C160704700002DE9F047504E0C46C6
:1084C0000546817C30794FF00108002721B118B1B1
:1084D000377186F8018004E0014301D186F80480F9
:1084E0007770E87C10B186F8008000E03770287D56
:1084F0004FF4FA7A4106A07806D598B984F802803C
:10850000FAF7BEFFE0600DE060B1A770FAF7B8FFC0
:10851000E168401A504505D2B07A08B1B77201E05F
:1085200086F80A80A88ADFF8DC900004607806D517
:1085300080B984F80180FAF7A3FFA0600AE048B18F
:108540006770FAF79DFFA168401A504502D22421B6
:10855000C9F82C10A88A40053FD4E87A032804D033
:10856000022807D0012817D048E07079A0BB86F810
:10857000058043E0707978B37771D9F82C004C46C8
:10858000401E00EE100AB8EEC00A00F03DF8BDEE45
:10859000C00A84ED0B0A07E07079E8B17771D9F869
:1085A0002C10491CC9F82C10A88A400526D5E87A59
:1085B000032814D0B3EE040A022816D0012809D1EA
:1085C000B079002806D0B771D6ED030A30EE800AE4
:1085D00086ED030ABDE8F08710E07771E7E7B07930
:1085E0000028F7D186F80680F4E7B0790028F1D0AA
:1085F000B771D6ED030A30EEC00AE9E7B771E9E7D3
:10860000C0040020C89A0020B5EEC00AF1EE10FAAE
:1086100001DA9FED010A70470000000030B5144CEC
:1086200023685D6945F040055D612368DC6844F0BE
:108630001004DC600F4C23681D6825F001051D60E7
:1086400023681D68ED07F7D125680B4BAB602368E5
:10865000D86020680161206842602068016841F4A8
:10866000802101602068016841F00101016030BD96
:1086700024100020741100200448004070B50D46FD
:108680002DED028BB1EE008A0170427080ED010A7F
:1086900000EE105A04461646B8EE400A28EE000ACC
:1086A000BCEEC00A10EE100A05F0E4FA00EE105A13
:1086B0006061B8EE400A28EE000ABCEEC00A10EE77
:1086C000101AF7F7C3FF0122294604F16C00636911
:1086D00004F013FA00EE106AB8EE400A28EE000A21
:1086E000BCEEC00A10EE100A05F0C4FA00EE106AE3
:1086F000E060B8EE400A28EE000ABCEEC00A10EEB8
:10870000101AF7F7A3FF0122314604F15C00E36879
:1087100004F0F3F900EE105AB8EE400A68EE000AD1
:1087200000EE105AB8EE400A20EE800ABCEEC00AF5
:1087300010EE100A05F09EFA00EE105AE061B8EE55
:10874000400A68EE000A00EE105AB8EE400A20EE29
:10875000800ABCEEC00A10EE101AF7F777FF2A461F
:10876000114604F17C00E36904F0C7F900209FED95
:10877000FE0A07E000FB0502E169401C01EB8201F3
:1087800081ED000AA842F5DB00EE105AB8EE400A6F
:1087900068EE000A00EE106AB8EE400A20EE800A89
:1087A000BCEEC00A10EE100A05F064FA00EE105A92
:1087B0002061B8EE400A68EE000A00EE106AB8EEDA
:1087C000400A20EE800ABCEEC00A10EE101AF7F73D
:1087D0003DFF3246294604F16400236904F08DF917
:1087E00000EE105AB8EE400A68EE000A00EE106A79
:1087F000B8EE400A20EE800ABCEEC00A10EE100A65
:1088000005F038FA00EE105AA062B8EE400A68EEA1
:10881000000A00EE106AB8EE400A20EE800ABCEEB4
:10882000C00A10EE101AF7F711FF2A46314604F17C
:108830009C00A36A04F061F900EE105AB8EE400AF9
:1088400068EE000A00EE106AB8EE400A20EE800AD8
:10885000BCEEC00A10EE100A05F00CFA00EE105A39
:10886000A060B8EE400A68EE000A00EE106AB8EEAA
:10887000400A20EE800ABCEEC00A10EE101AF7F78C
:10888000E5FE3246294604F15400A36804F035F9A8
:1088900000EE105AB8EE400A68EE000A00EE105AD8
:1088A000B8EE400A20EE800ABCEEC00A10EE100AB4
:1088B00005F0E0F900EE105A2062B8EE400A68EECA
:1088C000000A00EE105AB8EE400A20EE800ABCEE14
:1088D000C00A10EE101AF7F7B9FE2A46114604F145
:1088E0008C00236A04F009F90020F7EE008A07E003
:1088F00000FB0502216A401C01EB8201C1ED008AE8
:10890000A842F5DB00EE106AB8EE400A68EE000AF5
:1089100000EE106AB8EE400A20EE800ABCEEC00AF3
:1089200010EE100A05F0A6F900EE106A6062B8EECB
:10893000400A68EE000A00EE106AB8EE400A20EE27
:10894000800ABCEEC00A10EE101AF7F77FFE32461E
:10895000114604F19400636A04F0CFF8002007E0A8
:1089600000FB0602616A401C01EB8201C1ED008A36
:10897000B042F5DB00EE105AB8EE400A68EE000A8D
:1089800000EE105AB8EE400A20EE800ABCEEC00A93
:1089900010EE100A05F06EF903462A46E062114611
:1089A00004F1840004F0A9F800EE105AB8EE400A71
:1089B00028EE000ABCEEC00A10EE100A05F05AF9C3
:1089C0000346A0610122294604F1740004F095F8E1
:1089D00000EE105AB8EE400A68EE000A00EE106A87
:1089E000B8EE400A20EE800ABCEEC00A10EE100A73
:1089F00005F040F9034620633246294604F1A400FD
:108A000004F07BF800EE106AB8EE400A68EE000A47
:108A100000EE106AB8EE400A20EE800ABCEEC00AF2
:108A200010EE100A05F026F903463246606311463F
:108A300004F1AC0004F061F800EE106AB8EE400AF0
:108A400068EE000A00EE106AB8EE400A20EE800AD6
:108A5000BCEEC00A10EE100A05F00CF903463246CF
:108A6000A063114604F1B40004F047F800EE106A68
:108A7000B8EE400A68EE000A00EE106AB8EE400A4E
:108A800020EE800ABCEEC00A10EE100A05F0F2F8E3
:108A900003463246E063114604F1BC0004F02DF8B1
:108AA00000EE105AB8EE400A68EE000A00EE105AC6
:108AB000B8EE400A20EE800ABCEEC00A10EE100AA2
:108AC00005F0D8F803462A462064114604F1C40094
:108AD00004F013F800EE105AB8EE400A68EE000AEF
:108AE00000EE105AB8EE400A20EE800ABCEEC00A32
:108AF00010EE100A05F0BEF803462A4660641146DF
:108B000004F1CC0003F0F9FF00EE106AB8EE400A61
:108B100028EE000ABCEEC00A10EE100A05F0AAF812
:108B20000346A0640122314604F1D40003F0E5FFBE
:108B300000EE106AB8EE400A28EE000ABCEEC00A49
:108B400010EE100A05F096F80346E0640122314663
:108B500004F1DC0003F0D1FF00EE105AB8EE400A39
:108B600028EE000A02E0000000247449BCEEC00AAE
:108B700010EE100A05F07EF820650346BDEC028B6E
:108B8000294604F1E400BDE87040012203F0B5BFBE
:108B9000F8B53348006801684FF00005890603D531
:108BA000016840680090F8BD2E490968C906FAD5E9
:108BB000016840682C4A0090106801682B4B09033B
:108BC0002B4C01684FF024074FF47A7621F0010115
:108BD000016020D410684168C1F1240189B2198074
:108BE00047601068036843F400230360106802685C
:108BF00042F0010202601529D5D104F12100F8F7F5
:108C00002DF940B3152204F1210120E02560F8BDC3
:108C1000401C2060F8BD11684868C0F1240080B293
:108C200018804F6013498B6A23F400238B6211680C
:108C30000A6842F001020A601528EBD10C481521A0
:108C400045300746F8F70AF928B115223946084891
:108C50000C30F7F75AFC2068B042D9DBD6E70000A9
:108C60006C10002000140140D41100205006002098
:108C700088A600200060024030B5C37A0125002498
:108C80000D4A022B02D0032B02D003E00C7001E04E
:108C90000D70D570C17A012904D1D17811B1D47089
:108CA000557000E054700088B0F5257F01D0147035
:108CB00030BD157030BD0000C004002010B50C4C54
:108CC0006078002812D144F620610120F8F732F8CC
:108CD0006068401C6060B0F57A7F07DB012060703F
:108CE00000206060BDE81040F8F71CB810BD00001F
:108CF0005406002030B5034608780C4600F00F00FB
:108D000018600878DFED3E0A00095860B1F80100EC
:108D10009FED3C0A40BA9860C9782579090141EA7B
:108D20001511D9602579617905F00F0541EA052112
:108D300019610A2A04D0142A18D01E2A2CD048E01F
:108D4000102105F0A7F883ED070A0C21F3EE0E0AB7
:108D5000BBEE0E0AD86805F09DF883ED080A0C21D9
:108D6000F2EE040ABAEE040A18692EE0102105F0AA
:108D700091F883ED070A0C21F2EE040ABAEE040A18
:108D8000D86805F087F883ED080A0C21F3EE0C0A89
:108D9000BBEE0C0A186918E01021DFED1B0A9FEDED
:108DA0001B0A05F077F883ED070A0C21DFED180A9E
:108DB0009FED180AD86805F06DF883ED080A0C21BC
:108DC000DFED150A9FED150A186905F063F883EDCC
:108DD000090AA07900EE100AB8EE400A83ED0C0AE9
:108DE000E07900EE100AB8EE400A83ED0D0A986BA8
:108DF000B0F57A7F01DB002000E0401C986330BDB5
:108E0000DA0F4940D64A49C0DC0F4940DC0F49C05F
:108E100000003442000034C200005842000058C232
:108E200010B50446007850280CD11C212046F8F7D4
:108E300015F8002806D02146BDE810401C22024843
:108E4000F7F763BB10BD0000809200200249242286
:108E5000A1F12400FFF7E2BB70A80020234818B45A
:108E600000680168890604D501684068009018BC54
:108E700070471F490968C906F9D5016840681D4A4D
:108E80000090106801681C4C090301684FF024032E
:108E900021F00101016011684868C0F1240080B22E
:108EA00020804B600FD411680B6843F400230B60E3
:108EB00011680A6842F001020A601228D7D10F49EE
:108EC00001F124000EE00E498B6A23F400238B622B
:108ED00011680A6842F001020A601228C7D10749E6
:108EE00001F1480018BC04F049BF00002410002024
:108EF00000480040741100208006002028A80020AF
:108F000000600240F8B515460E460B460092044636
:108F10000122022100F02CF8A0B91348134900687F
:108F2000B0FBF1F04FF47A71484300906068B0F5FF
:108F3000827F0DD13346002280212046009500F02B
:108F400017F870B1606D40F0200060650320F8BD37
:108F5000009830B1401E009020688068C043000631
:108F6000F6D50020F8BD00009800002000366E0104
:108F70002DE9F8431E46914688460446089DFAF7B7
:108F80007FFA401B351AFAF77BFA07462648006835
:108F9000C0F3CB3068430AE0701C09D0FAF770FACE
:108FA000C01BA8420FD275B10098B8B3401E009004
:108FB0002068816838EA010033D000204845EBD1B1
:108FC0000020BDE8F8832068416821F0E00141609D
:108FD0006068B0F5827F0BD1A068B0F5004F02D079
:108FE000B0F5806F04D12068016821F04001016074
:108FF000A06AB0F5005F09D12068016821F4005132
:1090000001602068016841F400510160012084F88A
:109010005100002084F850000320D2E7FFE700252C
:10902000C6E70120CAE700009800002001784078D8
:1090300041EA0020704700001CB5184818496B46EB
:1090400090ED1C0ABDEEC00A10EE100A48601549EA
:1090500009890A0A8DF800208DF8011012490A8941
:10906000120A8DF8022091F84C108DF80310010AB5
:109070008DF804108DF805000C4808224FF490710B
:1090800090F82C008DF806000948C079C0F3011053
:109090008DF807000748F8F7F7F81CBDE4910020A9
:1090A00018050020F89A002048A70020C89A002040
:1090B00094A60020480D00201CB51748DFED170AC4
:1090C000174990ED000A08226B4630EE200ABDEEEB
:1090D000C00A10EE100A8860124949788DF8001015
:1090E000114909788DF80110010A8DF802108DF8E8
:1090F00003000E48B0F81100010A8DF804108DF835
:10910000050000208DF806008DF807005101084881
:10911000F8F7BAF81CBD0000CC040020000043455D
:109120001805002080920020CA04002094A6002088
:10913000480D002010B51E4C5320012204F8030BEB
:109140001C4804F8022C9FED1D0A407804F8010C1D
:10915000194801682160416861608168A160C16847
:10916000E160D0ED1E0A60EE800A10EE901A2161D7
:1091700000216161D0ED1D0A20EE800A10EE100A78
:10918000A061E161A2840E48206229210848F7F716
:1091900051FE0749E0842B2201F12B00F7F7B5F9C6
:1091A00003482B21BDE810402B30F7F72DBE0000FF
:1091B0009C92002018A80020E491002034FA8E3CF4
:1091C0009A9939411CB510486B4641880A0A8DF8B6
:1091D00000208DF8011001890A0A8DF802208DF80F
:1091E0000310818A0A0A8DF804208DF80510817A0F
:1091F0008DF80610C07A8DF80700082280210348F8
:10920000F8F742F81CBD000028A80020480D0020F7
:1092100070B516460C460546D1ED030A91ED010ADC
:10922000F8F70AFCB0EEC00A10EE100A204B01223B
:109230002049984207DC887828B995F8240010B9AD
:109240008A7085F82420307838B3012824D191ED34
:10925000030ADFED190A194B002230EE200A84EDD3
:10926000020A08789FED160AE8B1164840780228ED
:1092700012D1887800280FD095F8240000280BD14F
:10928000A86A984208DB8A70D4ED030A30EEC00A5F
:10929000FCF75EFB84ED030A70BD9FED0B0A8A703C
:1092A00084ED020A70BD48788E783040E2E7000015
:1092B000CDCCCC3DC0040020000043456666863F0F
:1092C000920A863F8092002000000000F7F7F2FA31
:1092D000F7F702FB012004F0C9F8F9E7F7F790FC73
:1092E000F7F7A0FC012004F0C1F8F9E7FEF7DAFA7D
:1092F000F8F73CF8074C41F2883500262068401CFE
:109300002060A84200DD2660F8F7A8F80A2004F0E3
:10931000ADF8F3E700000020F8F798FEF9F7C6F87B
:10932000012004F0A3F8F9E7FDF774FAFDF7D0FA8D
:10933000012004F09BF8F9E7FDF798FFFDF7B0FF77
:10934000012004F093F8F9E710B5502080F311885C
:10935000BFF34F8FBFF36F8F05F014FB18B10449B3
:109360004FF080500860002080F3118810BD00008D
:1093700004ED00E030B593B030216846F7F766F9A8
:1093800014210CA8F7F762F91D480025016841F087
:1093900080510160006800F0805011901948016808
:1093A00041F4804101600068022400F48040119083
:1093B00001200090000401908001CDE906400620C4
:1093C0000890A820CDE9090407200B906846FBF718
:1093D0005BF808B172B6FEE70CA90F2081E83100F6
:1093E0004FF4A0500F904FF48050109005210CA81E
:1093F000FAF738FF002801D072B6FEE713B030BD8F
:1094000040380240007000400248016841F4700199
:109410000160704788ED00E070B504462DED068BC5
:10942000B0EE408A2030F8F729F910EE100A606299
:10943000B0F17C5F04DD9FED820ABDEC068B70BD50
:1094400018EE101A7F4D2160A06808EE101A00EE89
:10945000900A606800EE100A60EE800A00EE100AC2
:1094600060EE800A00EE100AC5ED040A226901EEE2
:10947000102A21EE000A85ED050AE06801EE100AC7
:1094800031EE481A31EE000A85ED060AB5EEC00A43
:10949000F1EE10FA01DCB1EE400AF2EE001AB0EE85
:1094A000601A00EE211A21EE200A10EE100A06F0D2
:1094B00071F941EC100B02F043FE51EC100B05F07A
:1094C0001DFCE86195ED060A04F0BAFC95ED071A5B
:1094D000D5ED040AB6EE008A31EE601A20EE011ACC
:1094E00095ED050A01EE080A85ED080A95ED060AD4
:1094F00030EE200A04F0A4FCF0EE408A95ED060A56
:10950000D5ED040A30EE600A04F09AFC78EEC00A49
:1095100095ED051A95ED060A31EE001A60EE810A06
:1095200060EE888AD5ED040A30EE200A04F088FC4B
:10953000B0EE409A95ED060AD5ED040A30EE600AC9
:1095400004F07EFC79EE400AB7EE009AB0EE490ACC
:1095500000EEC80AD5ED080A40EE808AC5ED098AFA
:10956000A06800EE100A60EE680A95ED040AC0EEED
:10957000809A38EE800A04F063FCF0EE408A95EDA4
:10958000090AD5ED040A30EE600A04F059FC38EE01
:10959000C00A29EE800A60EE088A95ED090A04F0F7
:1095A0004FFCA06800EE900A20EE20AA95ED090A73
:1095B000D5ED040A30EE200A04F042FCF0EE409AA9
:1095C00095ED090AD5ED040A30EE600A04F038FC86
:1095D00039EEC00A00EE489A4AEE498A18EE900A1F
:1095E000C5ED0A8A6061E16908EE900A00EE101A82
:1095F000626A216978EE800A00EE102A60EE800A25
:1096000000EE101A00EE880A10EE101A2161A3690C
:1096100000EE101A00EE903A70EE200A00EE102ACA
:10962000E26860EE800A00EE102A00EE880A10EE72
:10963000102AE260E061A16100EE102AFDE6000060
:1096400000000000F401002010EE101AC16000219B
:10965000016141618161C161704710EE101A816042
:1096600010EE901A41600021C16001614161816189
:10967000C16170470148FBF720BC0000742E002038
:109680000148FBF71ABC0000040F0020F0B5026887
:10969000274D284E284FDFF8A4C0294B4FF0804EAD
:1096A000A84209D0704507D0B04205D0B84203D0D7
:1096B000604501D0984203D122F070044A682243E9
:1096C000A8421BD0704519D0B04217D0B84215D06F
:1096D000604513D0984211D01A4CA0420ED01A4CBB
:1096E000A0420BD0194CA04208D0194CA04205D082
:1096F000184CA04202D0184CA04203D122F440746E
:10970000CA6822434C6922F0800222438C68C462FA
:109710000C688462A84201D0984201D109690163B2
:10972000016841F004010160012141610260F0BD66
:10973000000001400004004000080040000C004010
:109740000004014000400140004401400048014045
:1097500000180040001C00400020004010B501F03F
:109760001F010123046A8B409C430462036A8A4000
:109770001343036210BD10B5846842EA032224F447
:109780007F440A432243826010BD826822F0700247
:109790000A4342F00701816070470000F0B5026A99
:1097A000036A23F00103036243688469114E24F0C5
:1097B00073050C68104F2C4322F002058A682A4377
:1097C000B04201D0B84205D122F00805CA682A4348
:1097D00022F00402B04201D0B84205D14D6923F411
:1097E00040731D438B692B43436084614968416327
:1097F0000262F0BD0000014000040140F0B5026AC1
:10980000036A23F010030362436884690D6824F43B
:10981000E64444EA05248D6822F0200242EA05125B
:109820000F4D104EA84201D0B04206D1CF6822F0B1
:10983000800242EA071222F04002A84201D0B04260
:1098400007D14D6923F4406343EA85038D6943EAF8
:10985000850343608461496881630262F0BD000052
:109860000000014000040140F0B5026A036A23F4DD
:10987000807303624368C46922F4007224F07305A4
:109880000C68124E2C438D6842EA05220E4DA84208
:1098900001D0B04206D1CF6822F4006242EA07222A
:1098A00022F48062A84201D0B04207D14D6923F46E
:1098B000405343EA05138D6943EA05134360C461CD
:1098C0004968C1630262F0BD00000140000401402C
:1098D00030B5036A026A22F4805202624268C469A7
:1098E0000D6824F4E64444EA05248D6823F400530B
:1098F00043EA0533084DA84202D0084DA84204D1DE
:109900004D6922F4804242EA85124260C46149688E
:109910000164036230BD000000000140000401400A
:109920000068C36A934201D2C26A92B239B1042973
:1099300007D0082907D00C2900D102647047426380
:10994000704782637047C263704710B5046A036A48
:1099500023F001030362836923F0F00343EA021357
:1099600024F00A020A438361026210BD10B5036A43
:10997000046A24F010040462846923F0A00324F430
:10998000704444EA023243EA01118261016210BD6F
:1099900010B5806B0021C185FBF771FC10BD70B55F
:1099A000846B2068406994F84110C0F3C010002512
:1099B000212904D118B1E584204600F062F820681E
:1099C000406994F84210C0F38010222904D118B1E4
:1099D000E585204600F02EF8606C40F010006064D1
:1099E0002046FBF74CFC70BD10B50146806B096842
:1099F0000968C90516D40021C1840168143151E8F1
:109A0000002F22F0800241E80023002BF5D10168ED
:109A10000C3151E8002F42F0400241E80023002BB6
:109A2000F5D110BDFBF714FF10BD10B5806BFBF72F
:109A300010FF10BD01680C3151E8002F22F4907224
:109A400041E80023002BF5D10168143151E8002FC3
:109A500022F0010241E80023002BF5D1016B01291E
:109A600009D101680C3151E8002F22F0100241E8C1
:109A70000023002BF5D1202180F842100021016342
:109A8000704701680C3151E8002F22F0C00241E814
:109A90000023002BF5D1202180F84110704708B534
:109AA00090F84210222901D0022008BD81684FF4AD
:109AB0008053994201D1026922B1826A99421BD036
:109AC00049B10AE00268816A5268C2F308020A805A
:109AD000816A891C08E0016971B10168496801F077
:109AE0007F011170816A491C8162C18D491E090480
:109AF000090CC18503D01BE001684968F1E70168E2
:109B0000CA6822F02002CA600168CA6822F4807222
:109B1000CA6001684A6922F001024A61202180F886
:109B2000421000214163026B012A03D0FBF74AFE79
:109B3000002008BD016301680C3151E8002F22F0BC
:109B4000100241E80023002BF5D101680A68D20613
:109B500002D50A6849680091818DFBF78FFBE7E722
:109B600070B5044600680169E26821F44051114370
:109B70000161A1682069E269014360691043014302
:109B80002068C26849F20C639A430A43C2602068A5
:109B90004169A26921F44071114341613149206852
:109BA000884202D03049884202D1FAF72BFC01E00A
:109BB000FAF718FCE2690023192164253226B2F570
:109BC000004F626828D0A0FB0101930F9200F6F7C6
:109BD00025FC0146B0FBF5F06FF01802504301EB95
:109BE000800006EB0010B0FBF5F000F0F002B1FBD6
:109BF000F5F002EB0012B1FBF5F06FF018035843DB
:109C000001EB800006EB0010B0FBF5F000F00F0058
:109C100021681044886070BDA0FB010192185B416F
:109C2000F6F7FCFB0146B0FBF5F00201B1FBF5F0E5
:109C30006FF01803584301EB800006EBC000B0FB47
:109C4000F5F000F0F80002EB4002B1FBF5F05843EC
:109C500001EB800006EBC000B0FBF5F000F0070060
:109C6000D6E70000001001400014014010B5034881
:109C7000FBF706FBBDE81040FFF7F0B8241000200A
:109C800010B50348FBF7FCFABDE81040FEF780BFB3
:109C90006C1000202DE9F0410D46D0F8D412D0F818
:109CA000C86200EB8101D1F8C01229B305F00F039F
:109CB00003EB830200EB8202002754694CB103EBF3
:109CC000C30306EB8303DB69B4FBF3F603FB164324
:109CD000A3B1C1F81472D0F8D42200EB8200D0F8FE
:109CE000C40203692BB1D1F808022A4601F50471B8
:109CF00098470020BDE8F0810320FBE7002357616F
:109D00001A46294600F0F1FDF3E770B50546D0F894
:109D1000D40205EB8000D0F8C04294B1284600F090
:109D2000C3FCC4F80C02D5F8D412D4F8040205EB35
:109D30008101D1F8C412CA6804F50371904700206C
:109D400070BD032070BD000070B5234D0446297816
:109D500000F0EAFB2878002600F00F0000EB8000FE
:109D600004EB800080F823606978204600F0DCFB7B
:109D7000687800F00F0000EB800004EB800080F8B2
:109D80006361A978204600F0CFFBA87800F00F00AF
:109D900000EB800004EB800080F82360C661D4F8FB
:109DA000D40204EB8000D0F8C01299B1D0F8C402FC
:109DB00040688047D4F8D40204EB8000D0F8C00299
:109DC00000F0BCFFD4F8D40204EB8000C0F8C062FD
:109DD000C4F8BC62002070BD1C01002010B5D0F892
:109DE000D41200EB8100D0F8C04284B1D0F8C41284
:109DF00059B194F80002FF2807D08B6894F801222B
:109E000021469847FF2084F80002002010BD03205F
:109E100010BD00000A210180004870472001002089
:109E200070B5064682210C4800F001FB0546012171
:109E3000094800F0FCFA04468121074800F0F7FACF
:109E40000DB11021A971402104B1A18000B1818020
:109E500043203080004870BD2C01002070B50646BC
:109E600082210D4800F0E3FA054601210A4800F07E
:109E7000DEFA04468121084800F0D9FA0DB110211C
:109E8000A9714FF4007104B1A18000B18180432019
:109E90003080014870BD00002C01002070B50646DE
:109EA00082210C4800F0C3FA05460121094800F060
:109EB000BEFA04468121074800F0B9FA0DB110211D
:109EC000A971402104B1A18000B18180432030807C
:109ED000004870BD2C0100202DE9F04704464FF4E6
:109EE0000776304600F02CFF05004FF0000865D0E3
:109EF0003146F6F7ABFBD4F8D4023E4E04EB8000BB
:109F00004FF01009C0F8C052C4F8BC52207C4FF486
:109F1000007A0127E8B3402302223178204600F07E
:109F20002EFC3078402300F00F0000EB800004EBA3
:109F3000800080F8237002227178204600F01FFC18
:109F40007078082300F00F0000EB800004EB800025
:109F5000032280F86371B07800F00F0000EB8000FE
:109F600004EB8000C0F81C90B178204600F007FC9C
:109F7000B07800F00F0000EB800004EB800080F868
:109F80002370C5F80482D4F8D402474604EB80005D
:109F900000E01BE0D0F8C40205F5017500688047B9
:109FA0002F616F612A687AB1207C00B340237178F9
:109FB000204600F0F0FB0020BDE8F087D4F8D41272
:109FC00004EB8101C1F8C0820220F5E7534602226A
:109FD0003178204600F0D3FB3078534600F00F0074
:109FE00000EB800004EB800080F82370A3E7534669
:109FF000DDE700001C01002010B5D0F8D41200EB02
:10A000008101D1F8C01259B1027C084C002AD1F864
:10A01000042207D04023617800F0BDFB002010BD72
:10A02000032010BD4FF40073F5E700001C01002071
:10A0300039B1D0F8D42200EB8200C0F8C41200205D
:10A04000704703207047D0F8D42200EB8200D0F88C
:10A05000C00218B1C0F804120020704703207047F6
:10A06000D0F8D43200EB8300D0F8C00228B1C0F899
:10A070001022C0F8081200207047032070472DE915
:10A08000FC410646D0F8D4020C4606EB80000021C5
:10A09000D0F8C0728DF80010ADF804100D4637B13D
:10A0A000217811F060022FD0202A4BD102E003204A
:10A0B000BDE8FC81E288F2B109060DD5D0F8C402F2
:10A0C00094F801C03946836860469847E288072AB9
:10A0D00000D9072239462DE0607887F80002E08831
:10A0E000402800D34020C2B287F8012239463046CA
:10A0F00000F081F82BE0D0F8C40266780022836873
:10A1000021463046984722E0607830B101281ED0C1
:10A110000A2809D00B2815D110E096F89C020328D4
:10A1200010D1022201A905E096F89C02032809D16A
:10A1300001226946304600F07AF808E096F89C0261
:10A14000032804D02146304600F04AF8032528466B
:10A15000AEE7000010B5D0F8D41200EB8101D1F8C1
:10A16000C02201211AB1D2F8143213B116E0032033
:10A1700010BD0121C2F814120949D2F81042097821
:10A1800001F00F0303EB830300EB83035C61D2F860
:10A190001032D2F8082200F0A8FB0021084610BDBA
:10A1A0001C01002010B5D0F8B82200245268904756
:10A1B00000B10324204610BD0020704700207047E6
:10A1C000134610B50A46002100F0E5FA002010BD44
:10A1D000134610B50A46002100F087FB002010BD91
:10A1E00010B50446802100F061FB2046BDE8104018
:10A1F000002100F05BBB10B50323C0F89432C0F817
:10A200005421C0F858211346C0F864110A460021B1
:10A2100000F0C1FA002010BD10B50521C0F894125D
:10A2200000231A46194600F0B6FA002010BD10B5FA
:10A230000223C0F8943242618261134641620A46A9
:10A24000002100F052FB002010BD10B50421C0F821
:10A25000941200231A46194600F047FB002010BD57
:10A2600010B50A46024903A000F00FF9004810BDDE
:10A27000741C002043444320436F6E6669670000EE
:10A2800012200880004870474800002010B50A4698
:10A29000024903A000F0F9F8004810BD741C00202A
:10A2A00043444320496E7465726661636500000033
:10A2B00004200880004870474400002010B50A467A
:10A2C000024903A000F0E1F8004810BD741C002012
:10A2D00053544D6963726F656C656374726F6E6918
:10A2E0006373000010B50A46024903A000F0CDF8E0
:10A2F000004810BD741C002053544D333220566961
:10A30000727475616C20436F6D506F727400000041
:10A3100010B51A2008800A480168001D0468001D55
:10A320000068081809D008220649FCF7A9FB05496E
:10A33000042210312046FCF7A3FB0248801E10BD0A
:10A34000107AFF1F5E000020F8B504460020ADF82B
:10A35000000048880D46010A08295FD2DFE801F0B5
:10A360005E0409175E5E3D45D4F8B412207C0A688D
:10A3700019E0207C02260028D4F8B80205D0C16A72
:10A38000684688470146467039E0816AF8E7C0B2FE
:10A39000062843D2DFE800F0030B1115191DD4F88D
:10A3A000B402426806E069469047014627E0D4F8C7
:10A3B000B40282688AB3207CF5E7D4F8B402C2689C
:10A3C000F8E7D4F8B4020269F4E7D4F8B4024269B9
:10A3D000F0E7D4F8B4028269ECE7207CE8B9D4F85D
:10A3E000B802416B68468847DFE7207CA8B9D4F8FB
:10A3F000B802016B68468847014607204870EA8822
:10A400008AB1BDF8000040B1824200D90246ADF8E1
:10A4100000202046FFF70BFFF8BDFFE72946204646
:10A42000FFF7DEFEF8E72046FFF70FFFF4E778B509
:10A430000E4642880178002405468A4212D9ADF8BA
:10A4400000100AE0694600F019F84178052904D1A6
:10A4500081780446B14205D000246988BDF8002007
:10A460009142EFD8204678BD002102E0491CC9B2D4
:10A47000401C0278002AF9D1084670470A88037800
:10A480001A440A8001780844704770B516460D4694
:10A49000002820D00446FFF7E7FF022101EB40012E
:10A4A0004FF40070814204D82046FFF7DDFF4000E2
:10A4B000801C3080307828700320687002200022D1
:10A4C00006E02954401CC0B22A54401CC0B2641C8F
:10A4D00021780029F5D170BD01004FF0000004D0B3
:10A4E000012901D0022901D00320704701207047C3
:10A4F00078B10023C0F8B832C0F8C432C0F8D03206
:10A5000009B1C0F8B412012180F89C12027000F069
:10A51000CFB80320704710B5D0F8C802F9F704FA95
:10A52000BDE81040FFF7D8BF10B5D0F8C802F9F762
:10A53000D6F9BDE81040FFF7CFBF70B5044600253F
:10A5400021B194F89C02032846D050E0D4F894122C
:10A5500004F11400022939D1818942688A420AD95A
:10A56000511A4160828901691144016142682046A3
:10A57000FFF72EFE0FE0914214D10068884211D3FC
:10A58000D4F8981288420DD2002211462046FFF7D7
:10A590001FFEC4F8985200231A461946204600F0C0
:10A5A000FAF813E094F89C02032808D1D4F8B80212
:10A5B000C16821B1C4F8D452C168204688478021BF
:10A5C000204600F073F92046FFF726FE94F8A0021B
:10A5D00068B184F8A0520AE0D4F8B802426932B1F6
:10A5E000C4F8D452426920469047002800D1002088
:10A5F00070BD10B50446002221B194F89C020328D6
:10A6000034D03EE0D4F8941204F5AA70032938D16E
:10A610008389416899420ED9C91A416001699AB289
:10A6200011440161426898B2824200D80246204635
:10A63000FFF7C6FD25E094F8AA0210F01F0003D032
:10A64000012802D0022800D0002294F89C0203289E
:10A6500008D1D4F8B802016921B1C4F8D422016943
:10A66000204688472046FFF7F0FD0AE0D4F8B802FC
:10A67000836933B1C4F8D422826920469047002808
:10A6800000D1002010BD0020704710B5002401212A
:10A6900080F89C12D0F8B82222B152680179904714
:10A6A00000B10324204610BDD0F8C802F9F769B9FB
:10A6B00010B5017839BB15490222C1F8E004C0F891
:10A6C000C8124FF0A040086004200871CA71002031
:10A6D00088714A728872C87208738873C873084692
:10A6E000F9F7A6FC08B1F7F7A5F980210748F9F7B3
:10A6F000A6F8402200210548F9F7A5F8802201219B
:10A700000248F9F7A0F8002010BD000090170020C3
:10A710000A0601F07F01D0F8C80201EBC10100EB8D
:10A72000810001D5807D704790F85602704710B5C2
:10A73000D0F8D42200EB8202D2F8B82222B190F8ED
:10A740009C32032B02D004E0032010BD126A02B138
:10A750009047002010BD10B5D0F8D42200EB820243
:10A76000D2F8B82222B190F89C32032B02D004E038
:10A77000032010BD526A02B19047002010BD10B5F1
:10A780001C461346D0F8C8022246F9F703F9BDE883
:10A790001040FFF7A1BE10B5D0F8C802F9F72BF9A9
:10A7A000BDE81040FFF798BE2DE9F04100250126D5
:10A7B000044680F89C62C4F894526560C4F8A452C0
:10A7C00080F8A052D0F8B80230B1426822B100211E
:10A7D0002046904700B10325002240231146204621
:10A7E000FFF7CDFF402784F86361A4F860713B4612
:10A7F000002280212046FFF7C2FF84F823602784CF
:10A800002846BDE8F08190F89C12042903D190F805
:10A810009D1280F89C120020704710B590F89C1291
:10A82000032905D1D0F8B81211B1C96901B188471F
:10A83000002010BD01740020704710B5D0F8C80288
:10A84000F9F7BCFCBDE81040FFF746BE70B5044602
:10A8500000F2AA20054600F051F80120C4F8940245
:10A86000B4F8B002C4F8980294F8AA2212F01F00BB
:10A870000AD001280ED0022812D02046BDE8704030
:10A8800002F0800100F012B829462046BDE8704071
:10A8900000F0D2B829462046BDE8704000F015BA55
:10A8A00029462046BDE8704000F05CB910B5D0F8EC
:10A8B000C802F9F7BCF8BDE81040FFF70DBE10B5AF
:10A8C000D0F8C802F9F794FCBDE81040FFF704BEC9
:10A8D00090F89C12042903D090F89C1280F89D12E5
:10A8E000042180F89C120020704710B5D0F8C802EF
:10A8F000F9F7D6F8BDE81040FFF7EEBD70B5044695
:10A9000011F8010B207011F8010B60700D4608461C
:10A91000FEF78CFBA91C60800D460846FEF786FBFF
:10A92000A080A81CFEF782FBE08070BD38B504460D
:10A930000020ADF80000A1B1C4F8B812D4F8D402D8
:10A9400004EB8000D0F8B802C16A19B168468847A4
:10A95000C4F8D002D4F8D802401CC4F8D8020020B1
:10A9600038BD032038BD03460020D3F8B822002AA2
:10A9700002D0126818461047704700002DE9F041D8
:10A9800088462B4E8978002504463170012906D966
:10A9900041462046FFF724FC0320BDE8F08194F8EF
:10A9A0009C02022702280CD003281DD041462046D5
:10A9B000FFF716FC31782046FFF7F4FB0325284605
:10A9C000EBE789B320466160FFF7CDFF050004D0B7
:10A9D00041462046FFF704FC1DE02046FFF735FC0A
:10A9E000032084F89C02EAE7C1B1606888421BD06A
:10A9F000C1B22046FFF7D6FB317820466160FFF7F1
:10AA0000B2FF050010D041462046FFF7E9FB21794F
:10AA10002046FFF7C7FB84F89C72D0E784F89C724D
:10AA200020466160FFF7BEFB2046FFF70EFCC6E73D
:10AA300018010020FFF743BF2DE9F0410A780026F6
:10AA400012F060020CD0202A01D0402A7DD1D0F82B
:10AA5000D42200EB8202D2F8B8229268904731E00B
:10AA60004A78002301250A2A6FD2DFE802F0416606
:10AA70006E586E08056E2D29FFF766FC67E00446E8
:10AA80008888D8B9C888C8B94888802816D200F004
:10AA90007F0794F89C02032810D084F89E723946F0
:10AAA0002046FFF7CAFE2046FFF7CFFB1FB102206A
:10AAB00084F89C024BE084F89C5248E0204644E035
:10AAC000FFF75CFF064642E0CA88012A3DD190F8B4
:10AAD0009C22012A04D0022A02D0032A35D104E0A4
:10AAE000012200F10801836016E00122011D13E03C
:10AAF00090F89C22012A03D0022A01D0032A24D1F3
:10AB0000CA88022A21D1C560D0F8A41209B1032154
:10AB1000C160022200F10C01FFF789FB17E04A88AF
:10AB2000012A02D0022A03D00FE0C0F8A45216E096
:10AB30008988090A80F8A01211E090F89C22012A65
:10AB400008D0022A06D0032A04D0FFF749FB30467A
:10AB5000BDE8F08149880129F9D1C0F8A432FFF796
:10AB600074FBF4E72DE9F041054608780C790E46B0
:10AB70004FF0000810F060000BD0202801D04028D2
:10AB80006BD121462846FFF717FBFF2800D0D8B32A
:10AB900098E07078C8B3012824D003285DD195F8D7
:10ABA0009C02022802D0032857D10CE0002C54D07C
:10ABB000802C52D021462846FFF778FE8021284677
:10ABC000FFF774FE7EE0708840B93CB1802C05D060
:10ABD000C88818B921462846FFF768FE2846FFF7BF
:10ABE00034FB6FE095F89C020228DFD0032866D181
:10ABF000708888BB600603D021462846FFF78BFC8F
:10AC00002846FFF722FBBCE700E00AE0C5F8D402C3
:10AC1000D5F8B8028268FAB1314628469047804696
:10AC200050E095F89C020027022802D0032846D164
:10AC300014E00CB1802C42D1200604F07F0000EB20
:10AC4000800005EB800101D5143101E001F5AA7106
:10AC5000022201F80E7F2EE034E030E0200604F0FE
:10AC60000F0000EB800005EB80000AD590F8230070
:10AC700028B304F07F0000EB800005EB800614365B
:10AC80000AE090F86301D0B104F07F0000EB80008F
:10AC900005EB800606F5AA764CB1802C07D021463C
:10ACA0002846FFF735FD10B10120B07300E0B773FF
:10ACB000022206F10E012846FFF7B9FA02E0284603
:10ACC000FFF78EFA4046BDE8F08170B5054608787A
:10ACD00000240E4610F0600003D0202801D0402848
:10ACE00027D195F89C02012803D0022801D003281F
:10ACF0001FD1B088C1B201291AD8C1B22846FFF7C6
:10AD00005DFAFF280CD058B9D5F8B8128A683AB164
:10AD1000C5F8D4028A68314628469047044600E0C8
:10AD20000324F088204307D12846FFF78EFA03E07A
:10AD300031462846FFF754FA204670BD70470000A0
:10AD4000004870477015002070B50A78012302F0A2
:10AD50000F054E78AB401B4CD0F81C58012E17D075
:10AD600045EA0343C0F81C3800EB4210D0F8002B32
:10AD700012040BD4D0F8002B0B890979C3F30A0312
:10AD80001A4344EA81410A43C0F8002B002070BDF9
:10AD90009BB21D43C0F81C5800EB4210D0F800399C
:10ADA0001B04F3D4D0F800390D890979C5F30A05DD
:10ADB00089042B4341EA82510B432343C0F80039F5
:10ADC000E4E7000000800010D0F800196FF30A01DA
:10ADD000C0F80019D0F8041841F48071C0F80418C4
:10ADE0000020704770B50D460446C2F30720049951
:10ADF0001E4601281BD0E06840F04000E06020467D
:10AE000000F032F8C6F307210029A16B26D021F407
:10AE10008031A163C5F30741012907D1A16841F041
:10AE20000601A160A16841F02001A16070BDA06B86
:10AE300020F48030A063E0680A4A1040E060E068D7
:10AE400020F44010E060C8B2012803D1E06840F46B
:10AE50008010E060204600F007F8DBE741F4803125
:10AE6000D7E70000BFFFBDFF08B500214FF07062BB
:10AE700000910099491C0091914210D80169002964
:10AE8000F7DA0A210091491E0091FCD1016941F0D5
:10AE9000010101610099491C0091914201D90320EF
:10AEA00008BD0169C907F5D1002008BD70B54C780F
:10AEB0000A78012300EB4212012C2DD0D2F8004B6E
:10AEC000002C0BDAD2F8004B44F00064C2F8004BBF
:10AED000D2F8004B44F08044C2F8004BD0F83C4814
:10AEE0000D781E4605F00F05AB4024EA0343C0F879
:10AEF0003C38D0F81C48097801F00F0106FA01F33C
:10AF000024EA0341C0F81C18D2F8000B1949084084
:10AF1000C2F8000B002070BDD2F80049002C0BDAFB
:10AF2000D2F8004944F00064C2F80049D2F8004960
:10AF300044F08044C2F80049D0F83C480D7805F050
:10AF40000F061D46B3409BB29C43C0F83C48D0F866
:10AF50001C48097801F00F0105FA01F399B28C43FE
:10AF6000C0F81C48D2F8000903490840C2F800099B
:10AF7000D0E700000078F3EF007833ECD0F8001E43
:10AF800021F00301C0F8001ED0F8041821F00201DE
:10AF9000C0F8041800207047D0F8001E21F003010B
:10AFA000C0F8001ED0F8041841F00201C0F80418DF
:10AFB000002070472DE9F04F002604460F469246C8
:10AFC0003046354604EB8001C1F80451401C0F287F
:10AFD000F8D3C3F307405FEA000B204613D0806B21
:10AFE00020F40011A163A06B40F40021A163C4F818
:10AFF000005ECAF30720012817D0D4F800182046B5
:10B0000041F0030118E0D0F8040840F00201C4F850
:10B010000418A06B40F40011A163A06B20F4002180
:10B02000A163A06B20F48021E0E7380ED4F800186B
:10B03000204601D041F00101C0F80018102100F0B5
:10B0400087FA00B10126204600F066FA00B1012619
:10B05000C4F81058C4F81458C4F81C5800204FF015
:10B06000006C4FF090434FF67F39FAB214E004EBD6
:10B070004011D1F80089B8F1000F06DA10B1C1F81B
:10B08000003904E0C4F800C901E0C1F80059C1F872
:10B090001059C1F80899401C8242E8D8002014E0F9
:10B0A00004EB4011D1F8008BB8F1000F06DA10B1B3
:10B0B000C1F8003B04E0C4F800CB01E0C1F8005B3C
:10B0C000C1F8105BC1F8089B401C8242E8D8D4F854
:10B0D000100820F48071C4F81018A5616FF080404A
:10B0E0006061C7F3074018B9A06940F01000A06183
:10B0F000A0690A490843A061CAF3074018B1A069D2
:10B1000040F00800A061BBF1010F03D1A069044920
:10B110000843A0613046BDE8F08F000000383C8055
:10B1200004000040816821F0010181600020704727
:10B1300010B5036C134CA34203D9D0F8003B002B8D
:10B140001EDB0023C0F8103BD0F8103B43F4002373
:10B15000C0F8103BD0F8103B43F01803C0F8103B88
:10B16000D0F8103B43F0C043C0F8103B012907D191
:10B17000C0F8142BD0F8001B41F08021C0F8001B50
:10B18000002010BD0A30544F4A780B78012A00EB9A
:10B1900043100BD0D0F8002B22F40012C0F8002B83
:10B1A0000979032914D0022912D017E0D0F8002918
:10B1B00022F40012C0F800290979032901D00229DC
:10B1C0000CD1D0F8001941F08051C0F8001905E009
:10B1D000D0F8001B41F08051C0F8001B00207047E0
:10B1E0000A784B78D1B200EB4110012B12D0D0F885
:10B1F000001B002906DB2AB1D0F8001B21F080419A
:10B20000C0F8001BD0F8001B41F40011C0F8001B6F
:10B2100000207047D0F80019002906DB2AB1D0F8C9
:10B22000001921F08041C0F80019D0F8001941F44C
:10B230000011C0F80019EBE7F8B50C784F788B4D8A
:10B24000E3B26FF0604600EB4313012F29D0D3F82F
:10B25000107B6FF31207C3F8107BD3F8107B2F40DD
:10B26000C3F8107B002C7DD00D69002D7BD08C683D
:10B2700025446D1EB5FBF4F5ADB26C430C62D3F8FA
:10B28000104B06EAC5452C43C3F8104BD3F8104BBE
:10B290000D6AC5F312052C43C3F8104B012A70D078
:10B2A000CBE00F69EFB1D3F810796FF31207C3F851
:10B2B0001079D3F810792F40C3F810790CB30F69C7
:10B2C0008D682F447F1EB7FBF5F5D3F81079ADB22A
:10B2D00006EAC5463743C3F810790E79012E1CD013
:10B2E0002AE0D3F810692E40C3F81069D3F810593A
:10B2F00045F40025C3F81059D3F810596FF312051F
:10B3000020E00E698D68AE4200D90D61D0F8105969
:10B3100045F40026C0F810690EE0D3F8106926F055
:10B32000C046C3F81069D3F810694FF0C04707EA68
:10B3300045752E43C3F81069D3F810590E69C6F34A
:10B3400012063543C3F81059012A1BD000EB4413F1
:10B35000D3F8004944F00444C3F800490C79012CA7
:10B3600031D001E044E057E00A695AB3D0F83428FC
:10B37000097801F00F03012199400A43C0F83428ED
:10B3800071E056E0CA691AB100EB4413C3F81429FE
:10B39000097901290ED1D0F80818C90500EB44112C
:10B3A000D1F8002902D442F0005201E042F080526C
:10B3B000C1F8002900EB4410D0F8001941F0044115
:10B3C000C0F800194FE0D0F80848E405D3F8004968
:10B3D00002D444F0005401E044F08054C3F8004922
:10B3E00000920A8A93B20A78C96800F0DFF93AE05D
:10B3F0000C690CB18C680C618C680C62D0F8105B25
:10B40000C4F312042543C0F8105BD0F8104B44F489
:10B410000024C0F8104B41E7D3F8104B8D68C5F3FA
:10B4200012052C43C3F8104BD3F8104B44F40024FE
:10B4300032E7CA680AB1C3F8142B097901290CD183
:10B44000D0F80808C005D3F8000B02D440F0005033
:10B4500001E040F08050C3F8000BD3F8000B40F03F
:10B460000440C3F8000B0020F8BD0000FFFF07E018
:10B4700038B5002200920B784D7800EB431442F26D
:10B480001073012D19D0D4F8005B002D3CDAD4F8EC
:10B49000005B45F00065C4F8005B0C7800EB4414D9
:10B4A000D4F8005B45F08045C4F8005B009C641C48
:10B4B00000949C4221D9012226E0D4F80059002DA5
:10B4C00022DAD4F8005945F00065C4F800590C7828
:10B4D00000EB4414D4F8005945F08045C4F80059F5
:10B4E000009C641C00949C42E5D80C7800EB44144A
:10B4F000D4F80049002CF3DB06E00C7800EB441490
:10B50000D4F8004B002CD1DB104638BD816841F0E7
:10B51000010181600020704708B500234FF0706280
:10B5200000930099491C009191420AD801690029B1
:10B53000F7DA1021009301610099491C00919142B2
:10B5400001D9032008BD0169C906F5D4002008BD52
:10B5500018B500244FF070630094009A521C0092BA
:10B560009A420CD80269002AF7DA202242EA8111B5
:10B57000009401610099491C0091994201D903206E
:10B5800018BD01698906F5D4002018BDD0F8080857
:10B5900010F0060004D0022803D0062801D00F20A6
:10B5A000704702207047406900F001007047D0F8F2
:10B5B0001818D0F81C08084080B27047D0F8181846
:10B5C000D0F81C080840000C704710B5D0F81038AF
:10B5D000D0F8342801F00F0400EB4110E24002F0F3
:10B5E0000102D0F8080943EAC212104010BD00EB76
:10B5F0004111D1F8081BD0F8140808407047416980
:10B6000080690840704730B503460846940802F048
:10B610000301002203F5805303E01D6840F8045B3A
:10B62000521CA242F9D300290BD01C680022D5007D
:10B6300024FA05F3491E521C090400F8013B090CC9
:10B64000F5D130BD70B50546C068002420F0C0407B
:10B65000E860012901D079B120E0E86840F00050AD
:10B66000E8600A20F7F7FEFD68690A3410F0010F60
:10B6700010D1C82CF5D30DE0E86840F08040E860B8
:10B680000A20F7F7EFFD68690A3410F0010F01D0C6
:10B69000C82CF5D3C82C01D0002070BD012070BD8E
:10B6A000D0F8002822F4FE62C0F80028D0F8002864
:10B6B0004FF4FE6303EA01110A43C0F8002800209A
:10B6C00070470000022A3ED1264A274B0A449A427C
:10B6D00001D20F2138E0254A254B0A449A4201D273
:10B6E0000E2131E0234A244B0A449A4201D20D2113
:10B6F0002AE0224A224B0A449A4201D20C2123E03A
:10B70000204A214B0A449A4201D20B211CE01F4AD5
:10B710001F4B0A449A4201D20A2115E01D4A1E4BD2
:10B720000A449A420FD31D4A1D4B0A449A4201D241
:10B73000082109E01B4A11441B4A914201D207210A
:10B7400002E0062100E00921C26822F47052C260C2
:10B75000C2684FF4705303EA81210A43C26000209B
:10B7600070470000405327FF00350C00401E1BFFB0
:10B7700040420F0000DC0BFF804F1200808CF9FE6E
:10B7800020D6130060B6E5FE60E3160000D3CEFEBF
:10B7900040771B00C05BB3FEC091210000CA91FE40
:10B7A00020753800E05459FEE09C410010B5029C21
:10B7B0006CB9DB1C9C0800EB0230002300F58050C4
:10B7C00003E051F8042B02605B1CA342F9D3002074
:10B7D00010BDFEE715490868426942F04002426127
:10B7E0000868C16841F01001C16011490868026829
:10B7F00022F00102026008680268D207F7D10A68E5
:10B800000C4890600A680C48D0600A6824301061C7
:10B810000A68242050600868026842F480220260AE
:10B820000868016841F00101016070476C10002058
:10B83000D411002004140140A9A6002010B5B1F8CD
:10B840008A401480B1F8A2405480B1F8B84000EEAC
:10B85000104AB8EE400A82ED010A91ED070A83ED25
:10B86000020A90ED1F0A83ED030A90ED060A83EDAC
:10B87000040A90ED1C0A83ED050A90ED050A83ED9C
:10B88000060A10BD044800210176417680218176A8
:10B890007F21C17670470000F4A60020124931F9DB
:10B8A0008A0F00EE100A1148B8EEC00A80ED000AB7
:10B8B000B1F91810494200EE101A01461C22B8EEE8
:10B8C000C00A80ED010AB0EE080A80ED020AB1EE6E
:10B8D000000A80ED030A9FED060A80ED040A80ED60
:10B8E000050A0448F9F770BF48A70020F4A6002015
:10B8F00000000000DC0F00202DE9F0474F4A504CBB
:10B900000746117CE0798B074FF001054FF00006E8
:10B9100003D010B1E671657004E050EA817000D187
:10B92000E571667011F00C0F01D0257000E02670F3
:10B93000507C90464106B8784FF4FA7A05D588B91C
:10B94000BD70F7F79DFDF8600CE058B1BE70F7F7D9
:10B9500097FDF968401A504504D2A07A08B1A67242
:10B9600000E0A572B8F81100C1460004DFF8D480E9
:10B97000787805D578B97D70F7F782FDB8600AE070
:10B9800048B17E70F7F77CFDB968401A504502D285
:10B990002421C8F82C10B9F811004F4640052AD4CC
:10B9A000F879C00901D0217A39B199F80810CA078D
:10B9B00001D0227AA2B1D0B12EE02572D8F82C00A5
:10B9C000401E00EE100AB8EEC00AFCF71DFEBDEEE8
:10B9D000C00A88ED0B0AB7F8110040050CD41BE033
:10B9E0002572D8F82C10491CC8F82C1014E0C80790
:10B9F00012D1267210E02672F879B3EE040AC0095B
:10BA000001D0617A59B1397ACA0701D0627A62B13C
:10BA1000002802D1C80700D16672BDE8F0876572C0
:10BA2000D4ED030A30EEC00A04E06572D4ED030AD7
:10BA300030EE800A84ED030AEFE7000094A60020B0
:10BA4000C0040020C89A002003B401984100009867
:10BA500050EAC12018BF04204A0D18BF40F0010071
:10BA600040F2FF72B2EB515F08BF40F002000128C4
:10BA700008BF052002B070474100080218BF04202B
:10BA80000A0E18BF40F001004FF07F4232EA010178
:10BA900008BF40F00200012808BF052070470907D1
:10BAA000090E002804DB00F1E02080F80014704744
:10BAB00000F00F0000F1E02080F8141D7047000036
:10BAC00010B510EE104A4FF01A402DED028B00EB2E
:10BAD0004400B0F1C85F4AD84FF0FC40B0EB440FCF
:10BAE00022D2B0EEC00AF7EE000A30EEC00AF6EE3F
:10BAF000000A20EE208A18EE100A02F0ACF900EEDF
:10BB0000100A14F0004F1DBF9FED281ADFED280A20
:10BB1000B1EE400A9FED271A08BFF0EE410AF8EE99
:10BB2000001A20EE210A05E020EE008A9FED221A7D
:10BB3000DFED220ADFED221A9FED222A70EEC00A05
:10BB400020EE080A08EE212ADFED1F1A48EE021A3D
:10BB50009FED1E2A08EE212ADFED1D1A48EE021A7B
:10BB6000BDEC028B40EE610A30EE810A10BD4FF051
:10BB7000CC40B0EB440F82BF9FED160ABDEC028BA8
:10BB800010BD4FF07F40B0EB440F05D2BDEC028BEF
:10BB9000BDE8104000F044BF0120F4F7D8FDBDEC33
:10BBA000028BBDE8104000F041BF0000000049409A
:10BBB00022AA7D3A000000000000C93F22AAFD39F8
:10BBC00024FE1C3DC78AD83C1E67383D1B93993D17
:10BBD000AFAA2A3EDB0FC93F10B54FF00E402DED46
:10BBE000028BB0EE408A18EE104A00EB4400B0F130
:10BBF000506F4AD84FF0FC40B0EB440F22D2B0EE69
:10BC0000C80AF7EE000A30EEC00AF6EE000A60EE4F
:10BC1000208A18EE900A02F01EF901EE100A14F0C4
:10BC2000004F1DBFDFED2D0A9FED2D0AB1EE411A29
:10BC3000DFED2C0A08BF9FED2C0AF8EE001A21EE6A
:10BC4000218A05E0DFED290A68EE088AB0EE600A75
:10BC50009FED271ADFED271A30EE080A48EE811A09
:10BC60009FED251A08EEA11ADFED241A48EE811A7D
:10BC70009FED231A08EEA11A68EE281ABDEC028B7C
:10BC800001EE810A30EE200A10BD4FF0E440B0EB27
:10BC9000440F0CD918EE100AFFF7EEFE042808BF77
:10BCA00000F0CCFEB0EE480ABDEC028B10BD4FF0A8
:10BCB0007F40B0EB440F07D2B0EE480ABDEC028BD8
:10BCC000BDE8104000F0ACBE0120F4F740FDBDEC33
:10BCD000028BBDE8104000F0A9BE00000000C9BF03
:10BCE00022AAFDB90000C93F22AAFD3900000000C8
:10BCF00024FE1C3DC78AD83C1E67383D1B93993DE6
:10BD0000AFAA2A3E70B54FF068422DED048BF0EEDD
:10BD1000408A18EE900AB0EE608A18EE101A02EB14
:10BD20004003B3F1654F3CBF02EB4102B2F1654FF6
:10BD30007DD200BFC0F3C753C1F3C7529A1A1B2A62
:10BD400009DD10F0004F14BF9FED830A9FED830AB9
:10BD5000BDEC048B70BD12F11A0F36DA11F0004FF2
:10BD600009D010F0004F0CBF9FED7D0A9FED7D0ABA
:10BD7000BDEC048B70BD88EE889A19EE100AFFF7AF
:10BD80007BFE042808BF00F059FE18EE900AFFF76A
:10BD900073FE054618EE100AFFF76EFE044619EE14
:10BDA000100AFFF769FE042D18BF052D08D1042CD9
:10BDB00018BF052C04D1002804BF0220F4F7C7FCEB
:10BDC000B0EE490ABDEC048B70BD4200B2EB410FEE
:10BDD0003AD910F0004F19BFDFED630A9FED630AF7
:10BDE000DFED630A9FED630AB0EE481A0A46B1EE32
:10BDF000688A80F00041F0EE418A10460A1A52002B
:10BE0000B2F1807F34D2484010F0004FDFED5A1A73
:10BE10009FED5A2A1DBFBEEE001A70EEE10A30EE09
:10BE2000420AB6EE001A08BF70EEA10A00E040E038
:10BE300008BF30EE020AB0EE682A01EE482A08EE8A
:10BE4000818AC2EE081A15E011F0004F04BF9FED81
:10BE50004C0AF0EE400AD1D010F0004F19BFDFEDD0
:10BE6000490A9FED490ADFED490A9FED490AC5E7F6
:10BE7000C8EE881A21EEA11A9FED462ADFED462A68
:10BE800041EE022A9FED452A01EE222ADFED442AE7
:10BE900041EE022A9FED432ABDEC048B01EE222ADB
:10BEA00021EE811A01EE020A30EE210A30EE200A5C
:10BEB00070BD4FF07F42B2EB400F28BFB2EB410F95
:10BEC00009D2F0EE480AB0EE680ABDEC048BBDE87A
:10BED000704000F0A8BD40EA01035B0008BF41F0DC
:10BEE000FF410BD0B2EB400F08BFB2EB410F08D1BE
:10BEF00020F0804008EE900A21F0804108EE101AF0
:10BF000018E7B2EB400F12BF5FEA410340F0FF4079
:10BF100001F000413FF40EAFB2EB410F12BF5FEAF8
:10BF2000400200F0004041F0FF413FF403AF4A00FF
:10BF300092EA40033FF5FEAE002AACBF9FED1A0A1D
:10BF40009FED1A0A68EE808A28EE008A18EE900AA1
:10BF500018EE101AEEE60000DB0FC9BFDB0FC93F79
:10BF6000DB0F4940DB0F49C00000C9BF22AAFDB961
:10BF70000000C93F22AAFD390060ED3EC30ACE375A
:10BF800000000000000049C022AA7DBA000049401C
:10BF900022AA7D3A2DAD65BD8FB8D53D0FB511BE36
:10BFA00061C84C3EA8AAAABE0000804F0000802FA6
:10BFB00010B52F499FED2C1B2DED020B84B0059879
:10BFC00020F000408842D8BF9DED040B2DDD2949AB
:10BFD000884209D1049840B94FF00100F4F7B7FB4B
:10BFE00000F0FEFC06B010BD05DB9DED040B00F07B
:10BFF000EBFC06B010BD68469DED040B00F0FCF8AC
:10C0000010F0030004BF9DED021B9DED000B0CD052
:10C0100001280ED09DED021B9DED000B022817D0CC
:10C02000012000F039FC06B010BD00F001FB06B0A5
:10C0300010BD9DED021B9DED000B012000F02CFCBE
:10C0400051EC100B02F04EFE06B041EC100B10BD8F
:10C0500000F0EEFA51EC100B02F044FE06B041EC99
:10C06000100B10BD000000000000000000000000E8
:10C07000FB21E93F0000F07F10B52F499FED2C1BFD
:10C080002DED020B84B0059820F000408842DCBF03
:10C0900000209DED040B32DD2849884209D1049827
:10C0A00040B94FF00100F4F752FB00F099FC06B0E4
:10C0B00010BD05DB9DED040B00F086FC06B010BD45
:10C0C00068469DED040B00F097F810F0030011D0C6
:10C0D000012818D09DED021B9DED000B02281AD0FF
:10C0E00000F0A6FA51EC100B02F0FCFD06B041EC9A
:10C0F000100B10BD9DED021B9DED000B012000F00B
:10C10000CBFB06B010BD9DED021B9DED000B00F0BA
:10C110008FFA06B010BD012000F0BEFB51EC100BF1
:10C1200002F0E0FD06B041EC100B10BD0000000075
:10C130000000000000000000FB21E93F0000F07F4C
:10C1400000B52DED048BB0EE409AF0EE609A83B00E
:10C1500051EC190B03F068F941EC180B18EE100ABA
:10C1600018EE901A8DED008B002818BF01200843AF
:10C1700020F00040C0F17F6000F1E040C00F14D01B
:10C1800019EE101A19EE900A8DED009B002918BFC8
:10C190000121084320F00040C0F17F6000F1E04041
:10C1A000C00F04BF0120F4F7D2FAB0EE480A03B082
:10C1B000F0EE680ABDEC048B00BD10B52DED028BCE
:10C1C000B1EEC08A18EE100A20F00040C0F1FF4026
:10C1D000C00F0AD010EE100A20F00040C0F1FF405E
:10C1E000C00F04BF0120F4F7B2FAB0EE480ABDEC6C
:10C1F000028B10BD000000002DE9F14F04462DED2B
:10C20000020B2DED088B8AB09FEDE70B80ED020B42
:10C21000139EE74826F0004585420ADC9DED120B8F
:10C22000002084ED000B0AB0BDEC088B03B0BDE824
:10C23000F08FE0489FEDE0AB9FEDE1BBA84247DD0A
:10C24000E14F9FEDE39B9FEDE48B9DED120B53ECD3
:10C250001A2B51EC100B002E1CDD03F0B1F941EC50
:10C26000100BBD4208D053EC1B2B51EC100B03F00C
:10C27000A7F9C4E900010BE053EC192B51EC100BAA
:10C2800003F09EF953EC182B03F09AF9C4E900016E
:10C290000120C8E702F064FD41EC100BBD4208D05C
:10C2A00053EC1B2B51EC100B02F05AFDC4E90001BA
:10C2B0000BE053EC192B51EC100B02F051FD53EC39
:10C2C000182B02F04DFDC4E900014FF0FF30AAE742
:10C2D000C348A84279DB9DED120B51EC100B01F025
:10C2E00027F841EC180B9FEDC00B53EC102B02F01C
:10C2F00091FF9FEDBF1B53EC112B02F031FD02F0BB
:10C300002FFF074602F05BFF41EC190B53EC1A2B91
:10C3100002F080FF53EC182B03F07AF841EC180B75
:10C3200053EC1B2B51EC190B02F074FFDFF8C8A281
:10C3300041EC100B4FEA15580125FA4453EC102B31
:10C3400051EC180B03F03CF9032DC4E900013DD07A
:10C35000C1F30A5005EB4511A8EB000011398142E9
:10C3600034DA0AEB051BB0EE48AA9BED000BF0EEA9
:10C3700068AA53EC102B51EC190B02F04BFF41EC67
:10C380001B0B51EC1A0B53EC1B2B03F019F941EC6E
:10C39000180B51EC1A0B53EC182B03F011F953EC5A
:10C3A0001B2B03F00DF99BED020B41EC1A0B53EC28
:10C3B000102B51EC190B02F02DFF53EC1A2B03F04C
:10C3C000FFF841EC100B6D1CB8E70EE0002EA8BF83
:10C3D0003846BFF628AF94ED000B51EC100B02F07D
:10C3E00081FCC4E9000178421DE7C6F3130040F464
:10C3F000801EC6F30A50A0F2F530471100F01F0569
:10C40000C5F12000DDF848B00890002006900790A4
:10C410000520EC467949002D07EB0002794408BF5E
:10C4200051F8221009D051F8223001EB8201AB40C3
:10C430004A68089922FA01F11943A1FB0E26A1FBD3
:10C440000B131A449A4234BF0123002303EB06085E
:10C450000CEB8003D3E901A60E448E4234BF0121C8
:10C46000002192448A4411B1924502D903E09245D9
:10C4700001D2012100E00021C3E901A641444CF8AA
:10C480002010011EA0F10100C4DC029800F1005050
:10C49000850F0298DDE903678000DDF8148002F063
:10C4A0008EFE41EC1A0B304602F0A0FE9FED541BAD
:10C4B00053EC112B02F0AEFE41EC1B0B384602F0A0
:10C4C00095FE9FED511B53EC112B02F0A3FE41ECA6
:10C4D000180B404602F08AFE9FED4D1B53EC112BCA
:10C4E00002F098FE41EC190B51EC180B53EC192B90
:10C4F00002F036FC53EC1B2B02F032FC53EC1A2BEF
:10C5000002F02EFCCDE90801002008909DED080BFB
:10C5100053EC1A2B51EC100B03F052F853EC1B2B7D
:10C5200003F04EF853EC182B03F04AF853EC192B98
:10C5300002F06EFF9FED381B53EC112B02F06AFEE8
:10C540009FED370B41EC180B53EC102B9DED080BB6
:10C5500051EC100B02F05EFE53EC182B02F000FCC5
:10C560009FED310B41EC180B53EC102B9DED080B9C
:10C5700051EC100B02F04EFE53EC182B02F0F0FBC6
:10C5800041EC100B139810F0004F06D06D4251ECA7
:10C59000100B02F0A7FB41EC100B284684ED000BBA
:10C5A00041E6000000000000000000000000000064
:10C5B000FB21E93F7CD9024000004054FB21F93FB8
:10C5C0003163621A61B4D03DFB21F93F00000000E5
:10C5D0000000601A61B4D03D7370032E8A19A33B2A
:10C5E000FB2139410000000083C8C96D305FE43F82
:10C5F000000000000000E03F0A4200005841000037
:10C60000000000000000103E000000000000103C90
:10C61000000000000000103A182D4454FB21F93DA1
:10C620003326A611460B113C00000054FB21F93DB6
:10C6300010B52DED040B2DED088B82B0B0EE419AB4
:10C64000F0EE619A0B9820F000449FED4BABB4F1F3
:10C65000795F11DA9DED0A0B51EC100B02F080FDB1
:10C66000002801BFB0EE4A0AF0EE6A0A02B0BDEC43
:10C67000088B04BF04B010BD9DED0A0B53EC102BCA
:10C6800051EC100B02F0C6FD41EC180B3C480621A2
:10C69000B0EE480AF0EE680A784400F081F853ECF6
:10C6A000182B51EC100B02F0B5FD9DED0A0B41EC7F
:10C6B0001B0B53EC192B51EC100B02F0ABFD41ECB2
:10C6C000190B53EC1B2B51EC180B02F0A3FD53EC90
:10C6D000192B02F075FF9FED2C0B41EC190B53EC5D
:10C6E000102B51EC180B02F095FD41EC100B284873
:10C6F000844210DA53EC192B51EC100B02F060FF5E
:10C7000053EC1A2B02F084FE41EC100B02B0BDEC8E
:10C71000088B04B010BD1F48A042BCBF9FED1E1B7C
:10C720008DED001B06DBA4F50010019000200090A9
:10C730009DED001B51EC100B53EC112B02F040FF50
:10C740009DED000B41EC180B53EC102B51EC1A0B28
:10C7500002F036FF41EC1A0B53EC192B51EC180B7D
:10C7600002F02EFF53EC1A2B02F052FE41EC100B9C
:10C77000CCE7000000000000000000000000F03FD7
:10C780007C3E000000000000000000000000E03FD0
:10C790003333D33F0000E93F000000000000D23FE8
:10C7A00070B504462DED028B4D1E00EBC500B0EEBA
:10C7B000408AF0EE608A90ED000B35F0060017D04D
:10C7C00053EC182B51EC100B02F024FD41EC100B34
:10C7D0006D1E04EBC50090ED001B51EC100B53ECEB
:10C7E000112B02F0BDFA41EC100B35F00600E7D139
:10C7F000022D36D0042D1CD0062D1CBFBDEC028BA3
:10C8000070BD53EC182B51EC100B02F003FD94EDAE
:10C810000A1B53EC112B02F0A3FA53EC182B02F075
:10C82000F9FC94ED081B53EC112B02F099FA41EC42
:10C83000100B53EC182B51EC100B02F0EBFC94EDA9
:10C84000061B53EC112B02F08BFA53EC182B02F061
:10C85000E1FC94ED040B53EC102B02F081FA41EC57
:10C86000100B53EC182B51EC100B02F0D3FC94ED91
:10C87000021B53EC112B02F073FA53EC182B02F04D
:10C88000C9FC94ED001B53EC112B02F069FABDECCE
:10C89000028B41EC100B70BD31B504462DED040B3D
:10C8A0002DED0A8BB0EE41BAF0EE61BA0B989DED1A
:10C8B0000A0B20F00040B0F1795F0DDA51EC100B5B
:10C8C000FFF7C2F8042808BF00F09AF89DED0A0BA4
:10C8D000BDEC0A8B05B030BD53EC102B51EC100BA6
:10C8E00002F098FC41EC180B9DED0A0B53EC182B51
:10C8F00051EC100B02F08EFC41EC190B2C48B0EE01
:10C90000480AF0EE680A05217844FFF749FF9FEDD9
:10C910002ACBB0EE40AAF0EE60AA9CB353EC1C2BDD
:10C9200051EC190B02F076FC41EC1C0B53EC1A2B6A
:10C9300051EC190B02F06EFC9FED210B41EC190B31
:10C9400053EC102B51EC1B0B02F064FC53EC192B35
:10C9500002F036FE53EC182B02F05CFC53EC1B2B60
:10C9600002F02EFE53EC1C2B02F02AFE9DED0A1B5A
:10C9700053EC112B02F04CFDBDEC0A8B05B041ECE1
:10C98000100B30BDFFE753EC1A2B51EC180B02F0E3
:10C9900041FC53EC1C2B02F0E3F953EC192B02F091
:10C9A00039FC9DED0A1B53EC112B02F0D9F9E3E79A
:10C9B000043D000000000000495555555555C5BFC0
:10C9C000000000000000E03F10B553EC102B51ECCC
:10C9D000100B02F0C5F941EC100B10BD0000000077
:10C9E0009FED050B10B553EC102B51EC100B02F022
:10C9F0005FFA41EC100B10BD0000000000000000C9
:10CA00009FED050B10B553EC102B51EC100B02F001
:10CA100001FC41EC100B10BD0000000000000010F4
:10CA200030EE000A704730EE200A7047DFED020A50
:10CA300080EEA00A70470000000000009FED020A8F
:10CA400020EE000A70470000000000109FED1D1A44
:10CA5000F5EE000A40EE010ABDEEE00AF5EEC00A6E
:10CA600010EE100AF1EE10FA00D2401E00EE100A8D
:10CA7000B8EEC00A30EEC00ADFED130A20EE200A3D
:10CA8000BCEEC01A11EE100A80B2B0F5007F02D3DE
:10CA900030EE600A002000EE900A0C49F7EE001A12
:10CAA000F8EE600A01EB800090ED011A70EE600A6A
:10CAB00090ED000A71EEE01A21EE800A00EE810A84
:10CAC0007047000083F9223E0000004414FD000876
:10CAD00010B54C684368018840885268414308E0BB
:10CAE000B3EC010A491EF4EC010A30EE200AA2EC74
:10CAF000010A0029F4D1002010BD0180428043606A
:10CB0000704700002DE9F04F0588B0F802A09FEDB6
:10CB1000AA0A4FF000092B46F7EE001A4A6812E005
:10CB2000EC1AF0EE400A02E0E2EC010A641E002C6E
:10CB3000FAD1E2EC011A5C1E02E0E2EC010A641E8A
:10CB4000002CFAD15B1E002BEAD100276FF0040BFA
:10CB50000FE1B0F802C046680CFB077306EB8303D5
:10CB60009146D3ED000A3C463A467B1C12E00CFB92
:10CB7000037806EB8808B0EEE02A98ED000AB0EEE4
:10CB8000C01AB4EEC21AF1EE10FA02DD1C46F0EE45
:10CB9000400A5B1CAB42EAD3F5EEC00AF1EE10FA94
:10CBA00036D0BC4234D002FB0C73ACEB070804FB5C
:10CBB0000C7C06EB830306EB8C064FF0000C09E0BF
:10CBC00093ED000A96ED001A0CF1010CA3EC011A8A
:10CBD000A6EC010AC445F3DB4E88D1F804C002FB81
:10CBE00006F374430CEB83030CEB84044FF0000C4E
:10CBF00009E093ED000A94ED001A0CF1010CA3EC8E
:10CC0000011AA4EC010AB445F3DB4FF001090AE074
:10CC1000B9F1000F07D1F5EEC00AF1EE10FA02D11A
:10CC20005846BDE8F08F81EEA00A43884468DE1BB9
:10CC300002FB037304EB8303002406E0D3ED000A38
:10CC4000641C60EE800AE3EC010AB442F6DB4E8815
:10CC50004B6802FB06F403EB8403002406E0D3EDEB
:10CC6000000A641C60EE800AE3EC010AB442F6DBC1
:10CC700000233BE04688D0F804C006FB03740CEBAD
:10CC80008404A6EB070894ED000A03FB06F40CEB02
:10CC9000840456430CEB860606EB870C04EB8704F2
:10CCA000002608E0BCEC011AD4ED000A761C40EE28
:10CCB000410AE4EC010A4645F4DBB1F802804E6813
:10CCC00003FB08F402FB08FC06EB840406EB8C0C67
:10CCD000002608E0BCEC011AD4ED000A761C40EEF8
:10CCE000410AE4EC010A4645F4DB5B1C9342C1D3E4
:10CCF000531C3BE04688D0F804C006FB03740CEBE1
:10CD00008404A6EB070894ED000A03FB06F40CEB81
:10CD1000840456430CEB860606EB870C04EB870471
:10CD2000002608E0BCEC011AD4ED000A761C40EEA7
:10CD3000410AE4EC010A4645F4DBB1F802804E6892
:10CD400003FB08F402FB08FC06EB840406EB8C0CE6
:10CD5000002608E0BCEC011AD4ED000A761C40EE77
:10CD6000410AE4EC010A4645F4DB5B1CAB42C1D34B
:10CD7000571C57454FF00002FFF4EBAEB9F1000F1E
:10CD800018D1B5EEC00AF1EE10FA13D141680020B7
:10CD900005FB0AF509E001EB800393ED000AB5EE0F
:10CDA000C00AF1EE10FA02D1401C8542F3D8854248
:10CDB00000D15A46104634E7000000002DE9F04F3C
:10CDC0004668D1F8049007884C88B0F80280DFEDFF
:10CDD000161AD2F804B08A464FF0000CDAF80400B4
:10CDE0000BEB8C052346B0EE610A3146424608E063
:10CDF000F1EC010A90ED001A00EB8400521E00EEE7
:10CE0000810A002AF4D15B1EA4EB0301A5EC010A00
:10CE100009EB8100E7D1A44406EB88067F1EDDD133
:10CE20000020BDE8F08F00000000000010B54C6845
:10CE30004368018840885268414308E0B3EC010A26
:10CE4000491EF4EC010A30EE600AA2EC010A002946
:10CE5000F4D1002010BDF0B50588426847884E68BF
:10CE60002B46002406EB8401384606E0B2EC010AAA
:10CE7000401E81ED000A01EB85010028F6D15B1E02
:10CE800004F10104EED1F0BDDFED1C0A20EE200A12
:10CE9000FDEEC00AB5EEC00A10EE900AF1EE10FAEF
:10CEA00000D2401E00EE900AF8EEE00A30EE600A72
:10CEB000DFED130A20EE200ABCEEC01A11EE100AB4
:10CEC00080B2B0F5007F02D330EE600A002000EEA1
:10CED000900A0C49F7EE001AF8EE600A01EB8000A8
:10CEE00090ED011A70EE600A90ED000A71EEE01A02
:10CEF00021EE800A00EE810A7047000083F9223E8D
:10CF00000000004414FD000870B5F3F711FD802007
:10CF1000F3F75AFE5520F3F757FE5520F3F754FE6A
:10CF2000424C2070F3F7FCFC0120F6F79BF9F3F775
:10CF3000FFFC8020F3F748FE5520F3F745FE55200F
:10CF4000F3F742FE2070F3F7EBFC0120F6F78AF9C5
:10CF5000F3F7EEFCB6217E20F3F748FEF3F7E0FC92
:10CF60005020F6F77FF9F3F7E3FC8020F3F72CFE6F
:10CF70005520F3F729FE5520F3F726FE2070F3F72E
:10CF8000CFFC0120F6F76EF9F3F7D2FC8020F3F71F
:10CF90001BFE5520F3F718FE5520F3F715FE207001
:10CFA000F3F7BEFC0120F6F75DF920781E2801D0CA
:10CFB000FF2070BD1D4D002060702435F3F7B8FCD4
:10CFC000607800EB40004119285C4978F3F70EFEC9
:10CFD000F3F7A6FC0120F6F745F9F3F7A9FC607812
:10CFE00000EB4000285C40F08000F3F7EDFD552099
:10CFF000F3F7EAFD5520F3F7E7FD2070F3F790FC17
:10D000000120F6F72FF96078237800EB40012944DE
:10D010004A789A4203D08978A2781143A170401CC3
:10D02000C0B260700628C9D3002070BDA8010020DE
:10D0300070B5F3F78DFC3C490020F3F7B9FDF3F729
:10D040007FFC0120F6F70EF9F3F782FC3649002049
:10D05000F3F7AEFDF3F774FC0120F6F703F9F3F7ED
:10D0600077FCB6211420F3F7C1FDF3F769FC5020DB
:10D07000F6F7F8F8F3F76CFC2B490020F3F798FD6E
:10D08000F3F75EFC0120F6F7EDF8F3F761FC2649B3
:10D090000020F3F78DFDF3F753FC0120F6F7E2F8DB
:10D0A000214D28780F2801D0FF2070BD1E4C002094
:10D0B00068703634F3F74CFC687800EB40000119D7
:10D0C000205C4978F3F792FDF3F73AFC0120F6F77C
:10D0D000C9F8F3F73DFC6878134900EB4000205C89
:10D0E000F3F766FDF3F72CFC0120F6F7BBF8687840
:10D0F0002A7800EB40012144497891420BD0401E30
:10D10000C0B20949687000EB400024310844A97896
:10D1100080780843A8706878401CC0B26870062800
:10D12000C8D3002070BD0000A80100208169826A78
:10D1300000EE101A00EE902A20EE200AB5EEC00A8A
:10D14000F1EE10FA4ADD00EE101AB5EEC00AF1EE6B
:10D1500010FA00EE101A01DCB1EE400A436D00EE49
:10D16000903AB4EEE00AF1EE10FA37D9026D00EE13
:10D17000903A00EE102A70EE200A00EE101AB5EE7A
:10D18000C00AF1EE10FA00EE101A01DCB1EE400A0E
:10D19000F4EEC00AF1EE10FA1EDB00EE101A00EEFB
:10D1A000902AB5EEC00AF1EE10FA00EE101A01DC7A
:10D1B000B1EE400A016B70EEC00A00EE103A30EE9C
:10D1C000801A00EE102AC1EE000A00EE101A20EEBE
:10D1D000800A10EE101A00E000210163704770B55C
:10D1E0000446D0F8945000F16202B0F86030016952
:10D1F000D0F89000CDB1022B35D900EE101AF1EE27
:10D20000400A00EE100A1046FAF758FCE06800EEFB
:10D21000900AD4F89400806801EE100A70EE810A3A
:10D2200020EE200A10EE100A1BE0022B0CD900EEB3
:10D23000101AF1EE400A00EE100A1046FAF73EFC12
:10D24000E06800EE900AEBE7626900EE101A00EE6B
:10D25000902AE16870EEC00A00EE101A20EE801AE3
:10D2600012E0E06270BDE26800EE102AAA6800EEEB
:10D27000902A626930EE201A00EE902A00EE101A11
:10D2800030EEC00A21EE001A00EE100AC1EE000ACC
:10D2900010EE900AE5E7026B816A00EE902A00EE3C
:10D2A000101A426A70EE200A01EE102A00EE101ADF
:10D2B000C26A31EE001A00EE102A31EE000AB5EE15
:10D2C000C00AF1EE10FA01DCB1EE400A026C01EE88
:10D2D000102A0022B4EEC10AF1EE10FA0CDD8369C7
:10D2E00000EE101A01EE103A21EE000AB5EEC00A67
:10D2F000F1EE10FA00DD0263416C00EE101AB4EE9C
:10D30000E00AF1EE10FA01D20263816200EE101A17
:10D31000B1EE400AB4EEE00AF1EE10FA07DD00EEDD
:10D32000101A0263B1EE400A10EE101A81627047C3
:10D3300082B0CDE9000121F0004001909DED000B8D
:10D3400002B051EC100B7047B4EEE00AF1EE10FAA7
:10D3500002D2B0EE600A7047B4EEC10AF1EE10FAE4
:10D36000F9DDB0EE410A7047FDEEC00A10EE900AFA
:10D3700000EE900AF8EEE00A30EE600A10EE101AA5
:10D38000B1F17C5F00DD401C7047012131EE601A75
:10D39000814070EE600A491E00EE101AB8EEC00A15
:10D3A00020EE800AC0EE010ABDEEE00A10EE100A7F
:10D3B0007047000010EE100AF6EE000A074960EE12
:10D3C000200AA1EB600000EE100A20EE801AF7EEB2
:10D3D000080A41EE400A20EE800A7047865A375FFD
:10D3E000F6F76AF9FBF7C6FFFAF74EF8F9F7B4FF5C
:10D3F000FAF70AF9FAF728F9FAF74AF9F9F756FFAE
:10D40000FAF716FAFAF778F9FAF730FAF9F792FF1D
:10D41000F9F76EFFFAF7A4F9FAF7EEF9A820F4F796
:10D4200071F901210C48F3F771FB0028F9D10B4881
:10D43000F7F758FC08210948F7F7B0FEF3F772FC3C
:10D44000FBF704FDFEF7C6F9F3F788FCF9F7D2FF06
:10D4500000F013F8FEE70000EC0D00204C0F002058
:10D4600001460020842900D0C81C704710B500B9BF
:10D47000012000F055FE002010BD10B500F0B8FEF0
:10D48000002010BD7FB50D4604464169B0F9080083
:10D4900081B1A16971B1FFF7E3FFD4E905128DE80D
:10D4A0000700D4E900102B46226901F02AFA039004
:10D4B00004B070BDFFF7D4FF03A9CDE90001208AB5
:10D4C0002B4682B2D4E9001001F0EEF9012801D018
:10D4D0000020EDE70398EBE72DE9F0411A4E0F46E7
:10D4E0000446F5683168002081F852003068001D5C
:10D4F00000F0E4FC38B9306890F82C100120884026
:10D50000316981433161601C07D137B13168BDE8B1
:10D51000F0410E48091D00F021BD30682C44AC429A
:10D520004460316805D2B06BBDE8F041091D00F0E0
:10D53000FDBC706B091D00F0F9FCB06A844200D29A
:10D54000B462BDE8F08100009C000020D82F0020CC
:10D550002DE9F041054600F00DFD2E4EB068401C4F
:10D56000B06030682C4F10B1706940B32DE0356069
:10D57000B068012829D1002404EB840007EB800067
:10D5800000F0C6FC641C072CF6D323488C3000F056
:10D59000BFFC2148A03000F0BBFC1F48B43000F0B5
:10D5A000B7FC1D48C83000F0B3FC1B48DC3000F06D
:10D5B000AFFC19488C3070631430B06305E03068FC
:10D5C000E96AC06A884200D83560706A0121401C4F
:10D5D0007062E86A326981401143316100EB80007A
:10D5E00007EB8000291D00F0B9FC00F0E3FC706936
:10D5F00000280CD03068E96AC06A884207D207491F
:10D600004FF080500860BFF34F8FBFF36F8FBDE8BE
:10D61000F08100009C000020FC2E002004ED00E0C2
:10D6200038B500F0A7FC104C2068C8B90F4800F0CE
:10D630006FFC0E48143000F06BFC0C48E0601430B6
:10D6400020610A4B0020E83B009003F148021021C2
:10D650000A2000F0BFFE206010B105A100F02CFDF3
:10D66000BDE8384000F0A6BCD8000020D43000202F
:10D67000546D72510000000030B4026C0B46002A59
:10D680000BD0C1681144C1608468A14201D3016814
:10D69000C16030BC1846F2F738BF30BC70472DE986
:10D6A000F041856B174604460026026C82B1C7B173
:10D6B000E068F2F72AFFE168206C091AE16022684D
:10D6C000914202D2A168081AE060022F16D017E03A
:10D6D0002068A8B9A06801F0BBF906460020A06048
:10D6E0000EE06068F2F711FF216C6068084460602A
:10D6F000A168884204D32068606001E005B16D1E16
:10D700006D1CA5633046BDE8F08110B5044690F865
:10D71000510058B101280CD002280FD0502080F3BE
:10D720001188BFF34F8FBFF36F8FFEE7206B00F0C0
:10D7300055FC2046BDE8104000F050BC10BD000074
:10D740000F4845F6F771420705D0C01D0C4A20F07E
:10D750000700821A891A0B4A00230144C2E9000318
:10D760000839183A21F0070111604B600B600B1A61
:10D77000C0E9001393604FF0004053605061704760
:10D78000FC30002004010020134E144DA6F1C80700
:10D790004FF08058DFF8489011E000F0EBFBF068A4
:10D7A000C468201D00F08AFBA868401EA860686855
:10D7B000401E686000F0FEFB2046FFF7A6FF686889
:10D7C0000028EAD138680128F9D9C9F80080BFF3E8
:10D7D0004F8FBFF36F8FF2E7C42F00209C00002013
:10D7E00004ED00E00346009829B10260C0E90F3162
:10D7F000012100F023BE0060F8E72DE9F05F0E463E
:10D80000DDE90B941746834691009A460A9DA522AE
:10D81000206BF2F7F1FE6FF00301206B01EB870143
:10D82000084420F00707780707D0502080F31188BC
:10D83000BFF34F8FBFF36F8FFEE74FF0000866B165
:10D8400000202218315C82F83410315C11B1401C88
:10D850001028F6D384F8438001E084F83480072D43
:10D8600000D30625E562C4E91158201D00F05BFBDA
:10D8700004F1180000F057FB2461C5F10700646251
:10D88000A061C4F84C8084F8508084F852805246DD
:10D890005946384600F05CFA2060B9F1000F01D01B
:10D8A000C9F80040BDE8F09F30B5114900E01146CD
:10D8B0000A688242FBD34B685C18844203D14068FB
:10D8C00018444860084643681C18944209D1084C23
:10D8D000183C2468A24209D052681A4442600A687F
:10D8E00012680260814200D0086030BD0460F9E730
:10D8F0000401002070B5002441600B4D006191428D
:10D9000006D8D11A8269914206D2011D286907E022
:10D910009A4203D2994201D3012403E0011DE86831
:10D9200000F004FB204670BDD800002010B504466E
:10D9300000F020FBA06B20B1002400F03BFB204650
:10D9400010BD0124F9E7000030B587B03C4D6EE012
:10D950000198002806DADDE90301029A9047019850
:10D96000002864DB039C606910B1201D00F0A6FA5A
:10D9700005A800F0D7F8024601980A2857D2DFE838
:10D9800000F00505052D334A05052D3394F82400D4
:10D9900040F0010084F824000298A1690346014484
:10D9A0002046FFF7A7FF68B3216A2046884794F80E
:10D9B000240040073BD5002000900298A169002375
:10D9C00042181946204601F05BF9D8B9502080F37F
:10D9D0001188BFF34F8FBFF36F8FFEE714F8240F4A
:10D9E00020F00100207022E094F8240040F00100B3
:10D9F00084F824000298A06128B1811813462046BB
:10DA0000FFF778FF13E0502080F31188BFF34F8FAA
:10DA1000BFF36F8FFEE794F82400810703D42046FC
:10DA200000F0DCFA03E020F0010084F8240000227A
:10DA300001A9286800F058FE002889D107B030BD40
:10DA4000D80000202DE9FC410F46054600F012FCED
:10DA500001A800F067F80446019818B101F07EF8BB
:10DA6000BDE8FC81254EAFB130690068D0B3002716
:10DA7000291B3A46306800F031FB01F06FF80028AE
:10DA8000EED11F494FF080500860BFF34F8FBFF3B6
:10DA90006F8FE5E7A542EBD801F060F8F068274604
:10DAA000C068C468201D00F009FA94F824004107FA
:10DAB00019D5A0692B4641193A462046FFF71AFFAF
:10DAC000A8B100200346014600902A46204601F0F6
:10DAD000D7F860B9502080F31188BFF34F8FBFF3A0
:10DAE0006F8FFEE707E020F0010084F82400216A30
:10DAF00020468847B4E70127BAE70000D800002095
:10DB000004ED00E00648416B096829B1416BC96822
:10DB1000C9684968816270474FF0FF31FAE7000039
:10DB20009C00002070B5054600F026FF064E044616
:10DB3000B068844203D200F009F8012000E0002020
:10DB400028602046B46070BDD8000020F8B5194E9A
:10DB500020E0C068C4680568201D00F0AFF9216AA4
:10DB60002046884794F82400400713D5A06928442C
:10DB7000A84206D924616060211DF06800F0D6F942
:10DB800008E000200346014600902A46204601F0A6
:10DB900077F838B1F06801680029DAD13169C6E94F
:10DBA0000310F8BD502080F31188BFF34F8FBFF3EF
:10DBB0006F8FFEE7D800002008484068401C4FF0F7
:10DBC000500080F3118804D0BFF34F8FBFF36F8FE5
:10DBD000FEE7BFF34F8FBFF36F8FFEE70C0100200E
:10DBE000084CE068016839B1002139B10020FFF725
:10DBF00029FFFFF7A9FEF4E70121F6E7C0680068F6
:10DC0000F5E70000D80000202DE9F041044600F0BF
:10DC1000B1F994F9455004F1240609E0606A48B16D
:10DC2000304600F061FF08B100F0A8FA6D1E6DB239
:10DC3000002DF3DC4FF0FF3684F8456000F0BAF9B0
:10DC400000F098F994F9445004F1100709E02069B4
:10DC500048B1384600F048FF08B100F08FFA6D1E59
:10DC60006DB2002DF3DC84F84460BDE8F04100F0B3
:10DC7000A1B900002DE9F0410546002600F0FAFAAE
:10DC8000324F386808B9FFF75BFD786905424ED11D
:10DC9000C5B3083568070ED005F00700C0F10800CD
:10DCA0000544680707D0502080F31188BFF34F8FD9
:10DCB000BFF36F8FFEE72DB37868854237D82349CD
:10DCC00018310846046801E0214604466068A8420D
:10DCD00002D220680028F7D13868844227D00E6825
:10DCE0002068086060680836411B10290FD9601948
:10DCF000420708D0502080F31188BFF34F8FBFF345
:10DD00006F8FFEE713E041606560FFF7CDFD61684E
:10DD10007868401A7860BA68904200D2B860786932
:10DD200001430020C4E90001F868401CF86000F0DD
:10DD300015FF700707D0502080F31188BFF34F8F75
:10DD4000BFF36F8FFEE73046BDE8F081EC000020A6
:10DD500010B5031F4FF080741C601B1F21F00101E0
:10DD60001960191F044B0B6014390A60091F6FF00A
:10DD7000020244380A6010BDB9DB0008F0B5002883
:10DD80005DD000295BD00278437842EA0322C2F3D7
:10DD90000A030B8042788478D20842EA4412C2F324
:10DDA0000A044C808278C578920942EA8502057996
:10DDB00042EA8522C2F30A058D800279467952082B
:10DDC00042EAC612C2F30A02CA804679C6F30116B5
:10DDD0008E724679B609CE728679C77946EA0726E9
:10DDE0008E81067A477A46EA0726CE81867AC77AF6
:10DDF00046EA07260E82067B8E74467BCE74867BAF
:10DE0000C77B46EA07268E82067C407CA3F58063AA
:10DE10000B80A4F580644C80A5F5806546EA00205F
:10DE20008D80A2F58062CA80A0F580600881886933
:10DE3000B0F57A7F01DB002000E0401C8861F0BD76
:10DE4000B5EEC00AF1EE10FA02DBB7EE000A704739
:10DE5000BFEE000A704710B500EE100A2DED028BE0
:10DE6000B1EEC08A18EE100A20F00040C0F1FF4069
:10DE7000C00F0AD010EE100A20F00040C0F1FF40A1
:10DE8000C00F04BF0120F2F762FC18EE100ABDECCF
:10DE9000028B10BD01EE100A70EEC00A0120B8EE30
:10DEA000C11A8840401E21EE201A00EE900AF8EEBA
:10DEB000E01AC1EE210A30EE800A7047D0E9013243
:10DEC00001699A60D0E901235A604A68824201D10F
:10DED00082684A60002202610868401E0860086883
:10DEE00070470000034B036003F15400086080207A
:10DEF00010607047A0060020044B036003F154003B
:10DF000008604FF48070106070470000F408002033
:10DF100000F108014FF0FF32C0E90112C160016158
:10DF200000210160704700210161704730B50C6825
:10DF3000621C02D000F1080202E0026904E01A4605
:10DF400053681D68A542FAD953684B6099608A608E
:10DF5000516008610168491C016030BD42684A6037
:10DF600093688B6093685960916008610168491CEF
:10DF700001607047502080F31188BFF34F8FBFF3CB
:10DF80006F8F0A494868401C486001280CD1084836
:10DF9000006810F0FF0F07D0502080F31188BFF306
:10DFA0004F8FBFF36F8FFEE7704700000C0100201A
:10DFB00004ED00E00849486828B1401E486001D1DE
:10DFC00080F311887047502080F31188BFF34F8F82
:10DFD000BFF36F8FFEE700000C01002070B5002832
:10DFE0002AD0164DA0F1080460686969084207D17B
:10DFF000502080F31188BFF34F8FBFF36F8FFEE780
:10E0000022683AB1502080F31188BFF34F8FBFF3DD
:10E010006F8FFEE78843606000F02CF960686968E4
:10E02000084468602046FFF73FFC2869401C2861CF
:10E03000BDE8704000F092BD70BD0000EC00002013
:10E040004FF0E02000210161816105494FF47A72AF
:10E050000968B1FBF2F1491E416107210161704776
:10E060009800002010B5F2F75FF9114910280ED37F
:10E0700000F1E02090F8F0030A78904207D2502097
:10E0800080F31188BFF34F8FBFF36F8FFEE709480E
:10E090000068896800F4E060884207D9502080F366
:10E0A0001188BFF34F8FBFF36F8FFEE710BD0000E5
:10E0B0000C0100200CED00E010B5074B002253F8D6
:10E0C00032401CB1521C082AF9D310BD43F832105B
:10E0D00003EBC201486010BDBC2E002070B5154690
:10E0E0000E460446FFF746FF94F944100020491CF1
:10E0F00001D184F8440094F94510491C01D184F8F9
:10E100004500FFF757FFA06B28B92A46314604F1B6
:10E11000240000F051F82046BDE87040FFF774BDC0
:10E1200010B5020014D00F48006B38B1502080F3B6
:10E130001188BFF34F8FBFF36F8FFEE700F09AF89F
:10E1400000211046FFF7C8F900F008FD002807D1AC
:10E1500005494FF080500860BFF34F8FBFF36F8FBA
:10E1600010BD00009C00002004ED00E002490A6A96
:10E170000260C968416070479C000020014901208D
:10E18000C86170479C00002010B50C4650B1094989
:10E1900009681831FFF7CAFE2046BDE8104001218A
:10E1A000FFF79AB9502080F31188BFF34F8FBFF368
:10E1B0006F8FFEE79C00002070B514460D4668B1D5
:10E1C0000A4909681831FFF7C9FE0CB14FF0FF3555
:10E1D00021462846BDE87040FFF77EB9502080F305
:10E1E0001188BFF34F8FBFF36F8FFEE79C000020B5
:10E1F00030B587B00025039505AA04A903A80495A6
:10E20000FFF770FEDDE903010095CDE90110002361
:10E2100014A11648059A00F074FB154CE06218B181
:10E2200000F0FEFC012809D0401C19D1502080F3D9
:10E230001188BFF34F8FBFF36F8FFEE7502080F33D
:10E240001188BFF34F8FBFF36F8F4FF0FF30A06285
:10E2500001206061E56007B0BDE8304000F040B8E3
:10E2600007B030BD49444C450000000089D7000884
:10E270009C0000200248016B491C016370470000AC
:10E280009C000020144A106B10B10120D06170472F
:10E290000020D06110691149B0FA80F0C0F11F0070
:10E2A00000EB800051F820306BB101EB800000F1F1
:10E2B0000803416849684160994201D14968416059
:10E2C000C86810607047502080F31188BFF34F8FEB
:10E2D000BFF36F8FFEE700009C000020FC2E0020A3
:10E2E0001CB537480168374A914207D1502080F366
:10E2F0001188BFF34F8FBFF36F8FFEE7006831497E
:10E30000491E884207D1502080F31188BFF34F8FF8
:10E31000BFF36F8FFEE72C4908780190FF2008704B
:10E3200008788DF800009DF800009DF8002000F0AE
:10E33000F000904207D0502080F31188BFF34F8F38
:10E34000BFF36F8FFEE79DF80000204C00F05000F7
:10E3500020700720A06006E0401EA0609DF800002D
:10E3600040008DF800009DF800000006A068F3D47E
:10E37000032807D0502080F31188BFF34F8FBFF3DD
:10E380006F8FFEE74FF44070A060019808700C4852
:10E390002030016841F470010160016841F0704172
:10E3A0000160FFF74DFE00206060F1F785FF08482F
:10E3B000016841F040410160F1F76AFF00201CBD97
:10E3C00000ED00E071C20F4100E400E00C0100200C
:10E3D00034EF00E038B5049D18B153B1CAB181B132
:10E3E00020E0502080F31188BFF34F8FBFF36F8F71
:10E3F000FEE7502080F31188BFF34F8FBFF36F8F7C
:10E40000FEE7502080F31188BFF34F8FBFF36F8F6B
:10E41000FEE739B1502080F31188BFF34F8FBFF36F
:10E420006F8FFEE748241C46012384F846302B46B4
:10E430000094FFF7D7F9204638BD000070B50D46AF
:10E44000040025D0FFF796FDD4E90F20216802FBD8
:10E450000011A1600021A163216861600A46D4E92E
:10E460000F01401E00FB0121E16021464FF0FF300B
:10E4700001F8440F487004F110008DB1FFF748FD1A
:10E4800004F12400FFF744FDFFF794FD012070BD67
:10E49000502080F31188BFF34F8FBFF36F8FFEE7DB
:10E4A00021690029F0D000F01FFB0028ECD00449BE
:10E4B0004FF080500860BFF34F8FBFF36F8FE3E7DB
:10E4C00004ED00E02DE9FF4F83B01F468B460400AA
:10E4D0004FF0000603D0BBF1000F08D011E0502030
:10E4E00080F31188BFF34F8FBFF36F8FFEE7206C6F
:10E4F00038B1502080F31188BFF34F8FBFF36F8F77
:10E50000FEE7022F0AD1E06B012807D0502080F3EC
:10E510001188BFF34F8FBFF36F8FFEE700F01EFA35
:10E52000DFF800914FF0000A4FF0805848B9059885
:10E5300038B1502080F31188BFF34F8FBFF36F8F36
:10E54000FEE7FFF717FDA06BE16B884205D3022FB2
:10E5500003D00598C8B1DEB11EE03A4659462046C0
:10E56000FFF79DF8616A19B104F1240000F0BCFACC
:10E5700028B1C9F80080BFF34F8FBFF36F8FFFF74B
:10E5800019FD012007B0BDE8F08FFFF713FD21E072
:10E590006846FFF7EBFD0126FFF70CFDFFF76AFE6B
:10E5A000FFF7E8FC94F94400401C01D184F844A032
:10E5B00094F94500401C01D184F845A0FFF7FAFC0E
:10E5C00005A9684600F02CF930B12046FFF71CFB86
:10E5D00000F0C4FA0020D5E7FFF7CCFCA06BE16B9C
:10E5E000884201D1012500E00025FFF7E3FC95B149
:10E5F00004F110000599FFF7C7FD2046FFF704FB63
:10E6000000F0ACFA00289CD1C9F80080BFF34F8F0E
:10E61000BFF36F8F95E72046FFF7F6FA00F09EFAFA
:10E620008FE7000004ED00E02DE9F0471F4690461B
:10E630008946040003D0B9F1000F08D011E0502042
:10E6400080F31188BFF34F8FBFF36F8FFEE7206C0D
:10E6500038B1502080F31188BFF34F8FBFF36F8F15
:10E66000FEE7022F0AD1E06B012807D0502080F38B
:10E670001188BFF34F8FBFF36F8FFEE7FFF7F2FCF8
:10E680005020EFF3118680F31188BFF34F8FBFF353
:10E690006F8FA06BE16B884206D3022F04D000205D
:10E6A00086F31188BDE8F08794F94550A06B3A468F
:10E6B00049462046FEF7F3FF681C04D06D1C84F821
:10E6C00045500120ECE7606A0028FAD004F12400EC
:10E6D00000F00AFA0028F4D0B8F1000FF1D00121BF
:10E6E000C8F80010EDE700002DE9F74783B08A462F
:10E6F00004004FF0000603D0BAF1000F08D011E07B
:10E70000502080F31188BFF34F8FBFF36F8FFEE768
:10E71000206C38B1502080F31188BFF34F8FBFF3C6
:10E720006F8FFEE700F01AF9DFF8F09000274FF046
:10E73000805848B9059838B1502080F31188BFF34C
:10E740004F8FBFF36F8FFEE7FFF714FCA56BC5B1CA
:10E7500051462046FEF790FF6D1EA563206950B11B
:10E7600004F1100000F0C0F928B1C9F80080BFF32F
:10E770004F8FBFF36F8FFFF71DFC012006B0BDE880
:10E78000F087059808B11EB106E0FFF713FC27E0FB
:10E790006846FFF7EBFC0126FFF70CFCFFF76AFD6C
:10E7A000FFF7E8FB94F94400401C01D184F8447061
:10E7B00094F94500401C01D184F84570FFF7FAFB3D
:10E7C00005A9684600F02CF8002820460AD0FFF77B
:10E7D0001BFA00F0C3F92046FFF7A8F80028B3D0D1
:10E7E0000020CBE7FFF7A2F890B104F124000599CF
:10E7F000FFF7CAFC2046FFF707FA00F0AFF9002840
:10E80000A2D1C9F80080BFF34F8FBFF36F8F9BE792
:10E810002046FFF7F9F900F0A1F995E704ED00E0D3
:10E820002DE9F0410C4605000FD0B4B1FFF7A2FB73
:10E830001C4EF1686B683268C81A002792F85220A3
:10E840009AB1306880F852701AE0502080F3118835
:10E85000BFF34F8FBFF36F8FFEE7502080F3118817
:10E86000BFF34F8FBFF36F8FFEE72268B2F1FF3F18
:10E8700008D0D5F800C0366AB44509D08B4207D815
:10E88000012400E00024FFF795FB2046BDE8F0815D
:10E89000824205D9101A20602846FFF767FCF1E78D
:10E8A0002760EDE79C0000202DE9FF5F8346DDE94E
:10E8B0000E87994616468A469000FFF7DBF9050059
:10E8C0001CD05420FFF7D6F9040014D00020256393
:10E8D00084F85100CDE90240CDE900874B4632462D
:10E8E00051465846FEF789FF2046FEF731FE0120CB
:10E8F00004B0BDE8F09F2846FFF770FB4FF0FF30F3
:10E90000F6E7F0B585B00546DDE90B040A9EA8B12F
:10E91000E4B1542700972063022084F851000020BE
:10E92000CDE9024004AF2846CDE90067FEF765FF58
:10E930002046FEF70DFE049805B0F0BD502080F390
:10E940001188BFF34F8FBFF36F8FFEE7502080F326
:10E950001188BFF34F8FBFF36F8FFEE70548416902
:10E9600019B1006B18B100207047012070470220D8
:10E97000704700009C0000200148C06870470000FC
:10E980009C0000202DE9F0412F4F0026386B28B164
:10E99000B869401CB8613046BDE8F081FD686D1C67
:10E9A000FD6013D1786B006838B1502080F3118876
:10E9B000BFF34F8FBFF36F8FFEE7786BB96B79634F
:10E9C000B863386A401C3862FFF79CF8B86ADFF811
:10E9D0007C80854209D3786B0068A0B1786BC068F1
:10E9E000C4686068854211D2B8623868C06A00EBBA
:10E9F000800158F82100012800D90126F869002873
:10EA0000C9D00126C7E74FF0FF30EDE7201DFFF723
:10EA100055FAA06A18B104F11800FFF74FFAE06A3E
:10EA200001213A6981401143396100EB800108EB13
:10EA30008100211DFFF792FAE06A3968C96A8842AD
:10EA4000C9D30126C7E700009C000020FC2E00204F
:10EA500070B504004FF0000041D0214D29688C4270
:10EA600007D0502080F31188BFF34F8FBFF36F8F13
:10EA7000FEE7A16C71B1491EA164636CE26A9A421F
:10EA80002DD000292BD1201DFFF718FA154901229E
:10EA900040B112E0502080F31188BFF34F8FBFF3D5
:10EAA0006F8FFEE7E06A00EB800351F8233023B953
:10EAB0002B6902FA00F083432B61606CE062C0F1C5
:10EAC0000700A061E06A2B6982401A432A6100EBCB
:10EAD000800001EB8000211DFFF740FA012070BD8E
:10EAE0009C000020FC2E00202DE9F041C068C46885
:10EAF000ACB104F118000746FFF7E0F9154D286B9B
:10EB00000126A0B139461448FFF728FAE06A2968BF
:10EB1000C96A88421CD90120EE61BDE8F08150200D
:10EB200080F31188BFF34F8FBFF36F8FFEE7201D77
:10EB3000FFF7C4F9E06A2A6906FA00F11143296176
:10EB4000054900EB8000B43901EB8000211DDBE7B3
:10EB50000020E2E79C000020B02F00202DE9F047C4
:10EB60002C4D00242746286B38B1FFF703FA286B99
:10EB7000401E2863286B40B146E0502080F3118886
:10EB8000BFF34F8FBFF36F8FFEE7A86822490126BE
:10EB9000D0B3A1F1B4098846D8F80010E9B1D8F88B
:10EBA0000C00C46804F11800FFF788F9201DFFF776
:10EBB00085F9E06A2A6906FA00F11143296100EB40
:10EBC000800109EB8100211DFFF7C8F9E06A29687F
:10EBD000C96A8842E0D3EE61DEE70CB1FEF792FF2E
:10EBE000AC693CB1FFF7CEFE00B1EE61641EF9D115
:10EBF0000020A861E86938B1084901273807086092
:10EC0000BFF34F8FBFF36F8FFFF7D4F93846BDE8DE
:10EC1000F08700009C000020B02F002004ED00E0F1
:10EC200010B586B0FEF7FCFC114C2068B8B100208E
:10EC30000390049005AA04A903A8FFF75DF9DDE994
:10EC4000032102208DE8070000230AA10B48059A42
:10EC5000FFF757FE606010B106B0012010BD5020D4
:10EC600080F31188BFF34F8FBFF36F8FFEE7000073
:10EC7000D8000020546D722053766300E1DB000859
:10EC80002DE9FF411F4603000A9E4FF0000015D0FA
:10EC9000134D2C68002C0ED08DE80E00062917DAD3
:10ECA000FFF75CFE02284FF000030FD000226946F8
:10ECB0002868FFF707FC04B0BDE8F081502080F31E
:10ECC0001188BFF34F8FBFF36F8FFEE73246EEE739
:10ECD00000233A4669462046FFF7A6FCEBE7000012
:10ECE000D800002081F00041704780F0004070475C
:10ECF00021F00041704720F00040704721F00042B1
:10ED0000A2F16052B2F5801F01F0004328BFD2F19A
:10ED10007F6C0BD95FEA001C43EAC20242EB5070E1
:10ED200018BF704728BF20F001007047B2F5801F60
:10ED3000BCBF184670474FEA410C1CF5001F02D2B9
:10ED4000084600F09DBD70B500F00EFB0000008984
:10ED5000FFF7F6BF4FF00040A0F5800070470000BD
:10ED600010B591EA030F48BF83F0004300F13084EF
:10ED7000841A71EB030C05D2121943EB0C03001B30
:10ED800061EB0C01DFF824E14FEA1154A4EB135CB2
:10ED90001EEA430F18BF9EEA445F73D023EA0E03B6
:10EDA000DCF1200E21EA045143F4801332D322FA1D
:10EDB0000CFE10EB0E0023FA0CFE41EB0E01CCF121
:10EDC000200E03FA0EFE10EB0E0051F10001B1F51A
:10EDD000801FCCF1200E32D201EB045112FA0EF258
:10EDE000BDE8104058BF7047401C38BF5FEA420280
:10EDF00018BF7047002814BF20F0010041F1000146
:10EE00004FEA410313F5001F38BF7047A1F1C0411D
:10EE100000F0F8BA012A43EB0302ACF1200CDCF15C
:10EE20001F0E32BF4FF0000E23FA0CF310EB03005D
:10EE300041EB0451B4EB115FD0D0A1EB045101F5CB
:10EE4000801149085FEA300001EB04510ED350F104
:10EE5000000038BF12FA0EFE08D1BDE81040C9E725
:10EE6000401C38BF5FEA4202CAD1C3E7BDE8104088
:10EE70004FEA410313F5001F38BF7047A1F1C041AD
:10EE800000F0C0BA9EEA445F08D011EA5E0FBDE808
:10EE9000104004BF01F0004100207047BDE8104061
:10EEA00070B500F061FA00BF64FBBE3E0000E0FFF9
:10EEB0002DE9C04130B4DFF8A0C23CEA111418BFFC
:10EEC0003CEA131400F0EC8081EA03051CEA1114FB
:10EED00044EAD57418BF1CEA131500F0C780A4EBF0
:10EEE00005044FF0004545EAC12145EAC32341EA44
:10EEF000505143EA525304F17F74994204F50034AF
:10EF00004FEAC0204FEAC22208BF904200F09C8026
:10EF10004FEA13650FF24016765D4FEA134506FB84
:10EF200005F7C7F1807706FB07F74FEAD737A7FB4E
:10EF300003687642C8F58038A7FB06CE38BFA8F133
:10EF4000010807FB08E64FF0000EA6FB028CE6FB6B
:10EF500003CEDCF1000CCEF1004E38BFAEF1010E55
:10EF6000A6FB0C584FF000074FF00005E6FB0E879C
:10EF7000A1FB08C6A0FB07CE16EB0E0645F1000567
:10EF8000E1FB076515F1E04E7EBFA4F580345FEA32
:10EF900046066D4116F1800745F100054FEA172737
:10EFA0004FEA066647EA0567A6F1DE46B6F1805FDE
:10EFB0004FEA15251FD9384624F0010C05EBC47122
:10EFC000BCF1FE6F01EB0C1102D8F0BCBDE8008172
:10EFD00024425CBF01F5801E9EEAC47F02D4F0BCCF
:10EFE000BDE80081244238D4F0BCA1F1C041BDE8A5
:10EFF000004100F007BA4FEAD22242EA43524FEAF8
:10F00000D323A7FB02864FEAD02040EA415007FBFA
:10F0100003661EEA0E0F4FEAD12105FB026658BFB8
:10F02000A6EB0056B6EB00564FEA520E4EEAC37EF0
:10F0300018EB0E0E56EB530EBDD518EB02085E41D1
:10F040007F1C55F10005B6E74FF480154FF000071F
:10F050004FF000064FF00008ADE7F0BC4FF00000A5
:10F0600001F1C04101F00041BDE8008111EA0C1F2F
:10F070000CEA131500D00CE013EA0C1F00F02580F9
:10F080004FF00000F0BC81EA030101F00041BDE84F
:10F090000081F0BCBDE8004181EA030100F0B2B993
:10F0A000F0BCBDE8004170B500F05EF9097EFC3EA1
:10F0B00000F007B881EA03014FF0000001F00041C1
:10F0C000704781EA030100F09DB9F0BCBDE8004142
:10F0D0004FF0000021497047FFFDFBF9F7F5F4F20E
:10F0E000F0EEEDEBE9E8E6E4E3E1E0DEDDDBDAD8E3
:10F0F000D7D5D4D3D1D0CFCDCCCBCAC8C7C6C5C441
:10F10000C2C1C0BFBEBDBCBBBAB9B8B7B6B5B4B357
:10F11000B2B1B0AFAEADACABAAA9A8A8A7A6A5A442
:10F12000A3A3A2A1A09F9F9E9D9C9C9B9A99999806
:10F130009797969595949393929191908F8F8E8EA9
:10F140008D8C8C8B8B8A8989888887878685858436
:10F1500084838382828181800000FF070000F87F22
:10F160004FEA41034FEA5353A3F58063D3F11E03E3
:10F17000C8BFD3F1210C0CDD4FF0004242EAC1229E
:10F1800042EA505232FA03FC8CEAE17CACEBE170CB
:10F190007047102BC4BF0020704703F5787CBCF18A
:10F1A000FF3F04D06FF0004282EA2100704770B543
:10F1B00000F0DAF84992248000207047F2E710F05E
:10F1C000004248BF4042B0FA80F310FA03F10AD07F
:10F1D000C3F11D0303F580634FEA415002EB035274
:10F1E00002EBD12170474FF000007047B0FA80F376
:10F1F00010FA03F10AD0C3F11D0303F580634FEA4F
:10F2000041504FEA035202EBD12170474FF000000A
:10F2100070470000DFF848C170B51CEA111E1EBF20
:10F220001CEA13159EEA0C0F95EA0C0F00F06F8094
:10F2300081EA030423EA4C134EEAD47E21EA4C11FE
:10F2400041F4801143F48013AE44A1FB024CA0FBB7
:10F250000365AEF17F7E361955EB0C05A1FB034C1F
:10F260004CF10003A0FB021C16EB0C06654153F1A8
:10F270000003094218BF46F0010613F4007F0BD1CA
:10F280004FEA03314FEA0530340341EA155140EAB1
:10F2900016506FF003020AE04FEAC3214FEAC5207F
:10F2A000F40241EA555140EA56506FF0020202EB77
:10F2B0002E4201EB025585EACE710AD05FEA440C7A
:10F2C00018BF24F0004450F1000041F1000120EA91
:10F2D000D47040F2FE7C624500D270BDA84214BFDB
:10F2E0004FF080444FF04044002E08BF0024BEF190
:10F2F000806FA8BFA1F1C041BDE8704080F282805C
:10F300004FF0000001F1C04101F0004170479EEA5A
:10F310000C0F0CEA131518BF95EA0C0F06D04FF02E
:10F32000000081EA030E0EF0004170BD00F01CF8F1
:10F330008900013E00F007B800F009B84FEA430C1D
:10F340005FEA5C5C08D081EA030100F05BB84FEA39
:10F35000410C5FEA5C5CF6D14FF000000149704758
:10F360000000FF070000F87F0EF1020E2EF0030EE2
:10F370005EF8046B364205D4012A43EB030515F50C
:10F38000001F12D8012841EB010C1CF5001F0CD8FE
:10F390000ED14FEAD17C15F5001F0CEB4C0C0CF193
:10F3A000020C08BF4CEBD37C04E04FF0080C01E0EA
:10F3B0004FEAD37C0CEB4C0526FA05F606F007065F
:10F3C000B6F1040C06D20EEB860CBDE870404CF092
:10F3D000010C6047DFE80CF0090B02024FF000411E
:10F3E0004FF00000A1F5002170BD1946104601281C
:10F3F00051EB010418BFD4F5001484BF002001F0C4
:10F40000004170BD0808A0F500114FEA31017047B6
:10F4100091EA030F10B581F000413FF5A9AC83F0EC
:10F42000004300F0D5B800002DE9F04101F5801C43
:10F43000BCF5001FC0F2A9804FEA115C21EA0C5113
:10F440000CF1FD0C41F480115FEA5C0C0CF5C07C02
:10F4500001D34000494130A4890241EA905187021A
:10F460008E0E0A0CA45D04FB04F602FB06F6C6F140
:10F470004046A4FB0662F60D46EA422606FB06F469
:10F48000A4FB01235242C3F1404338BF5B1EA6FBDD
:10F4900002420024E6FB0324D20B42EA4446A6FBC8
:10F4A0000623A1FB02E2A3FB07E4E3FB6142644203
:10F4B000C2F1404E38BFAEF1010EA6FB04234FF05F
:10F4C0000002E6FB0E32A2FB03463400E2FB62645C
:10F4D000A1FB06E6A4FB07E8E4FB61687642C8F1FD
:10F4E000405838BFA8F10108A2FB06E4A3FB08E5D9
:10F4F000E2FB6854A1FB05E6A7FB04E8E1FB648698
:10F5000018F1200556F10006A809A8F11B08B10959
:10F5100008F03F08B8F10A0F40EA86601CD901EBF9
:10F520000C51BDE8F08100BFFCF5EEE8E2DDD8D378
:10F53000CFCBC7C3C0BDB9B6B4B1AEACA9A7A5A364
:10F54000A19F9D9B9A9896959392908F8D8C8B8975
:10F550008887868584838281A0FB006800FB01F296
:10F5600008EB4208B8EB872807D5341858EB01049C
:10F57000D5D5401C51F10001D1E7341A78EB0104D4
:10F58000CDD4401E71F10001C9E75FEA4C0C5FEA7F
:10F590009C5C0DD105D34FF0000001F00041BDE8A7
:10F5A000F081BDE8F04170B5FFF7DEFE6DDBFFBE18
:10F5B000BDE8F0414FF00000004970470000F87FBF
:10F5C00010B591EA030F48BF83F000433FF5D0AB7D
:10F5D000841A71EB030C07D212198CF0004C43EB28
:10F5E0000C03001B61EB0C01DFF8A4E14FEA11549E
:10F5F000A4EB135C1EEA430F18BF9EEA445F00F0C1
:10F60000B08023EA6E03524221EA0451C3EB6E0339
:10F6100038BF5B1EDCF1200E25D322FA0CFE10EB66
:10F620000E0043FA0CFE41EB0E01CCF1200E03FA62
:10F630000EFE10EB0E0051F10001CCF1200E29D48A
:10F6400012FA0EF201EB0451BDE8104058BF7047AA
:10F65000401C1CBFB2F1004F704700280CBF491C72
:10F6600020F00100704712EB020E43EB030218BFBB
:10F670004FF0010E4EEA4202ACF1200CDCF11E0EFE
:10F6800054D943FA0CFE10EB0E0051F1FF31CCF1CE
:10F690001E0ED5D50EF1010E12FA0EFE404141EBC1
:10F6A000010101EB445C5FEA5C5C10D910EBDE7099
:10F6B00001EB045138BFBEF1004FBDE8104018BF48
:10F6C000704700280CBF491C20F00100704730D261
:10F6D0004FEAD42C11F5001124F400641BD0B1FAC8
:10F6E00081F20B3AA41AA41ED2F12003914030FA01
:10F6F00003F31943904001EBCC71002C01EB045152
:10F70000BDE81040A8BF704701F1C0414FF00000B4
:10F7100001F000417047B0FA80F310FA03F100D114
:10F7200010BDE41A173C4805C90AE4E701EB04518F
:10F7300010BD491001EB0451BDE810404FEA300004
:10F7400002E04FF0000170474A0008BF0042F8D0C5
:10F75000B2F5001F28BF704701F000414FF00000D4
:10F7600070479EEA445F07D011EA5E0FBDE8104083
:10F7700004BF002100207047BDE8104070B5FFF7BE
:10F78000F3FD00BF40DFF63E83F0004110467047B6
:10F790000000E0FF43004FEAD30C4FEA3C0C43402B
:10F7A0001FBF40070CF1605113F0FE4F70471CF073
:10F7B000006F03D100200CF0004170470CF00043B3
:10F7C00043EA507010B540EACC0000F00EF800BFDC
:10F7D000000000924FEA0001FFF714BE4FF0004115
:10F7E0004FF00000A1F5002170470EF1020E2EF03F
:10F7F000030E5EF8044B244204D44FEA4102B2F1F6
:10F800007F4F11D84FEA4003B3F17F4F0CD80ED190
:10F810004FEAD07CB2F17F4F0CEB4C0C0CF1020C98
:10F8200008BF4CEBD17C04E04FF0080C01E04FEA3C
:10F83000D17C0CEB4C0324FA03F404F00704B4F17C
:10F84000040C06D20EEB840CBDE810404CF0010C09
:10F850006047DFE80CF0070802024FF00040A0F517
:10F86000800010BD0846420018BFD2F1807288BFE8
:10F8700000F0004010BD4FF04070E1EE100A7047FC
:10F88000FF2141EAD050C00570470000380601084A
:10F89000ED920008FFFF00000000000000010000E2
:10F8A00000000000000000006C0601082993000819
:10F8B0000300000000000000000400000000000041
:10F8C000000000004406010819930008020000002F
:10F8D0000000000000020000000000000000000026
:10F8E0005C060108DD920008000000000000000036
:10F8F00000010000000000000000000050060108A8
:10F90000CD92000803000000000000000004000089
:10F91000000000000000000078060108399300088C
:10F9200002000000000000000002000000000000D3
:10F93000000000000006101600061016000000006F
:10F94000000000000102030406070809000000008F
:10F95000010203040000803F0000000000000000DE
:10F96000000000000000803F0000000000000000D8
:10F97000000000000000803F0000000000000000C8
:10F98000C3F51C410000803F0000000000000000A3
:10F990000000000000000000000000000000000067
:10F9A0000000803F00000000000000000000000098
:10F9B0000000000000000000000000000000803F88
:10F9C0000000000000000000000000000000000037
:10F9D00000000000000000000000803F0000000068
:10F9E0000000000000000000000000000000000017
:10F9F000000000000000803F000000000000000048
:10FA000000000000000000000000000000000000F6
:10FA10000000803F005EBCE2613FDD83C29C7E202F
:10FA2000A3FD1F419DC3217FFCA2401E5F01E3BDDA
:10FA30003E6082DC237D9FC1421CFEA0E1BF5D03CE
:10FA400080DE3C62BEE0025CDF81633D7C22C09EC2
:10FA50001D43A1FF4618FAA427799BC584DA3866AE
:10FA6000E5BB5907DB856739BAE406581947A5FB9A
:10FA70007826C49A653BD987045AB8E6A7F91B458E
:10FA8000C6987A24F8A6441A99C7257B3A6486D882
:10FA90005B05E7B98CD2306EEDB3510F4E10F2AC6E
:10FAA0002F7193CD114FADF3702ECC92D38D6F315A
:10FAB000B2EC0E50AFF1134DCE90722C6D33D18F4E
:10FAC0000C52B0EE326C8ED0530DEFB1F0AE4C1242
:10FAD00091CF2D73CA947628ABF517490856B4EA2E
:10FAE0006937D58B5709EBB536688AD495CB29771A
:10FAF000F4AA4816E9B7550B88D6346A2B7597C90E
:10FB00004A14F6A8742AC896154BA9F7B6E80A5401
:10FB1000D7896B350000891112239B322446AD57DB
:10FB20003665BF74488CC19D5AAFD3BE6CCAE5DB45
:10FB30007EE9F7F88110080193331A22A5562C4765
:10FB4000B7753E64C99C408DDBBF52AEEDDA64CB25
:10FB5000FFF976E802218B30100299132667AF7601
:10FB60003444BD554AADC3BC588ED19F6EEBE7FA05
:10FB70007CC8F5D983310A2091121803A7772E6625
:10FB8000B5543C45CBBD42ACD99E508FEFFB66EAE5
:10FB9000FDD874C904428D5316619F702004A915C5
:10FBA0003227BB364CCEC5DF5EEDD7FC6888E199C5
:10FBB0007AABF3BA85520C4397711E60A1142805E5
:10FBC000B3373A26CDDE44CFDFFD56ECE9986089A5
:10FBD000FBBB72AA06638F7214409D512225AB3481
:10FBE0003006B9174EEFC7FE5CCCD5DD6AA9E3B885
:10FBF000788AF19B87730E6295501C41A3352A24A5
:10FC0000B1163807CFFF46EEDDDC54CDEBB962A864
:10FC1000F99A708B088481951AA793B62CC2A5D344
:10FC20003EE1B7F04008C919522BDB3A644EED5F54
:10FC3000766DFF7C899400859BB712A6ADD224C354
:10FC4000BFF136E0C1184809D33B5A2AE55E6C4F34
:10FC5000F77D7E6C0AA583B4188691972EE3A7F2F0
:10FC60003CC0B5D14229CB38500AD91B666FEF7E14
:10FC7000744CFD5D8BB502A499961087AFF326E214
:10FC8000BDD034C1C3394A28D11A580BE77F6E6EF4
:10FC9000F55C7C4D0CC685D71EE597F42880A191B4
:10FCA0003AA3B3B2444ACD5B5669DF78600CE91DD4
:10FCB000722FFB3E8DD604C79FF516E4A9902081D4
:10FCC000BBB332A2C55A4C4BD7795E68E11C680DB4
:10FCD000F33F7A2E0EE787F61CC495D52AA1A3B070
:10FCE0003882B193466BCF7A5448DD59622DEB3C94
:10FCF000700EF91F8FF706E69DD414C5ABB122A094
:10FD0000B9923083C77B4E6AD5585C49E33D6A2C73
:10FD1000F11E780F00000000920E493CB10AC93C68
:10FD20002BC3163D2EFB483D752B7B3D04A9963D0C
:10FD300080B6AF3D36BDC83D2FBCE13D73B2FA3D44
:10FD400087CF093E8340163EB5AB223EA2102F3E20
:10FD5000CF6E3B3EC2C5473E0115543E135C603E2C
:10FD60007F9A6C3ECCCF783EC07D823E938E883E9B
:10FD7000229A8E3E32A0943E86A09A3EE59AA03EFC
:10FD8000128FA63ED47CAC3EEF63B23E2A44B83E0E
:10FD9000491DBE3E15EFC33E53B9C93ECA7BCF3E97
:10FDA0004136D53E80E8DA3E4F92E03E7533E63E7E
:10FDB000BBCBEB3EEA5AF13ECBE0F63E275DFC3E84
:10FDC000E4E7003F3D9C033F824B063F9BF5083F25
:10FDD0006B9A0B3FDA390E3FCDD3103F2A68133FA1
:10FDE000D9F6153FC07F183FC6021B3FD17F1D3F8C
:10FDF000CBF61F3F9967223F25D2243F5636273F37
:10FE00001594293F4AEB2B3FDE3B2E3FBB85303F0D
:10FE1000C9C8323FF304353F233A373F4268393F80
:10FE20003B8F3B3FF9AE3D3F67C73F3F70D8413FF7
:10FE300001E2433F03E4453F65DE473F12D1493FBE
:10FE4000F8BB4B3F029F4D3F207A4F3F3D4D513F06
:10FE50004918533F31DB543FE595563F5348583FCF
:10FE60006AF2593F1A945B3F532D5D3F05BE5E3FDA
:10FE70002146603F97C5613F5A3C633F59AA643FA2
:10FE8000880F663FD86B673F3CBF683FA7096A3F52
:10FE90000C4B6B3F5E836C3F93B26D3F9ED86E3FC1
:10FEA00073F56F3F0809713F5213723F4714733F58
:10FEB000DD0B743F0BFA743FC6DE753F07BA763F21
:10FEC000C58B773FF853783F9812793F9DC7793FAC
:10FED00002737A3FBE147B3FCDAC7B3F283B7C3F17
:10FEE000C9BF7C3FAC3A7D3FCCAB7D3F23137E3F07
:10FEF000B0707E3F6DC47E3F580E7F3F6D4E7F3F9A
:10FF0000AB847F3F0FB17F3F97D37F3F43EC7F3F71
:10FF100011FB7F3F0000803F11FB7F3F43EC7F3FA1
:10FF200097D37F3F0FB17F3FAB847F3F6D4E7F3FC5
:10FF3000580E7F3F6DC47E3FB0707E3F23137E3FDF
:10FF4000CCAB7D3FAC3A7D3FC9BF7C3F283B7C3F7B
:10FF5000CDAC7B3FBE147B3F02737A3F9DC7793F98
:10FF60009812793FF853783FC58B773F07BA763FB1
:10FF7000C6DE753F0BFA743FDD0B743F4714733FC9
:10FF80005213723F0809713F73F56F3F9ED86E3F61
:10FF900093B26D3F5E836C3F0C4B6B3FA7096A3F8A
:10FFA0003CBF683FD86B673F880F663F59AA643FE4
:10FFB0005A3C633F97C5613F2146603F05BE5E3FA7
:10FFC000532D5D3F1A945B3F6AF2593F5348583FA7
:10FFD000E595563F31DB543F4918533F3D4D513F66
:10FFE000207A4F3F029F4D3FF8BB4B3F12D1493F14
:10FFF00065DE473F03E4453F01E2433F70D8413FA0
:020000040801F1
:1000000067C73F3FF9AE3D3F3B8F3B3F4268393FBB
:10001000233A373FF304353FC9C8323FBB85303FF1
:10002000DE3B2E3F4AEB2B3F1594293F5636273FA8
:1000300025D2243F9967223FCBF61F3FD17F1D3F3A
:10004000C6021B3FC07F183FD9F6153F2A68133FF1
:10005000CDD3103FDA390E3F6B9A0B3F9BF5083F2B
:10006000824B063F3D9C033FE4E7003F275DFC3E9B
:10007000CBE0F63EEA5AF13EBBCBEB3E7533E63EB3
:100080004F92E03E80E8DA3E4136D53ECA7BCF3E15
:1000900053B9C93E15EFC33E491DBE3E2A44B83E82
:1000A000EF63B23ED47CAC3E128FA63EE59AA03EF2
:1000B00086A09A3E32A0943E229A8E3E938E883E2F
:1000C000C07D823ECCCF783E7F9A6C3E135C603E12
:1000D0000115543EC2C5473ECF6E3B3EA2102F3E97
:1000E000B5AB223E8340163E87CF093E73B2FA3D40
:1000F0002FBCE13D36BDC83D80B6AF3D04A9963D5D
:10010000752B7B3D2EFB483D2BC3163DB10AC93CE8
:10011000920E493C00000000920E49BCB10AC9BCD5
:100120002BC316BD2EFB48BD752B7BBD04A996BD08
:1001300080B6AFBD36BDC8BD2FBCE1BD73B2FABD40
:1001400087CF09BE834016BEB5AB22BEA2102FBE1C
:10015000CF6E3BBEC2C547BE011554BE135C60BE28
:100160007F9A6CBECCCF78BEC07D82BE938E88BE97
:10017000229A8EBE32A094BE86A09ABEE59AA0BEF8
:10018000128FA6BED47CACBEEF63B2BE2A44B8BE0A
:10019000491DBEBE15EFC3BE53B9C9BECA7BCFBE93
:1001A0004136D5BE80E8DABE4F92E0BE7533E6BE7A
:1001B000BBCBEBBEEA5AF1BECBE0F6BE275DFCBE80
:1001C000E4E700BF3D9C03BF824B06BF9BF508BF21
:1001D0006B9A0BBFDA390EBFCDD310BF2A6813BF9D
:1001E000D9F615BFC07F18BFC6021BBFD17F1DBF88
:1001F000CBF61FBF996722BF25D224BF563627BF33
:10020000159429BF4AEB2BBFDE3B2EBFBB8530BF09
:10021000C9C832BFF30435BF233A37BF426839BF7C
:100220003B8F3BBFF9AE3DBF67C73FBF70D841BFF3
:1002300001E243BF03E445BF65DE47BF12D149BFBA
:10024000F8BB4BBF029F4DBF207A4FBF3D4D51BF02
:10025000491853BF31DB54BFE59556BF534858BFCB
:100260006AF259BF1A945BBF532D5DBF05BE5EBFD6
:10027000214660BF97C561BF5A3C63BF59AA64BF9E
:10028000880F66BFD86B67BF3CBF68BFA7096ABF4E
:100290000C4B6BBF5E836CBF93B26DBF9ED86EBFBD
:1002A00073F56FBF080971BF521372BF471473BF54
:1002B000DD0B74BF0BFA74BFC6DE75BF07BA76BF1D
:1002C000C58B77BFF85378BF981279BF9DC779BFA8
:1002D00002737ABFBE147BBFCDAC7BBF283B7CBF13
:1002E000C9BF7CBFAC3A7DBFCCAB7DBF23137EBF03
:1002F000B0707EBF6DC47EBF580E7FBF6D4E7FBF96
:10030000AB847FBF0FB17FBF97D37FBF43EC7FBF6D
:1003100011FB7FBF000080BF11FB7FBF43EC7FBF9D
:1003200097D37FBF0FB17FBFAB847FBF6D4E7FBFC1
:10033000580E7FBF6DC47EBFB0707EBF23137EBFDB
:10034000CCAB7DBFAC3A7DBFC9BF7CBF283B7CBF77
:10035000CDAC7BBFBE147BBF02737ABF9DC779BF94
:10036000981279BFF85378BFC58B77BF07BA76BFAD
:10037000C6DE75BF0BFA74BFDD0B74BF471473BFC5
:10038000521372BF080971BF73F56FBF9ED86EBF5D
:1003900093B26DBF5E836CBF0C4B6BBFA7096ABF86
:1003A0003CBF68BFD86B67BF880F66BF59AA64BFE0
:1003B0005A3C63BF97C561BF214660BF05BE5EBFA3
:1003C000532D5DBF1A945BBF6AF259BF534858BFA3
:1003D000E59556BF31DB54BF491853BF3D4D51BF62
:1003E000207A4FBF029F4DBFF8BB4BBF12D149BF10
:1003F00065DE47BF03E445BF01E243BF70D841BF9C
:1004000067C73FBFF9AE3DBF3B8F3BBF426839BFB7
:10041000233A37BFF30435BFC9C832BFBB8530BFED
:10042000DE3B2EBF4AEB2BBF159429BF563627BFA4
:1004300025D224BF996722BFCBF61FBFD17F1DBF36
:10044000C6021BBFC07F18BFD9F615BF2A6813BFED
:10045000CDD310BFDA390EBF6B9A0BBF9BF508BF27
:10046000824B06BF3D9C03BFE4E700BF275DFCBE97
:10047000CBE0F6BEEA5AF1BEBBCBEBBE7533E6BEAF
:100480004F92E0BE80E8DABE4136D5BECA7BCFBE11
:1004900053B9C9BE15EFC3BE491DBEBE2A44B8BE7E
:1004A000EF63B2BED47CACBE128FA6BEE59AA0BEEE
:1004B00086A09ABE32A094BE229A8EBE938E88BE2B
:1004C000C07D82BECCCF78BE7F9A6CBE135C60BE0E
:1004D000011554BEC2C547BECF6E3BBEA2102FBE93
:1004E000B5AB22BE834016BE87CF09BE73B2FABD3C
:1004F0002FBCE1BD36BDC8BD80B6AFBD04A996BD59
:10050000752B7BBD2EFB48BD2BC316BDB10AC9BCE4
:10051000920E49BC000000804C5555555555A53FDD
:100520007751C1166CC156BF9015CB19A001FA3E88
:10053000AD529C804F7E92BEC4B1B4BD9EEE213EB2
:10054000D43888BEE9FAA8BD00004054FB21F93F29
:100550003163621A61B4D03D0000601A61B4D03DCD
:100560007370032E8A19A33B0000002E8A19A33B47
:10057000C14920259A837B3900000000000000005B
:100580006E83F9A22915444ED15727FCC0DD34F5FE
:10059000999562DB4190433CAB6351FE61C5BBDE84
:1005A0003A6E24B7E0D24D42EA2E49061C92D10998
:1005B0001CEB1DFE3EA729B1F53582E88444BB2E15
:1005C00026709CE9417E5FB439D69139F439538362
:1005D0008B5F849C3B28F9BDFF97F81F0F9805DEC1
:1005E0008B112FEF1F6D0A5ACF7E366DB709CB27BF
:1005F000663F464F2DEA5F9EC7BA27757BF1E5EB54
:10060000F739073DEA92528AB15FFB6B085D8D1F97
:10061000A6F810111111813FD561C119A0012ABF9F
:100620007DFEB157E31DC73EEB9C2B8AE6E55ABE23
:100630007CD5CF5A3AD9E53D436865636B5F546119
:10064000736B000047696D62616C5F5461736B008E
:1006500041696D5F5461736B00000000426F61720D
:10066000645F43616E5F5461736B0000496E735F3A
:100670005461736B000000004C696D69745F5461D4
:10068000736B0000A406010800000020A006000013
:10069000C401000838080108A006002068B6000060
:1006A0002002000801281381A21B08B1041ABD040E
:1006B0001AE5041311A31B0861081A8D041704031B
:1006C0000904120114020202164083044057260254
:1006D00001020301031A1A031BC10D4C19041AB9B4
:1006E000041AE50413050E1A083311821003752449
:1006F000F41AAA0179F4130182130A0632022A407D
:100700009C1C090243DB1125C03209041B01020BAA
:100710001305241610010524011009010424020206
:100720000524061701070582030815100904013383
:10073000020A2E0705010240072A81071113D99EDC
:100740001408499D14087FA042081ADD0C13959CDB
:100750001B080B08C11A5D281A21041A9D041A15DA
:10076000043119834370170009103333EB3A58A052
:100770008B3A157D04017C100F0240AB034101054B
:100780005308065804070F160810810911160A1598
:10079000800B1605320C18010D1A40B729041159A7
:1007A000040B14803F1C2918691C3908091134797D
:1007B00024091118A914092A30290439847995C902
:1007C00018A904092AC4691C094AC4A9A8E918E996
:1007D0001CE9C46930E9D06918691C0912E40916DA
:1007E0009CA988A9040120A990E980A984A970A9DD
:1007F000E041034720421B0101040124400D6FA08A
:100800003C3C6C93EA3C29346E3E7808DDB5043DEF
:100810000E2B1C98D80852B81AC0295C4FA8015F4B
:1008200008081250C347CDCCCC3D0409531C110B12
:080830001AC8421C01900000EF
:040000050800018965
:00000001FF
